#
# There is insufficient memory for the Java Runtime Environment to continue.
# Native memory allocation (mmap) failed to map 154140672 bytes. Error detail: G1 virtual space
# Possible reasons:
#   The system is out of physical RAM or swap space
#   This process is running with CompressedOops enabled, and the Java Heap may be blocking the growth of the native heap
# Possible solutions:
#   Reduce memory load on the system
#   Increase physical memory or swap space
#   Check if swap backing store is full
#   Decrease Java heap size (-Xmx/-Xms)
#   Decrease number of Java threads
#   Decrease Java thread stack sizes (-Xss)
#   Set larger code cache with -XX:ReservedCodeCacheSize=
#   JVM is running with Unscaled Compressed Oops mode in which the Java heap is
#     placed in the first 4GB address space. The Java Heap base address is the
#     maximum limit for the native heap growth. Please use -XX:HeapBaseMinAddress
#     to set the Java Heap base and to place the Java Heap above 4GB virtual address.
# This output file may be truncated or incomplete.
#
#  Out of Memory Error (os_windows.cpp:3926), pid=10392, tid=9920
#
# JRE version: OpenJDK Runtime Environment (21.0.10) (build 21.0.10+-14961533-b1163.108)
# Java VM: OpenJDK 64-Bit Server VM (21.0.10+-14961533-b1163.108, mixed mode, tiered, compressed oops, compressed class ptrs, g1 gc, windows-amd64)
# No core dump will be written. Minidumps are not enabled by default on client versions of Windows
#

---------------  S U M M A R Y ------------

Command Line: --add-opens=java.base/java.lang=ALL-UNNAMED --add-opens=java.base/java.lang.invoke=ALL-UNNAMED --add-opens=java.base/java.util=ALL-UNNAMED --add-opens=java.prefs/java.util.prefs=ALL-UNNAMED --add-exports=jdk.compiler/com.sun.tools.javac.api=ALL-UNNAMED --add-exports=jdk.compiler/com.sun.tools.javac.util=ALL-UNNAMED --add-opens=java.base/java.util=ALL-UNNAMED --add-opens=java.prefs/java.util.prefs=ALL-UNNAMED --add-opens=java.base/java.nio.charset=ALL-UNNAMED --add-opens=java.base/java.net=ALL-UNNAMED --add-opens=java.base/java.util.concurrent=ALL-UNNAMED --add-opens=java.base/java.util.concurrent.atomic=ALL-UNNAMED --add-opens=java.xml/javax.xml.namespace=ALL-UNNAMED --add-opens=java.base/java.time=ALL-UNNAMED -Xmx2048m -Dfile.encoding=UTF-8 -Duser.country=RU -Duser.language=ru -Duser.variant -javaagent:C:\Users\Administrator\.gradle\wrapper\dists\gradle-9.4.1-bin\arn2x92ynaizyzdaamcbpbhtj\gradle-9.4.1\lib\agents\gradle-instrumentation-agent-9.4.1.jar org.gradle.launcher.daemon.bootstrap.GradleDaemon 9.4.1

Host: 12th Gen Intel(R) Core(TM) i5-12400F, 12 cores, 15G,  Windows 10 , 64 bit Build 19041 (10.0.19041.5915)
Time: Mon May 25 00:33:32 2026 elapsed time: 8.753880 seconds (0d 0h 0m 8s)

---------------  T H R E A D  ---------------

Current thread (0x000001ef7dc24a40):  VMThread "VM Thread"          [id=9920, stack(0x00000078e0100000,0x00000078e0200000) (1024K)]

Stack: [0x00000078e0100000,0x00000078e0200000]
Native frames: (J=compiled Java code, j=interpreted, Vv=VM code, C=native code)
V  [jvm.dll+0x6d78a9]
V  [jvm.dll+0x8665b3]
V  [jvm.dll+0x868bde]
V  [jvm.dll+0x8692c3]
V  [jvm.dll+0x280ee6]
V  [jvm.dll+0x6d4165]
V  [jvm.dll+0x6c77fa]
V  [jvm.dll+0x358f4b]
V  [jvm.dll+0x360bc6]
V  [jvm.dll+0x3b2ea6]
V  [jvm.dll+0x3b3178]
V  [jvm.dll+0x32b65c]
V  [jvm.dll+0x32b6e7]
V  [jvm.dll+0x3715cc]
V  [jvm.dll+0x36fd7e]
V  [jvm.dll+0x32adb1]
V  [jvm.dll+0x36f7ab]
V  [jvm.dll+0x86f048]
V  [jvm.dll+0x870394]
V  [jvm.dll+0x8708d0]
V  [jvm.dll+0x870b63]
V  [jvm.dll+0x80fd28]
V  [jvm.dll+0x6d60fd]
C  [ucrtbase.dll+0x21bb2]
C  [KERNEL32.DLL+0x17374]
C  [ntdll.dll+0x4cc91]

VM_Operation (0x00000078e1ff47a0): G1TryInitiateConcMark, mode: safepoint, requested by thread 0x000001ef7f567aa0


---------------  P R O C E S S  ---------------

Threads class SMR info:
_java_thread_list=0x000001ef15b5a540, length=58, elements={
0x000001ef74f429a0, 0x000001ef7dcb90e0, 0x000001ef7dccc390, 0x000001ef7dccfe10,
0x000001ef7dcd3ea0, 0x000001ef7dcd4900, 0x000001ef7dcdf570, 0x000001ef7dce1fe0,
0x000001ef7dce6270, 0x000001ef7dceed20, 0x000001ef7dfc0640, 0x000001ef14a3f940,
0x000001ef13724bf0, 0x000001ef13161350, 0x000001ef13d6c610, 0x000001ef13525950,
0x000001ef141bef10, 0x000001ef7f567aa0, 0x000001ef7edf8da0, 0x000001ef7edfae70,
0x000001ef7edf9ac0, 0x000001ef7edfb500, 0x000001ef7edfa150, 0x000001ef7edf8080,
0x000001ef149d2300, 0x000001ef149d5e10, 0x000001ef149d3020, 0x000001ef149d36b0,
0x000001ef149d43d0, 0x000001ef149d7ee0, 0x000001ef149d64a0, 0x000001ef149d3d40,
0x000001ef149d4a60, 0x000001ef149d50f0, 0x000001ef149d6b30, 0x000001ef149d8570,
0x000001ef149d71c0, 0x000001ef149d8c00, 0x000001ef149d2990, 0x000001ef149d7850,
0x000001ef149d9920, 0x000001ef14dab390, 0x000001ef14db0f70, 0x000001ef14db1600,
0x000001ef14db1c90, 0x000001ef14dae180, 0x000001ef14dad460, 0x000001ef14db2320,
0x000001ef14db29b0, 0x000001ef14daba20, 0x000001ef14dac0b0, 0x000001ef14dae810,
0x000001ef14db08e0, 0x000001ef14dadaf0, 0x000001ef14daeea0, 0x000001ef14daf530,
0x000001ef1bde2860, 0x000001ef1b86b030
}

Java Threads: ( => current thread )
  0x000001ef74f429a0 JavaThread "main"                              [_thread_blocked, id=4060, stack(0x00000078dfa00000,0x00000078dfb00000) (1024K)]
  0x000001ef7dcb90e0 JavaThread "Common-Cleaner"             daemon [_thread_blocked, id=17840, stack(0x00000078e0200000,0x00000078e0300000) (1024K)]
  0x000001ef7dccc390 JavaThread "Reference Handler"          daemon [_thread_blocked, id=8912, stack(0x00000078e0300000,0x00000078e0400000) (1024K)]
  0x000001ef7dccfe10 JavaThread "Finalizer"                  daemon [_thread_blocked, id=13224, stack(0x00000078e0400000,0x00000078e0500000) (1024K)]
  0x000001ef7dcd3ea0 JavaThread "Signal Dispatcher"          daemon [_thread_blocked, id=17800, stack(0x00000078e0500000,0x00000078e0600000) (1024K)]
  0x000001ef7dcd4900 JavaThread "Attach Listener"            daemon [_thread_blocked, id=16260, stack(0x00000078e0600000,0x00000078e0700000) (1024K)]
  0x000001ef7dcdf570 JavaThread "Service Thread"             daemon [_thread_blocked, id=288, stack(0x00000078e0700000,0x00000078e0800000) (1024K)]
  0x000001ef7dce1fe0 JavaThread "Monitor Deflation Thread"   daemon [_thread_blocked, id=3088, stack(0x00000078e0800000,0x00000078e0900000) (1024K)]
  0x000001ef7dce6270 JavaThread "C2 CompilerThread0"         daemon [_thread_blocked, id=4024, stack(0x00000078e0900000,0x00000078e0a00000) (1024K)]
  0x000001ef7dceed20 JavaThread "C1 CompilerThread0"         daemon [_thread_blocked, id=16960, stack(0x00000078e0a00000,0x00000078e0b00000) (1024K)]
  0x000001ef7dfc0640 JavaThread "Notification Thread"        daemon [_thread_blocked, id=2392, stack(0x00000078e0b00000,0x00000078e0c00000) (1024K)]
  0x000001ef14a3f940 JavaThread "Daemon health stats"               [_thread_blocked, id=19252, stack(0x00000078e1300000,0x00000078e1400000) (1024K)]
  0x000001ef13724bf0 JavaThread "Incoming local TCP Connector on port 63984"        [_thread_in_native, id=11600, stack(0x00000078e1400000,0x00000078e1500000) (1024K)]
  0x000001ef13161350 JavaThread "Daemon periodic checks"            [_thread_blocked, id=13296, stack(0x00000078e1500000,0x00000078e1600000) (1024K)]
  0x000001ef13d6c610 JavaThread "Daemon"                            [_thread_blocked, id=17228, stack(0x00000078e1600000,0x00000078e1700000) (1024K)]
  0x000001ef13525950 JavaThread "Handler for socket connection from /127.0.0.1:63984 to /127.0.0.1:63985"        [_thread_in_native, id=18004, stack(0x00000078e1700000,0x00000078e1800000) (1024K)]
  0x000001ef141bef10 JavaThread "Cancel handler"                    [_thread_blocked, id=7848, stack(0x00000078e1e00000,0x00000078e1f00000) (1024K)]
  0x000001ef7f567aa0 JavaThread "Daemon worker"                     [_thread_blocked, id=13156, stack(0x00000078e1f00000,0x00000078e2000000) (1024K)]
  0x000001ef7edf8da0 JavaThread "Asynchronous log dispatcher for DefaultDaemonConnection: socket connection from /127.0.0.1:63984 to /127.0.0.1:63985"        [_thread_blocked, id=17304, stack(0x00000078e2000000,0x00000078e2100000) (1024K)]
  0x000001ef7edfae70 JavaThread "Stdin handler"                     [_thread_blocked, id=6060, stack(0x00000078e2100000,0x00000078e2200000) (1024K)]
  0x000001ef7edf9ac0 JavaThread "Daemon client event forwarder"        [_thread_blocked, id=10108, stack(0x00000078e2200000,0x00000078e2300000) (1024K)]
  0x000001ef7edfb500 JavaThread "Cache worker for journal cache (C:\Users\Administrator\.gradle\caches\journal-1)"        [_thread_blocked, id=13988, stack(0x00000078e2300000,0x00000078e2400000) (1024K)]
  0x000001ef7edfa150 JavaThread "File lock request listener"        [_thread_in_native, id=13536, stack(0x00000078e2400000,0x00000078e2500000) (1024K)]
  0x000001ef7edf8080 JavaThread "Cache worker for file hash cache (C:\Users\Administrator\.gradle\caches\9.4.1\fileHashes)"        [_thread_blocked, id=16336, stack(0x00000078e2500000,0x00000078e2600000) (1024K)]
  0x000001ef149d2300 JavaThread "Cache worker for file hash cache (D:\HomeSmartPractice\.gradle\9.4.1\fileHashes)"        [_thread_blocked, id=2208, stack(0x00000078e2600000,0x00000078e2700000) (1024K)]
  0x000001ef149d5e10 JavaThread "Cache worker for Build Output Cleanup Cache (D:\HomeSmartPractice\.gradle\buildOutputCleanup)"        [_thread_blocked, id=10396, stack(0x00000078e2700000,0x00000078e2800000) (1024K)]
  0x000001ef149d3020 JavaThread "File watcher server"        daemon [_thread_in_native, id=7900, stack(0x00000078e2800000,0x00000078e2900000) (1024K)]
  0x000001ef149d36b0 JavaThread "File watcher consumer"      daemon [_thread_blocked, id=19048, stack(0x00000078e2900000,0x00000078e2a00000) (1024K)]
  0x000001ef149d43d0 JavaThread "jar transforms"                    [_thread_blocked, id=16780, stack(0x00000078e2a00000,0x00000078e2b00000) (1024K)]
  0x000001ef149d7ee0 JavaThread "jar transforms Thread 2"           [_thread_blocked, id=11380, stack(0x00000078e2b00000,0x00000078e2c00000) (1024K)]
  0x000001ef149d64a0 JavaThread "jar transforms Thread 3"           [_thread_blocked, id=7248, stack(0x00000078e2c00000,0x00000078e2d00000) (1024K)]
  0x000001ef149d3d40 JavaThread "jar transforms Thread 4"           [_thread_blocked, id=18560, stack(0x00000078e2d00000,0x00000078e2e00000) (1024K)]
  0x000001ef149d4a60 JavaThread "jar transforms Thread 5"           [_thread_blocked, id=9200, stack(0x00000078e2e00000,0x00000078e2f00000) (1024K)]
  0x000001ef149d50f0 JavaThread "jar transforms Thread 6"           [_thread_blocked, id=12396, stack(0x00000078e2f00000,0x00000078e3000000) (1024K)]
  0x000001ef149d6b30 JavaThread "jar transforms Thread 7"           [_thread_blocked, id=6404, stack(0x00000078e3000000,0x00000078e3100000) (1024K)]
  0x000001ef149d8570 JavaThread "jar transforms Thread 8"           [_thread_blocked, id=19412, stack(0x00000078e3100000,0x00000078e3200000) (1024K)]
  0x000001ef149d71c0 JavaThread "jar transforms Thread 9"           [_thread_blocked, id=16360, stack(0x00000078e3200000,0x00000078e3300000) (1024K)]
  0x000001ef149d8c00 JavaThread "jar transforms Thread 10"          [_thread_blocked, id=19100, stack(0x00000078e3300000,0x00000078e3400000) (1024K)]
  0x000001ef149d2990 JavaThread "jar transforms Thread 11"          [_thread_blocked, id=1192, stack(0x00000078e3400000,0x00000078e3500000) (1024K)]
  0x000001ef149d7850 JavaThread "jar transforms Thread 12"          [_thread_blocked, id=8576, stack(0x00000078e3500000,0x00000078e3600000) (1024K)]
  0x000001ef149d9920 JavaThread "Cache worker for file content cache (C:\Users\Administrator\.gradle\caches\9.4.1\fileContent)"        [_thread_blocked, id=16552, stack(0x00000078e3600000,0x00000078e3700000) (1024K)]
  0x000001ef14dab390 JavaThread "Cache worker for checksums cache (D:\HomeSmartPractice\.gradle\9.4.1\checksums)"        [_thread_blocked, id=9780, stack(0x00000078e3700000,0x00000078e3800000) (1024K)]
  0x000001ef14db0f70 JavaThread "Cache worker for cache directory md-supplier (C:\Users\Administrator\.gradle\caches\9.4.1\md-supplier)"        [_thread_blocked, id=14816, stack(0x00000078e3800000,0x00000078e3900000) (1024K)]
  0x000001ef14db1600 JavaThread "Cache worker for cache directory md-rule (C:\Users\Administrator\.gradle\caches\9.4.1\md-rule)"        [_thread_blocked, id=2596, stack(0x00000078e3900000,0x00000078e3a00000) (1024K)]
  0x000001ef14db1c90 JavaThread "Build operations"                  [_thread_blocked, id=15028, stack(0x00000078e3a00000,0x00000078e3b00000) (1024K)]
  0x000001ef14dae180 JavaThread "Build operations Thread 2"         [_thread_blocked, id=17368, stack(0x00000078e3b00000,0x00000078e3c00000) (1024K)]
  0x000001ef14dad460 JavaThread "Build operations Thread 3"         [_thread_blocked, id=15532, stack(0x00000078e3c00000,0x00000078e3d00000) (1024K)]
  0x000001ef14db2320 JavaThread "Build operations Thread 4"         [_thread_blocked, id=1252, stack(0x00000078e3d00000,0x00000078e3e00000) (1024K)]
  0x000001ef14db29b0 JavaThread "Build operations Thread 5"         [_thread_blocked, id=14368, stack(0x00000078e3e00000,0x00000078e3f00000) (1024K)]
  0x000001ef14daba20 JavaThread "Build operations Thread 6"         [_thread_blocked, id=3784, stack(0x00000078e3f00000,0x00000078e4000000) (1024K)]
  0x000001ef14dac0b0 JavaThread "Build operations Thread 7"         [_thread_blocked, id=16116, stack(0x00000078e4000000,0x00000078e4100000) (1024K)]
  0x000001ef14dae810 JavaThread "Build operations Thread 8"         [_thread_blocked, id=19200, stack(0x00000078e4100000,0x00000078e4200000) (1024K)]
  0x000001ef14db08e0 JavaThread "Build operations Thread 9"         [_thread_blocked, id=14008, stack(0x00000078e4200000,0x00000078e4300000) (1024K)]
  0x000001ef14dadaf0 JavaThread "Build operations Thread 10"        [_thread_blocked, id=17104, stack(0x00000078e4300000,0x00000078e4400000) (1024K)]
  0x000001ef14daeea0 JavaThread "Build operations Thread 11"        [_thread_blocked, id=12120, stack(0x00000078e4400000,0x00000078e4500000) (1024K)]
  0x000001ef14daf530 JavaThread "Build operations Thread 12"        [_thread_blocked, id=18340, stack(0x00000078e4500000,0x00000078e4600000) (1024K)]
  0x000001ef1bde2860 JavaThread "C2 CompilerThread1"         daemon [_thread_blocked, id=17608, stack(0x00000078e0c00000,0x00000078e0d00000) (1024K)]
  0x000001ef1b86b030 JavaThread "C2 CompilerThread2"         daemon [_thread_blocked, id=14364, stack(0x00000078e0d00000,0x00000078e0e00000) (1024K)]
Total: 58

Other Threads:
=>0x000001ef7dc24a40 VMThread "VM Thread"                           [id=9920, stack(0x00000078e0100000,0x00000078e0200000) (1024K)]
  0x000001ef7daa78c0 WatcherThread "VM Periodic Task Thread"        [id=7788, stack(0x00000078e0000000,0x00000078e0100000) (1024K)]
  0x000001ef74f998a0 WorkerThread "GC Thread#0"                     [id=18508, stack(0x00000078dfb00000,0x00000078dfc00000) (1024K)]
  0x000001ef7e6ad030 WorkerThread "GC Thread#1"                     [id=17616, stack(0x00000078e0e00000,0x00000078e0f00000) (1024K)]
  0x000001ef7e73c930 WorkerThread "GC Thread#2"                     [id=18348, stack(0x00000078e0f00000,0x00000078e1000000) (1024K)]
  0x000001ef7e73d0e0 WorkerThread "GC Thread#3"                     [id=10040, stack(0x00000078e1000000,0x00000078e1100000) (1024K)]
  0x000001ef7eb3dfd0 WorkerThread "GC Thread#4"                     [id=9344, stack(0x00000078e1100000,0x00000078e1200000) (1024K)]
  0x000001ef7eb3e750 WorkerThread "GC Thread#5"                     [id=2284, stack(0x00000078e1200000,0x00000078e1300000) (1024K)]
  0x000001ef14cb5a40 WorkerThread "GC Thread#6"                     [id=19228, stack(0x00000078e1800000,0x00000078e1900000) (1024K)]
  0x000001ef14cb61a0 WorkerThread "GC Thread#7"                     [id=1856, stack(0x00000078e1900000,0x00000078e1a00000) (1024K)]
  0x000001ef14cb5690 WorkerThread "GC Thread#8"                     [id=19044, stack(0x00000078e1a00000,0x00000078e1b00000) (1024K)]
  0x000001ef14cb4b80 WorkerThread "GC Thread#9"                     [id=12672, stack(0x00000078e1b00000,0x00000078e1c00000) (1024K)]
  0x000001ef74fab7c0 ConcurrentGCThread "G1 Main Marker"            [id=10948, stack(0x00000078dfc00000,0x00000078dfd00000) (1024K)]
  0x000001ef74fac820 WorkerThread "G1 Conc#0"                       [id=14304, stack(0x00000078dfd00000,0x00000078dfe00000) (1024K)]
  0x000001ef14cb4f30 WorkerThread "G1 Conc#1"                       [id=17576, stack(0x00000078e1c00000,0x00000078e1d00000) (1024K)]
  0x000001ef14cb52e0 WorkerThread "G1 Conc#2"                       [id=14948, stack(0x00000078e1d00000,0x00000078e1e00000) (1024K)]
  0x000001ef7500ea60 ConcurrentGCThread "G1 Refine#0"               [id=17764, stack(0x00000078dfe00000,0x00000078dff00000) (1024K)]
  0x000001ef7d9786b0 ConcurrentGCThread "G1 Service"                [id=17308, stack(0x00000078dff00000,0x00000078e0000000) (1024K)]
Total: 18

Threads with active compile tasks:
C2 CompilerThread0  8847 13763       4       com.google.common.collect.MapMakerInternalMap::putIfAbsent (29 bytes)
C2 CompilerThread1  8847 13762   !   4       java.util.zip.ZipFile$ZipFileInflaterInputStream::close (67 bytes)
C2 CompilerThread2  8847 13769       4       java.util.zip.ZipFile$Source::initCEN (612 bytes)
Total: 3

VM state: at safepoint (normal execution)

VM Mutex/Monitor currently owned by a thread:  ([mutex/lock_event])
[0x00007ffbccb886d0] Threads_lock - owner thread: 0x000001ef7dc24a40
[0x00007ffbccb887d0] Heap_lock - owner thread: 0x000001ef7f567aa0

Heap address: 0x0000000080000000, size: 2048 MB, Compressed Oops mode: 32-bit

CDS archive(s) not mapped
Compressed class space mapped at: 0x0000000100000000-0x0000000140000000, reserved size: 1073741824
Narrow klass base: 0x0000000000000000, Narrow klass shift: 3, Narrow klass range: 0x140000000

GC Precious Log:
 CardTable entry size: 512
 Card Set container configuration: InlinePtr #cards 5 size 8 Array Of Cards #cards 12 size 40 Howl #buckets 4 coarsen threshold 1843 Howl Bitmap #cards 512 size 80 coarsen threshold 460 Card regions per heap region 1 cards per card region 2048
 CPUs: 12 total, 12 available
 Memory: 16225M
 Large Page Support: Disabled
 NUMA Support: Disabled
 Compressed Oops: Enabled (32-bit)
 Heap Region Size: 1M
 Heap Min Capacity: 8M
 Heap Initial Capacity: 254M
 Heap Max Capacity: 2G
 Pre-touch: Disabled
 Parallel Workers: 10
 Concurrent Workers: 3
 Concurrent Refinement Workers: 10
 Periodic GC: Disabled

Heap:
 garbage-first heap   total 338944K, used 220426K [0x0000000080000000, 0x0000000100000000)
  region size 1024K, 2 young (2048K), 2 survivors (2048K)
 Metaspace       used 140590K, committed 142656K, reserved 1179648K
  class space    used 18474K, committed 19456K, reserved 1048576K

Heap Regions: E=young(eden), S=young(survivor), O=old, HS=humongous(starts), HC=humongous(continues), CS=collection set, F=free, TAMS=top-at-mark-start, PB=parsable bottom
|   0|0x0000000080000000, 0x0000000080100000, 0x0000000080100000|100%|HS|  |TAMS 0x0000000080100000| PB 0x0000000080000000| Complete 
|   1|0x0000000080100000, 0x0000000080200000, 0x0000000080200000|100%|HC|  |TAMS 0x0000000080200000| PB 0x0000000080100000| Complete 
|   2|0x0000000080200000, 0x0000000080300000, 0x0000000080300000|100%|HC|  |TAMS 0x0000000080300000| PB 0x0000000080200000| Complete 
|   3|0x0000000080300000, 0x0000000080400000, 0x0000000080400000|100%|HC|  |TAMS 0x0000000080400000| PB 0x0000000080300000| Complete 
|   4|0x0000000080400000, 0x0000000080500000, 0x0000000080500000|100%| O|  |TAMS 0x0000000080500000| PB 0x0000000080400000| Untracked 
|   5|0x0000000080500000, 0x0000000080600000, 0x0000000080600000|100%| O|  |TAMS 0x0000000080600000| PB 0x0000000080500000| Untracked 
|   6|0x0000000080600000, 0x0000000080700000, 0x0000000080700000|100%| O|  |TAMS 0x0000000080700000| PB 0x0000000080600000| Untracked 
|   7|0x0000000080700000, 0x0000000080800000, 0x0000000080800000|100%| O|  |TAMS 0x0000000080800000| PB 0x0000000080700000| Untracked 
|   8|0x0000000080800000, 0x0000000080900000, 0x0000000080900000|100%| O|  |TAMS 0x0000000080900000| PB 0x0000000080800000| Untracked 
|   9|0x0000000080900000, 0x0000000080a00000, 0x0000000080a00000|100%| O|  |TAMS 0x0000000080a00000| PB 0x0000000080900000| Untracked 
|  10|0x0000000080a00000, 0x0000000080b00000, 0x0000000080b00000|100%| O|  |TAMS 0x0000000080b00000| PB 0x0000000080a00000| Untracked 
|  11|0x0000000080b00000, 0x0000000080c00000, 0x0000000080c00000|100%|HS|  |TAMS 0x0000000080c00000| PB 0x0000000080b00000| Complete 
|  12|0x0000000080c00000, 0x0000000080d00000, 0x0000000080d00000|100%| O|  |TAMS 0x0000000080d00000| PB 0x0000000080c00000| Untracked 
|  13|0x0000000080d00000, 0x0000000080e00000, 0x0000000080e00000|100%| O|  |TAMS 0x0000000080e00000| PB 0x0000000080d00000| Untracked 
|  14|0x0000000080e00000, 0x0000000080f00000, 0x0000000080f00000|100%| O|  |TAMS 0x0000000080f00000| PB 0x0000000080e00000| Untracked 
|  15|0x0000000080f00000, 0x0000000081000000, 0x0000000081000000|100%| O|  |TAMS 0x0000000081000000| PB 0x0000000080f00000| Untracked 
|  16|0x0000000081000000, 0x0000000081100000, 0x0000000081100000|100%| O|  |TAMS 0x0000000081100000| PB 0x0000000081000000| Untracked 
|  17|0x0000000081100000, 0x0000000081200000, 0x0000000081200000|100%| O|  |TAMS 0x0000000081200000| PB 0x0000000081100000| Untracked 
|  18|0x0000000081200000, 0x0000000081300000, 0x0000000081300000|100%| O|  |TAMS 0x0000000081300000| PB 0x0000000081200000| Untracked 
|  19|0x0000000081300000, 0x0000000081400000, 0x0000000081400000|100%| O|  |TAMS 0x0000000081400000| PB 0x0000000081300000| Untracked 
|  20|0x0000000081400000, 0x0000000081500000, 0x0000000081500000|100%| O|  |TAMS 0x0000000081500000| PB 0x0000000081400000| Untracked 
|  21|0x0000000081500000, 0x0000000081600000, 0x0000000081600000|100%| O|  |TAMS 0x0000000081600000| PB 0x0000000081500000| Untracked 
|  22|0x0000000081600000, 0x0000000081700000, 0x0000000081700000|100%| O|  |TAMS 0x0000000081700000| PB 0x0000000081600000| Untracked 
|  23|0x0000000081700000, 0x0000000081800000, 0x0000000081800000|100%|HS|  |TAMS 0x0000000081800000| PB 0x0000000081700000| Complete 
|  24|0x0000000081800000, 0x0000000081900000, 0x0000000081900000|100%|HC|  |TAMS 0x0000000081900000| PB 0x0000000081800000| Complete 
|  25|0x0000000081900000, 0x0000000081a00000, 0x0000000081a00000|100%|HC|  |TAMS 0x0000000081a00000| PB 0x0000000081900000| Complete 
|  26|0x0000000081a00000, 0x0000000081b00000, 0x0000000081b00000|100%|HC|  |TAMS 0x0000000081b00000| PB 0x0000000081a00000| Complete 
|  27|0x0000000081b00000, 0x0000000081c00000, 0x0000000081c00000|100%|HC|  |TAMS 0x0000000081c00000| PB 0x0000000081b00000| Complete 
|  28|0x0000000081c00000, 0x0000000081d00000, 0x0000000081d00000|100%|HC|  |TAMS 0x0000000081d00000| PB 0x0000000081c00000| Complete 
|  29|0x0000000081d00000, 0x0000000081e00000, 0x0000000081e00000|100%|HS|  |TAMS 0x0000000081e00000| PB 0x0000000081d00000| Complete 
|  30|0x0000000081e00000, 0x0000000081f00000, 0x0000000081f00000|100%|HC|  |TAMS 0x0000000081f00000| PB 0x0000000081e00000| Complete 
|  31|0x0000000081f00000, 0x0000000082000000, 0x0000000082000000|100%|HS|  |TAMS 0x0000000082000000| PB 0x0000000081f00000| Complete 
|  32|0x0000000082000000, 0x0000000082100000, 0x0000000082100000|100%|HS|  |TAMS 0x0000000082100000| PB 0x0000000082000000| Complete 
|  33|0x0000000082100000, 0x0000000082200000, 0x0000000082200000|100%|HC|  |TAMS 0x0000000082200000| PB 0x0000000082100000| Complete 
|  34|0x0000000082200000, 0x0000000082300000, 0x0000000082300000|100%|HC|  |TAMS 0x0000000082300000| PB 0x0000000082200000| Complete 
|  35|0x0000000082300000, 0x0000000082400000, 0x0000000082400000|100%|HC|  |TAMS 0x0000000082400000| PB 0x0000000082300000| Complete 
|  36|0x0000000082400000, 0x0000000082500000, 0x0000000082500000|100%|HC|  |TAMS 0x0000000082500000| PB 0x0000000082400000| Complete 
|  37|0x0000000082500000, 0x0000000082600000, 0x0000000082600000|100%|HC|  |TAMS 0x0000000082600000| PB 0x0000000082500000| Complete 
|  38|0x0000000082600000, 0x0000000082700000, 0x0000000082700000|100%|HS|  |TAMS 0x0000000082700000| PB 0x0000000082600000| Complete 
|  39|0x0000000082700000, 0x0000000082800000, 0x0000000082800000|100%|HC|  |TAMS 0x0000000082800000| PB 0x0000000082700000| Complete 
|  40|0x0000000082800000, 0x0000000082900000, 0x0000000082900000|100%|HS|  |TAMS 0x0000000082900000| PB 0x0000000082800000| Complete 
|  41|0x0000000082900000, 0x0000000082a00000, 0x0000000082a00000|100%| O|  |TAMS 0x0000000082a00000| PB 0x0000000082900000| Untracked 
|  42|0x0000000082a00000, 0x0000000082b00000, 0x0000000082b00000|100%| O|  |TAMS 0x0000000082b00000| PB 0x0000000082a00000| Untracked 
|  43|0x0000000082b00000, 0x0000000082c00000, 0x0000000082c00000|100%| O|  |TAMS 0x0000000082c00000| PB 0x0000000082b00000| Untracked 
|  44|0x0000000082c00000, 0x0000000082d00000, 0x0000000082d00000|100%|HS|  |TAMS 0x0000000082d00000| PB 0x0000000082c00000| Complete 
|  45|0x0000000082d00000, 0x0000000082e00000, 0x0000000082e00000|100%|HC|  |TAMS 0x0000000082e00000| PB 0x0000000082d00000| Complete 
|  46|0x0000000082e00000, 0x0000000082f00000, 0x0000000082f00000|100%| O|  |TAMS 0x0000000082f00000| PB 0x0000000082e00000| Untracked 
|  47|0x0000000082f00000, 0x0000000083000000, 0x0000000083000000|100%| O|  |TAMS 0x0000000083000000| PB 0x0000000082f00000| Untracked 
|  48|0x0000000083000000, 0x0000000083100000, 0x0000000083100000|100%| O|  |TAMS 0x0000000083100000| PB 0x0000000083000000| Untracked 
|  49|0x0000000083100000, 0x0000000083200000, 0x0000000083200000|100%| O|  |TAMS 0x0000000083200000| PB 0x0000000083100000| Untracked 
|  50|0x0000000083200000, 0x0000000083300000, 0x0000000083300000|100%| O|  |TAMS 0x0000000083300000| PB 0x0000000083200000| Untracked 
|  51|0x0000000083300000, 0x0000000083400000, 0x0000000083400000|100%| O|  |TAMS 0x0000000083400000| PB 0x0000000083300000| Untracked 
|  52|0x0000000083400000, 0x0000000083500000, 0x0000000083500000|100%| O|  |TAMS 0x0000000083500000| PB 0x0000000083400000| Untracked 
|  53|0x0000000083500000, 0x0000000083600000, 0x0000000083600000|100%| O|  |TAMS 0x0000000083600000| PB 0x0000000083500000| Untracked 
|  54|0x0000000083600000, 0x0000000083700000, 0x0000000083700000|100%| O|  |TAMS 0x0000000083700000| PB 0x0000000083600000| Untracked 
|  55|0x0000000083700000, 0x0000000083800000, 0x0000000083800000|100%| O|  |TAMS 0x0000000083800000| PB 0x0000000083700000| Untracked 
|  56|0x0000000083800000, 0x0000000083900000, 0x0000000083900000|100%| O|  |TAMS 0x0000000083900000| PB 0x0000000083800000| Untracked 
|  57|0x0000000083900000, 0x0000000083a00000, 0x0000000083a00000|100%| O|  |TAMS 0x0000000083a00000| PB 0x0000000083900000| Untracked 
|  58|0x0000000083a00000, 0x0000000083b00000, 0x0000000083b00000|100%| O|  |TAMS 0x0000000083b00000| PB 0x0000000083a00000| Untracked 
|  59|0x0000000083b00000, 0x0000000083c00000, 0x0000000083c00000|100%| O|  |TAMS 0x0000000083c00000| PB 0x0000000083b00000| Untracked 
|  60|0x0000000083c00000, 0x0000000083d00000, 0x0000000083d00000|100%| O|  |TAMS 0x0000000083d00000| PB 0x0000000083c00000| Untracked 
|  61|0x0000000083d00000, 0x0000000083e00000, 0x0000000083e00000|100%| O|  |TAMS 0x0000000083e00000| PB 0x0000000083d00000| Untracked 
|  62|0x0000000083e00000, 0x0000000083f00000, 0x0000000083f00000|100%| O|  |TAMS 0x0000000083f00000| PB 0x0000000083e00000| Untracked 
|  63|0x0000000083f00000, 0x0000000084000000, 0x0000000084000000|100%| O|  |TAMS 0x0000000084000000| PB 0x0000000083f00000| Untracked 
|  64|0x0000000084000000, 0x0000000084100000, 0x0000000084100000|100%| O|  |TAMS 0x0000000084100000| PB 0x0000000084000000| Untracked 
|  65|0x0000000084100000, 0x0000000084200000, 0x0000000084200000|100%| O|  |TAMS 0x0000000084200000| PB 0x0000000084100000| Untracked 
|  66|0x0000000084200000, 0x0000000084300000, 0x0000000084300000|100%|HS|  |TAMS 0x0000000084300000| PB 0x0000000084200000| Complete 
|  67|0x0000000084300000, 0x0000000084400000, 0x0000000084400000|100%| O|  |TAMS 0x0000000084300000| PB 0x0000000084300000| Untracked 
|  68|0x0000000084400000, 0x0000000084500000, 0x0000000084500000|100%| O|  |TAMS 0x0000000084500000| PB 0x0000000084400000| Untracked 
|  69|0x0000000084500000, 0x0000000084600000, 0x0000000084600000|100%| O|  |TAMS 0x0000000084600000| PB 0x0000000084500000| Untracked 
|  70|0x0000000084600000, 0x0000000084700000, 0x0000000084700000|100%| O|  |TAMS 0x0000000084700000| PB 0x0000000084600000| Untracked 
|  71|0x0000000084700000, 0x0000000084800000, 0x0000000084800000|100%| O|  |TAMS 0x0000000084800000| PB 0x0000000084700000| Untracked 
|  72|0x0000000084800000, 0x0000000084900000, 0x0000000084900000|100%| O|  |TAMS 0x0000000084900000| PB 0x0000000084800000| Untracked 
|  73|0x0000000084900000, 0x0000000084a00000, 0x0000000084a00000|100%| O|  |TAMS 0x0000000084a00000| PB 0x0000000084900000| Untracked 
|  74|0x0000000084a00000, 0x0000000084b00000, 0x0000000084b00000|100%| O|  |TAMS 0x0000000084a00000| PB 0x0000000084a00000| Untracked 
|  75|0x0000000084b00000, 0x0000000084c00000, 0x0000000084c00000|100%| O|  |TAMS 0x0000000084b00000| PB 0x0000000084b00000| Untracked 
|  76|0x0000000084c00000, 0x0000000084d00000, 0x0000000084d00000|100%| O|  |TAMS 0x0000000084c00000| PB 0x0000000084c00000| Untracked 
|  77|0x0000000084d00000, 0x0000000084e00000, 0x0000000084e00000|100%| O|  |TAMS 0x0000000084d00000| PB 0x0000000084d00000| Untracked 
|  78|0x0000000084e00000, 0x0000000084f00000, 0x0000000084f00000|100%| O|  |TAMS 0x0000000084e00000| PB 0x0000000084e00000| Untracked 
|  79|0x0000000084f00000, 0x0000000085000000, 0x0000000085000000|100%| O|  |TAMS 0x0000000084f00000| PB 0x0000000084f00000| Untracked 
|  80|0x0000000085000000, 0x0000000085100000, 0x0000000085100000|100%| O|  |TAMS 0x0000000085100000| PB 0x0000000085000000| Untracked 
|  81|0x0000000085100000, 0x0000000085200000, 0x0000000085200000|100%| O|  |TAMS 0x0000000085200000| PB 0x0000000085100000| Untracked 
|  82|0x0000000085200000, 0x0000000085300000, 0x0000000085300000|100%| O|  |TAMS 0x0000000085200000| PB 0x0000000085200000| Untracked 
|  83|0x0000000085300000, 0x0000000085400000, 0x0000000085400000|100%| O|  |TAMS 0x0000000085400000| PB 0x0000000085300000| Untracked 
|  84|0x0000000085400000, 0x0000000085500000, 0x0000000085500000|100%| O|  |TAMS 0x0000000085500000| PB 0x0000000085400000| Untracked 
|  85|0x0000000085500000, 0x0000000085600000, 0x0000000085600000|100%| O|  |TAMS 0x0000000085600000| PB 0x0000000085500000| Untracked 
|  86|0x0000000085600000, 0x0000000085700000, 0x0000000085700000|100%| O|  |TAMS 0x0000000085700000| PB 0x0000000085600000| Untracked 
|  87|0x0000000085700000, 0x0000000085800000, 0x0000000085800000|100%| O|  |TAMS 0x0000000085800000| PB 0x0000000085700000| Untracked 
|  88|0x0000000085800000, 0x0000000085900000, 0x0000000085900000|100%| O|  |TAMS 0x0000000085900000| PB 0x0000000085800000| Untracked 
|  89|0x0000000085900000, 0x0000000085a00000, 0x0000000085a00000|100%| O|  |TAMS 0x0000000085a00000| PB 0x0000000085900000| Untracked 
|  90|0x0000000085a00000, 0x0000000085b00000, 0x0000000085b00000|100%| O|  |TAMS 0x0000000085b00000| PB 0x0000000085a00000| Untracked 
|  91|0x0000000085b00000, 0x0000000085c00000, 0x0000000085c00000|100%| O|  |TAMS 0x0000000085b00000| PB 0x0000000085b00000| Untracked 
|  92|0x0000000085c00000, 0x0000000085d00000, 0x0000000085d00000|100%| O|  |TAMS 0x0000000085c00000| PB 0x0000000085c00000| Untracked 
|  93|0x0000000085d00000, 0x0000000085e00000, 0x0000000085e00000|100%| O|  |TAMS 0x0000000085e00000| PB 0x0000000085d00000| Untracked 
|  94|0x0000000085e00000, 0x0000000085f00000, 0x0000000085f00000|100%| O|  |TAMS 0x0000000085f00000| PB 0x0000000085e00000| Untracked 
|  95|0x0000000085f00000, 0x0000000086000000, 0x0000000086000000|100%| O|  |TAMS 0x0000000086000000| PB 0x0000000085f00000| Untracked 
|  96|0x0000000086000000, 0x0000000086100000, 0x0000000086100000|100%| O|  |TAMS 0x0000000086100000| PB 0x0000000086000000| Untracked 
|  97|0x0000000086100000, 0x0000000086200000, 0x0000000086200000|100%| O|  |TAMS 0x0000000086200000| PB 0x0000000086100000| Untracked 
|  98|0x0000000086200000, 0x0000000086300000, 0x0000000086300000|100%| O|  |TAMS 0x0000000086200000| PB 0x0000000086200000| Untracked 
|  99|0x0000000086300000, 0x0000000086400000, 0x0000000086400000|100%| O|  |TAMS 0x0000000086300000| PB 0x0000000086300000| Untracked 
| 100|0x0000000086400000, 0x0000000086500000, 0x0000000086500000|100%| O|  |TAMS 0x0000000086500000| PB 0x0000000086400000| Untracked 
| 101|0x0000000086500000, 0x0000000086600000, 0x0000000086600000|100%| O|  |TAMS 0x0000000086600000| PB 0x0000000086500000| Untracked 
| 102|0x0000000086600000, 0x0000000086700000, 0x0000000086700000|100%| O|  |TAMS 0x0000000086700000| PB 0x0000000086600000| Untracked 
| 103|0x0000000086700000, 0x0000000086800000, 0x0000000086800000|100%| O|  |TAMS 0x0000000086800000| PB 0x0000000086700000| Untracked 
| 104|0x0000000086800000, 0x0000000086900000, 0x0000000086900000|100%| O|  |TAMS 0x0000000086900000| PB 0x0000000086800000| Untracked 
| 105|0x0000000086900000, 0x0000000086a00000, 0x0000000086a00000|100%| O|  |TAMS 0x0000000086a00000| PB 0x0000000086900000| Untracked 
| 106|0x0000000086a00000, 0x0000000086b00000, 0x0000000086b00000|100%| O|  |TAMS 0x0000000086b00000| PB 0x0000000086a00000| Untracked 
| 107|0x0000000086b00000, 0x0000000086c00000, 0x0000000086c00000|100%| O|  |TAMS 0x0000000086c00000| PB 0x0000000086b00000| Untracked 
| 108|0x0000000086c00000, 0x0000000086d00000, 0x0000000086d00000|100%| O|  |TAMS 0x0000000086d00000| PB 0x0000000086c00000| Untracked 
| 109|0x0000000086d00000, 0x0000000086e00000, 0x0000000086e00000|100%| O|  |TAMS 0x0000000086e00000| PB 0x0000000086d00000| Untracked 
| 110|0x0000000086e00000, 0x0000000086f00000, 0x0000000086f00000|100%| O|  |TAMS 0x0000000086f00000| PB 0x0000000086e00000| Untracked 
| 111|0x0000000086f00000, 0x0000000087000000, 0x0000000087000000|100%| O|  |TAMS 0x0000000087000000| PB 0x0000000086f00000| Untracked 
| 112|0x0000000087000000, 0x0000000087100000, 0x0000000087100000|100%| O|  |TAMS 0x0000000087100000| PB 0x0000000087000000| Untracked 
| 113|0x0000000087100000, 0x0000000087200000, 0x0000000087200000|100%| O|  |TAMS 0x0000000087200000| PB 0x0000000087100000| Untracked 
| 114|0x0000000087200000, 0x0000000087300000, 0x0000000087300000|100%| O|  |TAMS 0x0000000087300000| PB 0x0000000087200000| Untracked 
| 115|0x0000000087300000, 0x0000000087400000, 0x0000000087400000|100%| O|  |TAMS 0x0000000087400000| PB 0x0000000087300000| Untracked 
| 116|0x0000000087400000, 0x0000000087500000, 0x0000000087500000|100%| O|  |TAMS 0x0000000087500000| PB 0x0000000087400000| Untracked 
| 117|0x0000000087500000, 0x0000000087600000, 0x0000000087600000|100%| O|  |TAMS 0x0000000087600000| PB 0x0000000087500000| Untracked 
| 118|0x0000000087600000, 0x0000000087700000, 0x0000000087700000|100%| O|  |TAMS 0x0000000087700000| PB 0x0000000087600000| Untracked 
| 119|0x0000000087700000, 0x0000000087800000, 0x0000000087800000|100%| O|  |TAMS 0x0000000087800000| PB 0x0000000087700000| Untracked 
| 120|0x0000000087800000, 0x0000000087900000, 0x0000000087900000|100%| O|  |TAMS 0x0000000087900000| PB 0x0000000087800000| Untracked 
| 121|0x0000000087900000, 0x0000000087a00000, 0x0000000087a00000|100%| O|  |TAMS 0x0000000087a00000| PB 0x0000000087900000| Untracked 
| 122|0x0000000087a00000, 0x0000000087b00000, 0x0000000087b00000|100%| O|  |TAMS 0x0000000087b00000| PB 0x0000000087a00000| Untracked 
| 123|0x0000000087b00000, 0x0000000087c00000, 0x0000000087c00000|100%| O|  |TAMS 0x0000000087b00000| PB 0x0000000087b00000| Untracked 
| 124|0x0000000087c00000, 0x0000000087c80000, 0x0000000087d00000| 50%| O|  |TAMS 0x0000000087c00000| PB 0x0000000087c00000| Untracked 
| 125|0x0000000087d00000, 0x0000000087d00000, 0x0000000087e00000|  0%| F|  |TAMS 0x0000000087d00000| PB 0x0000000087d00000| Untracked 
| 126|0x0000000087e00000, 0x0000000087f00000, 0x0000000087f00000|100%| O|  |TAMS 0x0000000087f00000| PB 0x0000000087e00000| Untracked 
| 127|0x0000000087f00000, 0x0000000088000000, 0x0000000088000000|100%| O|  |TAMS 0x0000000088000000| PB 0x0000000087f00000| Untracked 
| 128|0x0000000088000000, 0x0000000088100000, 0x0000000088100000|100%| O|  |TAMS 0x0000000088100000| PB 0x0000000088000000| Untracked 
| 129|0x0000000088100000, 0x0000000088200000, 0x0000000088200000|100%| O|  |TAMS 0x0000000088200000| PB 0x0000000088100000| Untracked 
| 130|0x0000000088200000, 0x0000000088300000, 0x0000000088300000|100%| O|  |TAMS 0x0000000088300000| PB 0x0000000088200000| Untracked 
| 131|0x0000000088300000, 0x0000000088400000, 0x0000000088400000|100%| O|  |TAMS 0x0000000088400000| PB 0x0000000088300000| Untracked 
| 132|0x0000000088400000, 0x0000000088500000, 0x0000000088500000|100%|HS|  |TAMS 0x0000000088500000| PB 0x0000000088400000| Complete 
| 133|0x0000000088500000, 0x0000000088600000, 0x0000000088600000|100%| O|  |TAMS 0x0000000088600000| PB 0x0000000088500000| Untracked 
| 134|0x0000000088600000, 0x0000000088700000, 0x0000000088700000|100%| O|  |TAMS 0x0000000088700000| PB 0x0000000088600000| Untracked 
| 135|0x0000000088700000, 0x0000000088800000, 0x0000000088800000|100%| O|  |TAMS 0x0000000088800000| PB 0x0000000088700000| Untracked 
| 136|0x0000000088800000, 0x0000000088900000, 0x0000000088900000|100%| O|  |TAMS 0x0000000088900000| PB 0x0000000088800000| Untracked 
| 137|0x0000000088900000, 0x0000000088a00000, 0x0000000088a00000|100%| O|  |TAMS 0x0000000088a00000| PB 0x0000000088900000| Untracked 
| 138|0x0000000088a00000, 0x0000000088b00000, 0x0000000088b00000|100%| O|  |TAMS 0x0000000088b00000| PB 0x0000000088a00000| Untracked 
| 139|0x0000000088b00000, 0x0000000088c00000, 0x0000000088c00000|100%| O|  |TAMS 0x0000000088c00000| PB 0x0000000088b00000| Untracked 
| 140|0x0000000088c00000, 0x0000000088d00000, 0x0000000088d00000|100%| O|  |TAMS 0x0000000088d00000| PB 0x0000000088c00000| Untracked 
| 141|0x0000000088d00000, 0x0000000088e00000, 0x0000000088e00000|100%| O|  |TAMS 0x0000000088e00000| PB 0x0000000088d00000| Untracked 
| 142|0x0000000088e00000, 0x0000000088f00000, 0x0000000088f00000|100%| O|  |TAMS 0x0000000088f00000| PB 0x0000000088e00000| Untracked 
| 143|0x0000000088f00000, 0x0000000089000000, 0x0000000089000000|100%| O|  |TAMS 0x0000000089000000| PB 0x0000000088f00000| Untracked 
| 144|0x0000000089000000, 0x0000000089100000, 0x0000000089100000|100%| O|  |TAMS 0x0000000089100000| PB 0x0000000089000000| Untracked 
| 145|0x0000000089100000, 0x0000000089200000, 0x0000000089200000|100%| O|  |TAMS 0x0000000089200000| PB 0x0000000089100000| Untracked 
| 146|0x0000000089200000, 0x0000000089300000, 0x0000000089300000|100%| O|  |TAMS 0x0000000089300000| PB 0x0000000089200000| Untracked 
| 147|0x0000000089300000, 0x0000000089400000, 0x0000000089400000|100%| O|  |TAMS 0x0000000089400000| PB 0x0000000089300000| Untracked 
| 148|0x0000000089400000, 0x0000000089500000, 0x0000000089500000|100%| O|  |TAMS 0x0000000089500000| PB 0x0000000089400000| Untracked 
| 149|0x0000000089500000, 0x0000000089600000, 0x0000000089600000|100%| O|  |TAMS 0x0000000089600000| PB 0x0000000089500000| Untracked 
| 150|0x0000000089600000, 0x0000000089700000, 0x0000000089700000|100%| O|  |TAMS 0x0000000089700000| PB 0x0000000089600000| Untracked 
| 151|0x0000000089700000, 0x0000000089800000, 0x0000000089800000|100%| O|  |TAMS 0x0000000089800000| PB 0x0000000089700000| Untracked 
| 152|0x0000000089800000, 0x0000000089900000, 0x0000000089900000|100%| O|  |TAMS 0x0000000089900000| PB 0x0000000089800000| Untracked 
| 153|0x0000000089900000, 0x0000000089a00000, 0x0000000089a00000|100%| O|  |TAMS 0x0000000089a00000| PB 0x0000000089900000| Untracked 
| 154|0x0000000089a00000, 0x0000000089b00000, 0x0000000089b00000|100%| O|  |TAMS 0x0000000089b00000| PB 0x0000000089a00000| Untracked 
| 155|0x0000000089b00000, 0x0000000089b00000, 0x0000000089c00000|  0%| F|  |TAMS 0x0000000089b00000| PB 0x0000000089b00000| Untracked 
| 156|0x0000000089c00000, 0x0000000089d00000, 0x0000000089d00000|100%| O|  |TAMS 0x0000000089d00000| PB 0x0000000089c00000| Untracked 
| 157|0x0000000089d00000, 0x0000000089e00000, 0x0000000089e00000|100%| O|  |TAMS 0x0000000089e00000| PB 0x0000000089d00000| Untracked 
| 158|0x0000000089e00000, 0x0000000089f00000, 0x0000000089f00000|100%| O|  |TAMS 0x0000000089f00000| PB 0x0000000089e00000| Untracked 
| 159|0x0000000089f00000, 0x000000008a000000, 0x000000008a000000|100%| O|  |TAMS 0x000000008a000000| PB 0x0000000089f00000| Untracked 
| 160|0x000000008a000000, 0x000000008a100000, 0x000000008a100000|100%| O|  |TAMS 0x000000008a100000| PB 0x000000008a000000| Untracked 
| 161|0x000000008a100000, 0x000000008a200000, 0x000000008a200000|100%| O|  |TAMS 0x000000008a200000| PB 0x000000008a100000| Untracked 
| 162|0x000000008a200000, 0x000000008a300000, 0x000000008a300000|100%| O|  |TAMS 0x000000008a300000| PB 0x000000008a200000| Untracked 
| 163|0x000000008a300000, 0x000000008a300000, 0x000000008a400000|  0%| F|  |TAMS 0x000000008a300000| PB 0x000000008a300000| Untracked 
| 164|0x000000008a400000, 0x000000008a500000, 0x000000008a500000|100%| O|  |TAMS 0x000000008a500000| PB 0x000000008a400000| Untracked 
| 165|0x000000008a500000, 0x000000008a600000, 0x000000008a600000|100%| O|  |TAMS 0x000000008a600000| PB 0x000000008a500000| Untracked 
| 166|0x000000008a600000, 0x000000008a700000, 0x000000008a700000|100%| O|  |TAMS 0x000000008a700000| PB 0x000000008a600000| Untracked 
| 167|0x000000008a700000, 0x000000008a800000, 0x000000008a800000|100%| O|  |TAMS 0x000000008a800000| PB 0x000000008a700000| Untracked 
| 168|0x000000008a800000, 0x000000008a900000, 0x000000008a900000|100%| O|  |TAMS 0x000000008a900000| PB 0x000000008a800000| Untracked 
| 169|0x000000008a900000, 0x000000008aa00000, 0x000000008aa00000|100%| O|  |TAMS 0x000000008aa00000| PB 0x000000008a900000| Untracked 
| 170|0x000000008aa00000, 0x000000008ab00000, 0x000000008ab00000|100%| O|  |TAMS 0x000000008ab00000| PB 0x000000008aa00000| Untracked 
| 171|0x000000008ab00000, 0x000000008ac00000, 0x000000008ac00000|100%| O|  |TAMS 0x000000008ac00000| PB 0x000000008ab00000| Untracked 
| 172|0x000000008ac00000, 0x000000008ad00000, 0x000000008ad00000|100%| O|  |TAMS 0x000000008ad00000| PB 0x000000008ac00000| Untracked 
| 173|0x000000008ad00000, 0x000000008ae00000, 0x000000008ae00000|100%| O|  |TAMS 0x000000008ae00000| PB 0x000000008ad00000| Untracked 
| 174|0x000000008ae00000, 0x000000008af00000, 0x000000008af00000|100%| O|  |TAMS 0x000000008af00000| PB 0x000000008ae00000| Untracked 
| 175|0x000000008af00000, 0x000000008b000000, 0x000000008b000000|100%| O|  |TAMS 0x000000008b000000| PB 0x000000008af00000| Untracked 
| 176|0x000000008b000000, 0x000000008b100000, 0x000000008b100000|100%| O|  |TAMS 0x000000008b100000| PB 0x000000008b000000| Untracked 
| 177|0x000000008b100000, 0x000000008b200000, 0x000000008b200000|100%| O|  |TAMS 0x000000008b200000| PB 0x000000008b100000| Untracked 
| 178|0x000000008b200000, 0x000000008b300000, 0x000000008b300000|100%|HS|  |TAMS 0x000000008b300000| PB 0x000000008b200000| Complete 
| 179|0x000000008b300000, 0x000000008b400000, 0x000000008b400000|100%|HS|  |TAMS 0x000000008b400000| PB 0x000000008b300000| Complete 
| 180|0x000000008b400000, 0x000000008b500000, 0x000000008b500000|100%|HS|  |TAMS 0x000000008b500000| PB 0x000000008b400000| Complete 
| 181|0x000000008b500000, 0x000000008b600000, 0x000000008b600000|100%|HS|  |TAMS 0x000000008b600000| PB 0x000000008b500000| Complete 
| 182|0x000000008b600000, 0x000000008b700000, 0x000000008b700000|100%| O|  |TAMS 0x000000008b700000| PB 0x000000008b600000| Untracked 
| 183|0x000000008b700000, 0x000000008b800000, 0x000000008b800000|100%| O|  |TAMS 0x000000008b800000| PB 0x000000008b700000| Untracked 
| 184|0x000000008b800000, 0x000000008b900000, 0x000000008b900000|100%| O|  |TAMS 0x000000008b900000| PB 0x000000008b800000| Untracked 
| 185|0x000000008b900000, 0x000000008ba00000, 0x000000008ba00000|100%| O|  |TAMS 0x000000008ba00000| PB 0x000000008b900000| Untracked 
| 186|0x000000008ba00000, 0x000000008bb00000, 0x000000008bb00000|100%| O|  |TAMS 0x000000008bb00000| PB 0x000000008ba00000| Untracked 
| 187|0x000000008bb00000, 0x000000008bc00000, 0x000000008bc00000|100%| O|  |TAMS 0x000000008bc00000| PB 0x000000008bb00000| Untracked 
| 188|0x000000008bc00000, 0x000000008bd00000, 0x000000008bd00000|100%| O|  |TAMS 0x000000008bd00000| PB 0x000000008bc00000| Untracked 
| 189|0x000000008bd00000, 0x000000008be00000, 0x000000008be00000|100%| O|  |TAMS 0x000000008be00000| PB 0x000000008bd00000| Untracked 
| 190|0x000000008be00000, 0x000000008be00000, 0x000000008bf00000|  0%| F|  |TAMS 0x000000008be00000| PB 0x000000008be00000| Untracked 
| 191|0x000000008bf00000, 0x000000008bf00000, 0x000000008c000000|  0%| F|  |TAMS 0x000000008bf00000| PB 0x000000008bf00000| Untracked 
| 192|0x000000008c000000, 0x000000008c000000, 0x000000008c100000|  0%| F|  |TAMS 0x000000008c000000| PB 0x000000008c000000| Untracked 
| 193|0x000000008c100000, 0x000000008c100000, 0x000000008c200000|  0%| F|  |TAMS 0x000000008c100000| PB 0x000000008c100000| Untracked 
| 194|0x000000008c200000, 0x000000008c200000, 0x000000008c300000|  0%| F|  |TAMS 0x000000008c200000| PB 0x000000008c200000| Untracked 
| 195|0x000000008c300000, 0x000000008c300000, 0x000000008c400000|  0%| F|  |TAMS 0x000000008c300000| PB 0x000000008c300000| Untracked 
| 196|0x000000008c400000, 0x000000008c400000, 0x000000008c500000|  0%| F|  |TAMS 0x000000008c400000| PB 0x000000008c400000| Untracked 
| 197|0x000000008c500000, 0x000000008c500000, 0x000000008c600000|  0%| F|  |TAMS 0x000000008c500000| PB 0x000000008c500000| Untracked 
| 198|0x000000008c600000, 0x000000008c600000, 0x000000008c700000|  0%| F|  |TAMS 0x000000008c600000| PB 0x000000008c600000| Untracked 
| 199|0x000000008c700000, 0x000000008c700000, 0x000000008c800000|  0%| F|  |TAMS 0x000000008c700000| PB 0x000000008c700000| Untracked 
| 200|0x000000008c800000, 0x000000008c800000, 0x000000008c900000|  0%| F|  |TAMS 0x000000008c800000| PB 0x000000008c800000| Untracked 
| 201|0x000000008c900000, 0x000000008c900000, 0x000000008ca00000|  0%| F|  |TAMS 0x000000008c900000| PB 0x000000008c900000| Untracked 
| 202|0x000000008ca00000, 0x000000008ca00000, 0x000000008cb00000|  0%| F|  |TAMS 0x000000008ca00000| PB 0x000000008ca00000| Untracked 
| 203|0x000000008cb00000, 0x000000008cb00000, 0x000000008cc00000|  0%| F|  |TAMS 0x000000008cb00000| PB 0x000000008cb00000| Untracked 
| 204|0x000000008cc00000, 0x000000008cd00000, 0x000000008cd00000|100%| O|  |TAMS 0x000000008cd00000| PB 0x000000008cc00000| Untracked 
| 205|0x000000008cd00000, 0x000000008ce00000, 0x000000008ce00000|100%| O|  |TAMS 0x000000008ce00000| PB 0x000000008cd00000| Untracked 
| 206|0x000000008ce00000, 0x000000008cf00000, 0x000000008cf00000|100%| O|  |TAMS 0x000000008cf00000| PB 0x000000008ce00000| Untracked 
| 207|0x000000008cf00000, 0x000000008d000000, 0x000000008d000000|100%| O|  |TAMS 0x000000008d000000| PB 0x000000008cf00000| Untracked 
| 208|0x000000008d000000, 0x000000008d100000, 0x000000008d100000|100%| O|  |TAMS 0x000000008d100000| PB 0x000000008d000000| Untracked 
| 209|0x000000008d100000, 0x000000008d200000, 0x000000008d200000|100%| O|  |TAMS 0x000000008d200000| PB 0x000000008d100000| Untracked 
| 210|0x000000008d200000, 0x000000008d300000, 0x000000008d300000|100%| O|  |TAMS 0x000000008d300000| PB 0x000000008d200000| Untracked 
| 211|0x000000008d300000, 0x000000008d400000, 0x000000008d400000|100%| O|  |TAMS 0x000000008d400000| PB 0x000000008d300000| Untracked 
| 212|0x000000008d400000, 0x000000008d500000, 0x000000008d500000|100%| O|  |TAMS 0x000000008d500000| PB 0x000000008d400000| Untracked 
| 213|0x000000008d500000, 0x000000008d600000, 0x000000008d600000|100%| O|  |TAMS 0x000000008d600000| PB 0x000000008d500000| Untracked 
| 214|0x000000008d600000, 0x000000008d700000, 0x000000008d700000|100%| O|  |TAMS 0x000000008d700000| PB 0x000000008d600000| Untracked 
| 215|0x000000008d700000, 0x000000008d800000, 0x000000008d800000|100%| O|  |TAMS 0x000000008d800000| PB 0x000000008d700000| Untracked 
| 216|0x000000008d800000, 0x000000008d900000, 0x000000008d900000|100%| O|  |TAMS 0x000000008d900000| PB 0x000000008d800000| Untracked 
| 217|0x000000008d900000, 0x000000008d900000, 0x000000008da00000|  0%| F|  |TAMS 0x000000008d900000| PB 0x000000008d900000| Untracked 
| 218|0x000000008da00000, 0x000000008db00000, 0x000000008db00000|100%| O|  |TAMS 0x000000008db00000| PB 0x000000008da00000| Untracked 
| 219|0x000000008db00000, 0x000000008dc00000, 0x000000008dc00000|100%| O|  |TAMS 0x000000008dc00000| PB 0x000000008db00000| Untracked 
| 220|0x000000008dc00000, 0x000000008dd00000, 0x000000008dd00000|100%| O|  |TAMS 0x000000008dd00000| PB 0x000000008dc00000| Untracked 
| 221|0x000000008dd00000, 0x000000008de00000, 0x000000008de00000|100%| O|  |TAMS 0x000000008de00000| PB 0x000000008dd00000| Untracked 
| 222|0x000000008de00000, 0x000000008df00000, 0x000000008df00000|100%| O|  |TAMS 0x000000008df00000| PB 0x000000008de00000| Untracked 
| 223|0x000000008df00000, 0x000000008e000000, 0x000000008e000000|100%| O|  |TAMS 0x000000008e000000| PB 0x000000008df00000| Untracked 
| 224|0x000000008e000000, 0x000000008e100000, 0x000000008e100000|100%| O|  |TAMS 0x000000008e080000| PB 0x000000008e000000| Untracked 
| 225|0x000000008e100000, 0x000000008e100000, 0x000000008e200000|  0%| F|  |TAMS 0x000000008e100000| PB 0x000000008e100000| Untracked 
| 226|0x000000008e200000, 0x000000008e200000, 0x000000008e300000|  0%| F|  |TAMS 0x000000008e200000| PB 0x000000008e200000| Untracked 
| 227|0x000000008e300000, 0x000000008e300000, 0x000000008e400000|  0%| F|  |TAMS 0x000000008e300000| PB 0x000000008e300000| Untracked 
| 228|0x000000008e400000, 0x000000008e400000, 0x000000008e500000|  0%| F|  |TAMS 0x000000008e400000| PB 0x000000008e400000| Untracked 
| 229|0x000000008e500000, 0x000000008e500000, 0x000000008e600000|  0%| F|  |TAMS 0x000000008e500000| PB 0x000000008e500000| Untracked 
| 230|0x000000008e600000, 0x000000008e600000, 0x000000008e700000|  0%| F|  |TAMS 0x000000008e600000| PB 0x000000008e600000| Untracked 
| 231|0x000000008e700000, 0x000000008e700000, 0x000000008e800000|  0%| F|  |TAMS 0x000000008e700000| PB 0x000000008e700000| Untracked 
| 232|0x000000008e800000, 0x000000008e800000, 0x000000008e900000|  0%| F|  |TAMS 0x000000008e800000| PB 0x000000008e800000| Untracked 
| 233|0x000000008e900000, 0x000000008e900000, 0x000000008ea00000|  0%| F|  |TAMS 0x000000008e900000| PB 0x000000008e900000| Untracked 
| 234|0x000000008ea00000, 0x000000008ea00000, 0x000000008eb00000|  0%| F|  |TAMS 0x000000008ea00000| PB 0x000000008ea00000| Untracked 
| 235|0x000000008eb00000, 0x000000008eb00000, 0x000000008ec00000|  0%| F|  |TAMS 0x000000008eb00000| PB 0x000000008eb00000| Untracked 
| 236|0x000000008ec00000, 0x000000008ec00000, 0x000000008ed00000|  0%| F|  |TAMS 0x000000008ec00000| PB 0x000000008ec00000| Untracked 
| 237|0x000000008ed00000, 0x000000008ed00000, 0x000000008ee00000|  0%| F|  |TAMS 0x000000008ed00000| PB 0x000000008ed00000| Untracked 
| 238|0x000000008ee00000, 0x000000008ee00000, 0x000000008ef00000|  0%| F|  |TAMS 0x000000008ee00000| PB 0x000000008ee00000| Untracked 
| 239|0x000000008ef00000, 0x000000008ef00000, 0x000000008f000000|  0%| F|  |TAMS 0x000000008ef00000| PB 0x000000008ef00000| Untracked 
| 240|0x000000008f000000, 0x000000008f000000, 0x000000008f100000|  0%| F|  |TAMS 0x000000008f000000| PB 0x000000008f000000| Untracked 
| 241|0x000000008f100000, 0x000000008f100000, 0x000000008f200000|  0%| F|  |TAMS 0x000000008f100000| PB 0x000000008f100000| Untracked 
| 242|0x000000008f200000, 0x000000008f200000, 0x000000008f300000|  0%| F|  |TAMS 0x000000008f200000| PB 0x000000008f200000| Untracked 
| 243|0x000000008f300000, 0x000000008f300000, 0x000000008f400000|  0%| F|  |TAMS 0x000000008f300000| PB 0x000000008f300000| Untracked 
| 244|0x000000008f400000, 0x000000008f400000, 0x000000008f500000|  0%| F|  |TAMS 0x000000008f400000| PB 0x000000008f400000| Untracked 
| 245|0x000000008f500000, 0x000000008f500000, 0x000000008f600000|  0%| F|  |TAMS 0x000000008f500000| PB 0x000000008f500000| Untracked 
| 246|0x000000008f600000, 0x000000008f600000, 0x000000008f700000|  0%| F|  |TAMS 0x000000008f600000| PB 0x000000008f600000| Untracked 
| 247|0x000000008f700000, 0x000000008f700000, 0x000000008f800000|  0%| F|  |TAMS 0x000000008f700000| PB 0x000000008f700000| Untracked 
| 248|0x000000008f800000, 0x000000008f800000, 0x000000008f900000|  0%| F|  |TAMS 0x000000008f800000| PB 0x000000008f800000| Untracked 
| 249|0x000000008f900000, 0x000000008f900000, 0x000000008fa00000|  0%| F|  |TAMS 0x000000008f900000| PB 0x000000008f900000| Untracked 
| 250|0x000000008fa00000, 0x000000008fa00000, 0x000000008fb00000|  0%| F|  |TAMS 0x000000008fa00000| PB 0x000000008fa00000| Untracked 
| 251|0x000000008fb00000, 0x000000008fb00000, 0x000000008fc00000|  0%| F|  |TAMS 0x000000008fb00000| PB 0x000000008fb00000| Untracked 
| 252|0x000000008fc00000, 0x000000008fc00000, 0x000000008fd00000|  0%| F|  |TAMS 0x000000008fc00000| PB 0x000000008fc00000| Untracked 
| 253|0x000000008fd00000, 0x000000008fd00000, 0x000000008fe00000|  0%| F|  |TAMS 0x000000008fd00000| PB 0x000000008fd00000| Untracked 
| 254|0x000000008fe00000, 0x000000008fe00000, 0x000000008ff00000|  0%| F|  |TAMS 0x000000008fe00000| PB 0x000000008fe00000| Untracked 
| 255|0x000000008ff00000, 0x000000008ff00000, 0x0000000090000000|  0%| F|  |TAMS 0x000000008ff00000| PB 0x000000008ff00000| Untracked 
| 256|0x0000000090000000, 0x0000000090000000, 0x0000000090100000|  0%| F|  |TAMS 0x0000000090000000| PB 0x0000000090000000| Untracked 
| 257|0x0000000090100000, 0x0000000090100000, 0x0000000090200000|  0%| F|  |TAMS 0x0000000090100000| PB 0x0000000090100000| Untracked 
| 258|0x0000000090200000, 0x0000000090200000, 0x0000000090300000|  0%| F|  |TAMS 0x0000000090200000| PB 0x0000000090200000| Untracked 
| 259|0x0000000090300000, 0x0000000090300000, 0x0000000090400000|  0%| F|  |TAMS 0x0000000090300000| PB 0x0000000090300000| Untracked 
| 260|0x0000000090400000, 0x0000000090400000, 0x0000000090500000|  0%| F|  |TAMS 0x0000000090400000| PB 0x0000000090400000| Untracked 
| 261|0x0000000090500000, 0x0000000090500000, 0x0000000090600000|  0%| F|  |TAMS 0x0000000090500000| PB 0x0000000090500000| Untracked 
| 262|0x0000000090600000, 0x0000000090600000, 0x0000000090700000|  0%| F|  |TAMS 0x0000000090600000| PB 0x0000000090600000| Untracked 
| 263|0x0000000090700000, 0x0000000090700000, 0x0000000090800000|  0%| F|  |TAMS 0x0000000090700000| PB 0x0000000090700000| Untracked 
| 264|0x0000000090800000, 0x0000000090800000, 0x0000000090900000|  0%| F|  |TAMS 0x0000000090800000| PB 0x0000000090800000| Untracked 
| 265|0x0000000090900000, 0x0000000090900000, 0x0000000090a00000|  0%| F|  |TAMS 0x0000000090900000| PB 0x0000000090900000| Untracked 
| 266|0x0000000090a00000, 0x0000000090a00000, 0x0000000090b00000|  0%| F|  |TAMS 0x0000000090a00000| PB 0x0000000090a00000| Untracked 
| 267|0x0000000090b00000, 0x0000000090b00000, 0x0000000090c00000|  0%| F|  |TAMS 0x0000000090b00000| PB 0x0000000090b00000| Untracked 
| 268|0x0000000090c00000, 0x0000000090c00000, 0x0000000090d00000|  0%| F|  |TAMS 0x0000000090c00000| PB 0x0000000090c00000| Untracked 
| 269|0x0000000090d00000, 0x0000000090d00000, 0x0000000090e00000|  0%| F|  |TAMS 0x0000000090d00000| PB 0x0000000090d00000| Untracked 
| 270|0x0000000090e00000, 0x0000000090e00000, 0x0000000090f00000|  0%| F|  |TAMS 0x0000000090e00000| PB 0x0000000090e00000| Untracked 
| 271|0x0000000090f00000, 0x0000000090f00000, 0x0000000091000000|  0%| F|  |TAMS 0x0000000090f00000| PB 0x0000000090f00000| Untracked 
| 272|0x0000000091000000, 0x0000000091000000, 0x0000000091100000|  0%| F|  |TAMS 0x0000000091000000| PB 0x0000000091000000| Untracked 
| 273|0x0000000091100000, 0x0000000091100000, 0x0000000091200000|  0%| F|  |TAMS 0x0000000091100000| PB 0x0000000091100000| Untracked 
| 274|0x0000000091200000, 0x0000000091200000, 0x0000000091300000|  0%| F|  |TAMS 0x0000000091200000| PB 0x0000000091200000| Untracked 
| 275|0x0000000091300000, 0x0000000091300000, 0x0000000091400000|  0%| F|  |TAMS 0x0000000091300000| PB 0x0000000091300000| Untracked 
| 276|0x0000000091400000, 0x0000000091400000, 0x0000000091500000|  0%| F|  |TAMS 0x0000000091400000| PB 0x0000000091400000| Untracked 
| 277|0x0000000091500000, 0x0000000091500000, 0x0000000091600000|  0%| F|  |TAMS 0x0000000091500000| PB 0x0000000091500000| Untracked 
| 278|0x0000000091600000, 0x0000000091600000, 0x0000000091700000|  0%| F|  |TAMS 0x0000000091600000| PB 0x0000000091600000| Untracked 
| 279|0x0000000091700000, 0x0000000091700000, 0x0000000091800000|  0%| F|  |TAMS 0x0000000091700000| PB 0x0000000091700000| Untracked 
| 280|0x0000000091800000, 0x0000000091800000, 0x0000000091900000|  0%| F|  |TAMS 0x0000000091800000| PB 0x0000000091800000| Untracked 
| 281|0x0000000091900000, 0x0000000091900000, 0x0000000091a00000|  0%| F|  |TAMS 0x0000000091900000| PB 0x0000000091900000| Untracked 
| 282|0x0000000091a00000, 0x0000000091a00000, 0x0000000091b00000|  0%| F|  |TAMS 0x0000000091a00000| PB 0x0000000091a00000| Untracked 
| 283|0x0000000091b00000, 0x0000000091b00000, 0x0000000091c00000|  0%| F|  |TAMS 0x0000000091b00000| PB 0x0000000091b00000| Untracked 
| 284|0x0000000091c00000, 0x0000000091c00000, 0x0000000091d00000|  0%| F|  |TAMS 0x0000000091c00000| PB 0x0000000091c00000| Untracked 
| 285|0x0000000091d00000, 0x0000000091d00000, 0x0000000091e00000|  0%| F|  |TAMS 0x0000000091d00000| PB 0x0000000091d00000| Untracked 
| 286|0x0000000091e00000, 0x0000000091e00000, 0x0000000091f00000|  0%| F|  |TAMS 0x0000000091e00000| PB 0x0000000091e00000| Untracked 
| 287|0x0000000091f00000, 0x0000000091f00000, 0x0000000092000000|  0%| F|  |TAMS 0x0000000091f00000| PB 0x0000000091f00000| Untracked 
| 288|0x0000000092000000, 0x0000000092000000, 0x0000000092100000|  0%| F|  |TAMS 0x0000000092000000| PB 0x0000000092000000| Untracked 
| 289|0x0000000092100000, 0x0000000092100000, 0x0000000092200000|  0%| F|  |TAMS 0x0000000092100000| PB 0x0000000092100000| Untracked 
| 290|0x0000000092200000, 0x0000000092200000, 0x0000000092300000|  0%| F|  |TAMS 0x0000000092200000| PB 0x0000000092200000| Untracked 
| 291|0x0000000092300000, 0x0000000092300000, 0x0000000092400000|  0%| F|  |TAMS 0x0000000092300000| PB 0x0000000092300000| Untracked 
| 292|0x0000000092400000, 0x0000000092400000, 0x0000000092500000|  0%| F|  |TAMS 0x0000000092400000| PB 0x0000000092400000| Untracked 
| 293|0x0000000092500000, 0x0000000092500000, 0x0000000092600000|  0%| F|  |TAMS 0x0000000092500000| PB 0x0000000092500000| Untracked 
| 294|0x0000000092600000, 0x0000000092600000, 0x0000000092700000|  0%| F|  |TAMS 0x0000000092600000| PB 0x0000000092600000| Untracked 
| 295|0x0000000092700000, 0x0000000092700000, 0x0000000092800000|  0%| F|  |TAMS 0x0000000092700000| PB 0x0000000092700000| Untracked 
| 296|0x0000000092800000, 0x0000000092800000, 0x0000000092900000|  0%| F|  |TAMS 0x0000000092800000| PB 0x0000000092800000| Untracked 
| 297|0x0000000092900000, 0x0000000092900000, 0x0000000092a00000|  0%| F|  |TAMS 0x0000000092900000| PB 0x0000000092900000| Untracked 
| 298|0x0000000092a00000, 0x0000000092a00000, 0x0000000092b00000|  0%| F|  |TAMS 0x0000000092a00000| PB 0x0000000092a00000| Untracked 
| 299|0x0000000092b00000, 0x0000000092b00000, 0x0000000092c00000|  0%| F|  |TAMS 0x0000000092b00000| PB 0x0000000092b00000| Untracked 
| 300|0x0000000092c00000, 0x0000000092c00000, 0x0000000092d00000|  0%| F|  |TAMS 0x0000000092c00000| PB 0x0000000092c00000| Untracked 
| 301|0x0000000092d00000, 0x0000000092d00000, 0x0000000092e00000|  0%| F|  |TAMS 0x0000000092d00000| PB 0x0000000092d00000| Untracked 
| 302|0x0000000092e00000, 0x0000000092e00000, 0x0000000092f00000|  0%| F|  |TAMS 0x0000000092e00000| PB 0x0000000092e00000| Untracked 
| 303|0x0000000092f00000, 0x0000000092f00000, 0x0000000093000000|  0%| F|  |TAMS 0x0000000092f00000| PB 0x0000000092f00000| Untracked 
| 304|0x0000000093000000, 0x0000000093000000, 0x0000000093100000|  0%| F|  |TAMS 0x0000000093000000| PB 0x0000000093000000| Untracked 
| 305|0x0000000093100000, 0x0000000093100000, 0x0000000093200000|  0%| F|  |TAMS 0x0000000093100000| PB 0x0000000093100000| Untracked 
| 306|0x0000000093200000, 0x0000000093200000, 0x0000000093300000|  0%| F|  |TAMS 0x0000000093200000| PB 0x0000000093200000| Untracked 
| 307|0x0000000093300000, 0x0000000093300000, 0x0000000093400000|  0%| F|  |TAMS 0x0000000093300000| PB 0x0000000093300000| Untracked 
| 308|0x0000000093400000, 0x0000000093400000, 0x0000000093500000|  0%| F|  |TAMS 0x0000000093400000| PB 0x0000000093400000| Untracked 
| 309|0x0000000093500000, 0x0000000093500000, 0x0000000093600000|  0%| F|  |TAMS 0x0000000093500000| PB 0x0000000093500000| Untracked 
| 310|0x0000000093600000, 0x0000000093600000, 0x0000000093700000|  0%| F|  |TAMS 0x0000000093600000| PB 0x0000000093600000| Untracked 
| 311|0x0000000093700000, 0x0000000093700000, 0x0000000093800000|  0%| F|  |TAMS 0x0000000093700000| PB 0x0000000093700000| Untracked 
| 312|0x0000000093800000, 0x0000000093800000, 0x0000000093900000|  0%| F|  |TAMS 0x0000000093800000| PB 0x0000000093800000| Untracked 
| 313|0x0000000093900000, 0x0000000093900000, 0x0000000093a00000|  0%| F|  |TAMS 0x0000000093900000| PB 0x0000000093900000| Untracked 
| 314|0x0000000093a00000, 0x0000000093a00000, 0x0000000093b00000|  0%| F|  |TAMS 0x0000000093a00000| PB 0x0000000093a00000| Untracked 
| 315|0x0000000093b00000, 0x0000000093b00000, 0x0000000093c00000|  0%| F|  |TAMS 0x0000000093b00000| PB 0x0000000093b00000| Untracked 
| 316|0x0000000093c00000, 0x0000000093c00000, 0x0000000093d00000|  0%| F|  |TAMS 0x0000000093c00000| PB 0x0000000093c00000| Untracked 
| 317|0x0000000093d00000, 0x0000000093d00000, 0x0000000093e00000|  0%| F|  |TAMS 0x0000000093d00000| PB 0x0000000093d00000| Untracked 
| 318|0x0000000093e00000, 0x0000000093e00000, 0x0000000093f00000|  0%| F|  |TAMS 0x0000000093e00000| PB 0x0000000093e00000| Untracked 
| 319|0x0000000093f00000, 0x0000000093f00000, 0x0000000094000000|  0%| F|  |TAMS 0x0000000093f00000| PB 0x0000000093f00000| Untracked 
| 320|0x0000000094000000, 0x0000000094000000, 0x0000000094100000|  0%| F|  |TAMS 0x0000000094000000| PB 0x0000000094000000| Untracked 
| 321|0x0000000094100000, 0x00000000941c2b88, 0x0000000094200000| 76%| S|CS|TAMS 0x0000000094100000| PB 0x0000000094100000| Complete 
|2039|0x00000000ff700000, 0x00000000ff800000, 0x00000000ff800000|100%| S|CS|TAMS 0x00000000ff700000| PB 0x00000000ff700000| Complete 
|2040|0x00000000ff800000, 0x00000000ff900000, 0x00000000ff900000|100%| O|  |TAMS 0x00000000ff900000| PB 0x00000000ff800000| Untracked 
|2041|0x00000000ff900000, 0x00000000ffa00000, 0x00000000ffa00000|100%| O|  |TAMS 0x00000000ffa00000| PB 0x00000000ff900000| Untracked 
|2042|0x00000000ffa00000, 0x00000000ffb00000, 0x00000000ffb00000|100%| O|  |TAMS 0x00000000ffb00000| PB 0x00000000ffa00000| Untracked 
|2043|0x00000000ffb00000, 0x00000000ffc00000, 0x00000000ffc00000|100%| O|  |TAMS 0x00000000ffc00000| PB 0x00000000ffb00000| Untracked 
|2044|0x00000000ffc00000, 0x00000000ffc00000, 0x00000000ffd00000|  0%| F|  |TAMS 0x00000000ffc00000| PB 0x00000000ffc00000| Untracked 
|2045|0x00000000ffd00000, 0x00000000ffe00000, 0x00000000ffe00000|100%| O|  |TAMS 0x00000000ffe00000| PB 0x00000000ffd00000| Untracked 
|2046|0x00000000ffe00000, 0x00000000fff00000, 0x00000000fff00000|100%| O|  |TAMS 0x00000000fff00000| PB 0x00000000ffe00000| Untracked 
|2047|0x00000000fff00000, 0x0000000100000000, 0x0000000100000000|100%| O|  |TAMS 0x0000000100000000| PB 0x00000000fff00000| Untracked 

Card table byte_map: [0x000001ef78a00000,0x000001ef78e00000] _byte_map_base: 0x000001ef78600000

Marking Bits: (CMBitMap*) 0x000001ef74f9ad70
 Bits: [0x000001ef78e00000, 0x000001ef7ae00000)

Polling page: 0x000001ef72db0000

Metaspace:

Usage:
  Non-class:    119.25 MB used.
      Class:     18.04 MB used.
       Both:    137.30 MB used.

Virtual space:
  Non-class space:      128.00 MB reserved,     120.31 MB ( 94%) committed,  2 nodes.
      Class space:        1.00 GB reserved,      19.00 MB (  2%) committed,  1 nodes.
             Both:        1.12 GB reserved,     139.31 MB ( 12%) committed. 

Chunk freelists:
   Non-Class:  7.47 MB
       Class:  12.90 MB
        Both:  20.37 MB

MaxMetaspaceSize: unlimited
CompressedClassSpaceSize: 1.00 GB
Initial GC threshold: 21.00 MB
Current GC threshold: 231.06 MB
CDS: off
 - commit_granule_bytes: 65536.
 - commit_granule_words: 8192.
 - virtual_space_node_default_size: 8388608.
 - enlarge_chunks_in_place: 1.
 - use_allocation_guard: 0.


Internal statistics:

num_allocs_failed_limit: 12.
num_arena_births: 3900.
num_arena_deaths: 0.
num_vsnodes_births: 3.
num_vsnodes_deaths: 0.
num_space_committed: 2228.
num_space_uncommitted: 0.
num_chunks_returned_to_freelist: 12.
num_chunks_taken_from_freelist: 9391.
num_chunk_merges: 9.
num_chunk_splits: 6641.
num_chunks_enlarged: 4704.
num_inconsistent_stats: 0.

CodeHeap 'non-profiled nmethods': size=120000Kb used=7190Kb max_used=7190Kb free=112810Kb
 bounds [0x000001ef07ad0000, 0x000001ef081e0000, 0x000001ef0f000000]
CodeHeap 'profiled nmethods': size=120000Kb used=25902Kb max_used=25902Kb free=94097Kb
 bounds [0x000001ef00000000, 0x000001ef01950000, 0x000001ef07530000]
CodeHeap 'non-nmethods': size=5760Kb used=2208Kb max_used=2265Kb free=3551Kb
 bounds [0x000001ef07530000, 0x000001ef077a0000, 0x000001ef07ad0000]
CodeCache: size=245760Kb, used=35300Kb, max_used=35357Kb, free=210458Kb
 total_blobs=13092, nmethods=12027, adapters=967, full_count=0
Compilation: enabled, stopped_count=0, restarted_count=0

Compilation events (20 events):
Event: 8.727 Thread 0x000001ef7dceed20 13760   !   3       jdk.internal.loader.URLClassPath::getLoader (29 bytes)
Event: 8.727 Thread 0x000001ef7dceed20 nmethod 13760 0x000001ef01948e10 code [0x000001ef01949020, 0x000001ef019497f8]
Event: 8.728 Thread 0x000001ef1b86b030 13761       4       java.io.FileCleanable::register (49 bytes)
Event: 8.730 Thread 0x000001ef1bde2860 13762   !   4       java.util.zip.ZipFile$ZipFileInflaterInputStream::close (67 bytes)
Event: 8.731 Thread 0x000001ef7dceed20 13764       3       com.google.common.collect.MapMakerInternalMap$StrongKeyWeakValueEntry$Helper::setValue (14 bytes)
Event: 8.731 Thread 0x000001ef7dceed20 nmethod 13764 0x000001ef01949a90 code [0x000001ef01949c40, 0x000001ef01949f38]
Event: 8.731 Thread 0x000001ef7dceed20 13765       3       com.google.common.collect.MapMakerInternalMap$StrongKeyWeakValueEntry$Helper::setValue (32 bytes)
Event: 8.731 Thread 0x000001ef7dceed20 nmethod 13765 0x000001ef0194a010 code [0x000001ef0194a200, 0x000001ef0194a800]
Event: 8.731 Thread 0x000001ef7dceed20 13766       3       com.google.common.collect.MapMakerInternalMap$1::clear (1 bytes)
Event: 8.731 Thread 0x000001ef7dceed20 nmethod 13766 0x000001ef0194aa90 code [0x000001ef0194ac20, 0x000001ef0194ad28]
Event: 8.733 Thread 0x000001ef7dce6270 nmethod 13744% 0x000001ef081cf490 code [0x000001ef081cf840, 0x000001ef081d20f0]
Event: 8.733 Thread 0x000001ef7dce6270 13763       4       com.google.common.collect.MapMakerInternalMap::putIfAbsent (29 bytes)
Event: 8.733 Thread 0x000001ef7dceed20 13767       3       org.gradle.internal.classloader.TransformReplacer::ensureOpened (18 bytes)
Event: 8.734 Thread 0x000001ef7dceed20 nmethod 13767 0x000001ef0194ad90 code [0x000001ef0194af40, 0x000001ef0194b158]
Event: 8.734 Thread 0x000001ef7dceed20 13768       1       org.gradle.internal.classloader.JarCompat::getJarFile (5 bytes)
Event: 8.734 Thread 0x000001ef7dceed20 nmethod 13768 0x000001ef081d3710 code [0x000001ef081d38a0, 0x000001ef081d3968]
Event: 8.746 Thread 0x000001ef1b86b030 nmethod 13761 0x000001ef081d3a10 code [0x000001ef081d3c40, 0x000001ef081d5168]
Event: 8.746 Thread 0x000001ef1b86b030 13769       4       java.util.zip.ZipFile$Source::initCEN (612 bytes)
Event: 8.746 Thread 0x000001ef7dceed20 13770       3       java.util.zip.ZipFile$Source$Key::hashCode (46 bytes)
Event: 8.746 Thread 0x000001ef7dceed20 nmethod 13770 0x000001ef0194b290 code [0x000001ef0194b480, 0x000001ef0194b8b8]

GC Heap History (20 events):
Event: 6.219 GC heap after
{Heap after GC invocations=24 (full 0):
 garbage-first heap   total 199680K, used 127854K [0x0000000080000000, 0x0000000100000000)
  region size 1024K, 5 young (5120K), 5 survivors (5120K)
 Metaspace       used 114811K, committed 116672K, reserved 1179648K
  class space    used 15092K, committed 16000K, reserved 1048576K
}
Event: 6.577 GC heap before
{Heap before GC invocations=24 (full 0):
 garbage-first heap   total 199680K, used 179054K [0x0000000080000000, 0x0000000100000000)
  region size 1024K, 56 young (57344K), 5 survivors (5120K)
 Metaspace       used 121770K, committed 123584K, reserved 1179648K
  class space    used 15935K, committed 16832K, reserved 1048576K
}
Event: 6.581 GC heap after
{Heap after GC invocations=25 (full 0):
 garbage-first heap   total 199680K, used 131001K [0x0000000080000000, 0x0000000100000000)
  region size 1024K, 3 young (3072K), 3 survivors (3072K)
 Metaspace       used 121770K, committed 123584K, reserved 1179648K
  class space    used 15935K, committed 16832K, reserved 1048576K
}
Event: 6.997 GC heap before
{Heap before GC invocations=26 (full 0):
 garbage-first heap   total 219136K, used 183225K [0x0000000080000000, 0x0000000100000000)
  region size 1024K, 54 young (55296K), 3 survivors (3072K)
 Metaspace       used 127986K, committed 129920K, reserved 1179648K
  class space    used 16802K, committed 17728K, reserved 1048576K
}
Event: 7.002 GC heap after
{Heap after GC invocations=27 (full 0):
 garbage-first heap   total 219136K, used 132729K [0x0000000080000000, 0x0000000100000000)
  region size 1024K, 5 young (5120K), 5 survivors (5120K)
 Metaspace       used 127986K, committed 129920K, reserved 1179648K
  class space    used 16802K, committed 17728K, reserved 1048576K
}
Event: 7.173 GC heap before
{Heap before GC invocations=27 (full 0):
 garbage-first heap   total 219136K, used 199289K [0x0000000080000000, 0x0000000100000000)
  region size 1024K, 70 young (71680K), 5 survivors (5120K)
 Metaspace       used 130447K, committed 132352K, reserved 1179648K
  class space    used 17121K, committed 18048K, reserved 1048576K
}
Event: 7.180 GC heap after
{Heap after GC invocations=28 (full 0):
 garbage-first heap   total 224256K, used 149304K [0x0000000080000000, 0x0000000100000000)
  region size 1024K, 9 young (9216K), 9 survivors (9216K)
 Metaspace       used 130447K, committed 132352K, reserved 1179648K
  class space    used 17121K, committed 18048K, reserved 1048576K
}
Event: 7.239 GC heap before
{Heap before GC invocations=28 (full 0):
 garbage-first heap   total 224256K, used 176952K [0x0000000080000000, 0x0000000100000000)
  region size 1024K, 37 young (37888K), 9 survivors (9216K)
 Metaspace       used 130712K, committed 132608K, reserved 1179648K
  class space    used 17128K, committed 18048K, reserved 1048576K
}
Event: 7.244 GC heap after
{Heap after GC invocations=29 (full 0):
 garbage-first heap   total 224256K, used 158557K [0x0000000080000000, 0x0000000100000000)
  region size 1024K, 8 young (8192K), 8 survivors (8192K)
 Metaspace       used 130712K, committed 132608K, reserved 1179648K
  class space    used 17128K, committed 18048K, reserved 1048576K
}
Event: 7.403 GC heap before
{Heap before GC invocations=30 (full 0):
 garbage-first heap   total 266240K, used 200541K [0x0000000080000000, 0x0000000100000000)
  region size 1024K, 48 young (49152K), 8 survivors (8192K)
 Metaspace       used 131415K, committed 133312K, reserved 1179648K
  class space    used 17186K, committed 18112K, reserved 1048576K
}
Event: 7.409 GC heap after
{Heap after GC invocations=31 (full 0):
 garbage-first heap   total 266240K, used 173439K [0x0000000080000000, 0x0000000100000000)
  region size 1024K, 6 young (6144K), 6 survivors (6144K)
 Metaspace       used 131415K, committed 133312K, reserved 1179648K
  class space    used 17186K, committed 18112K, reserved 1048576K
}
Event: 7.811 GC heap before
{Heap before GC invocations=31 (full 0):
 garbage-first heap   total 266240K, used 231807K [0x0000000080000000, 0x0000000100000000)
  region size 1024K, 63 young (64512K), 6 survivors (6144K)
 Metaspace       used 137379K, committed 139456K, reserved 1179648K
  class space    used 18094K, committed 19072K, reserved 1048576K
}
Event: 7.822 GC heap after
{Heap after GC invocations=32 (full 0):
 garbage-first heap   total 338944K, used 179057K [0x0000000080000000, 0x0000000100000000)
  region size 1024K, 6 young (6144K), 6 survivors (6144K)
 Metaspace       used 137379K, committed 139456K, reserved 1179648K
  class space    used 18094K, committed 19072K, reserved 1048576K
}
Event: 8.327 GC heap before
{Heap before GC invocations=32 (full 0):
 garbage-first heap   total 338944K, used 287601K [0x0000000080000000, 0x0000000100000000)
  region size 1024K, 113 young (115712K), 6 survivors (6144K)
 Metaspace       used 139820K, committed 141952K, reserved 1179648K
  class space    used 18391K, committed 19392K, reserved 1048576K
}
Event: 8.334 GC heap after
{Heap after GC invocations=33 (full 0):
 garbage-first heap   total 338944K, used 185453K [0x0000000080000000, 0x0000000100000000)
  region size 1024K, 13 young (13312K), 13 survivors (13312K)
 Metaspace       used 139820K, committed 141952K, reserved 1179648K
  class space    used 18391K, committed 19392K, reserved 1048576K
}
Event: 8.482 GC heap before
{Heap before GC invocations=34 (full 0):
 garbage-first heap   total 338944K, used 276589K [0x0000000080000000, 0x0000000100000000)
  region size 1024K, 119 young (121856K), 13 survivors (13312K)
 Metaspace       used 140088K, committed 142208K, reserved 1179648K
  class space    used 18437K, committed 19456K, reserved 1048576K
}
Event: 8.494 GC heap after
{Heap after GC invocations=35 (full 0):
 garbage-first heap   total 338944K, used 204128K [0x0000000080000000, 0x0000000100000000)
  region size 1024K, 15 young (15360K), 15 survivors (15360K)
 Metaspace       used 140088K, committed 142208K, reserved 1179648K
  class space    used 18437K, committed 19456K, reserved 1048576K
}
Event: 8.734 GC heap before
{Heap before GC invocations=35 (full 0):
 garbage-first heap   total 338944K, used 288096K [0x0000000080000000, 0x0000000100000000)
  region size 1024K, 94 young (96256K), 15 survivors (15360K)
 Metaspace       used 140590K, committed 142656K, reserved 1179648K
  class space    used 18474K, committed 19456K, reserved 1048576K
}
Event: 8.745 GC heap after
{Heap after GC invocations=36 (full 0):
 garbage-first heap   total 338944K, used 216576K [0x0000000080000000, 0x0000000100000000)
  region size 1024K, 12 young (12288K), 12 survivors (12288K)
 Metaspace       used 140590K, committed 142656K, reserved 1179648K
  class space    used 18474K, committed 19456K, reserved 1048576K
}
Event: 8.747 GC heap before
{Heap before GC invocations=36 (full 0):
 garbage-first heap   total 338944K, used 216576K [0x0000000080000000, 0x0000000100000000)
  region size 1024K, 13 young (13312K), 12 survivors (12288K)
 Metaspace       used 140590K, committed 142656K, reserved 1179648K
  class space    used 18474K, committed 19456K, reserved 1048576K
}

Dll operation events (3 events):
Event: 0.003 Loaded shared library D:\androidstudio\jbr\bin\java.dll
Event: 0.006 Loaded shared library D:\androidstudio\jbr\bin\zip.dll
Event: 0.303 Loaded shared library D:\androidstudio\jbr\bin\verify.dll

Deoptimization events (20 events):
Event: 8.696 Thread 0x000001ef7f567aa0 DEOPT PACKING pc=0x000001ef07e09cd4 sp=0x00000078e1ff4b80
Event: 8.696 Thread 0x000001ef7f567aa0 DEOPT UNPACKING pc=0x000001ef075843a2 sp=0x00000078e1ff4b08 mode 2
Event: 8.697 Thread 0x000001ef7f567aa0 Uncommon trap: trap_request=0xffffffde fr.pc=0x000001ef07d8b768 relative=0x0000000000000408
Event: 8.697 Thread 0x000001ef7f567aa0 Uncommon trap: reason=class_check action=maybe_recompile pc=0x000001ef07d8b768 method=java.lang.AbstractStringBuilder.append(Ljava/lang/CharSequence;)Ljava/lang/AbstractStringBuilder; @ 10 c2
Event: 8.697 Thread 0x000001ef7f567aa0 DEOPT PACKING pc=0x000001ef07d8b768 sp=0x00000078e1ff47b0
Event: 8.697 Thread 0x000001ef7f567aa0 DEOPT UNPACKING pc=0x000001ef075843a2 sp=0x00000078e1ff46c0 mode 2
Event: 8.706 Thread 0x000001ef7f567aa0 Uncommon trap: trap_request=0xffffffc6 fr.pc=0x000001ef07be2dd8 relative=0x00000000000002f8
Event: 8.706 Thread 0x000001ef7f567aa0 Uncommon trap: reason=bimorphic_or_optimized_type_check action=maybe_recompile pc=0x000001ef07be2dd8 method=com.google.common.base.CharMatcher.indexIn(Ljava/lang/CharSequence;I)I @ 31 c2
Event: 8.706 Thread 0x000001ef7f567aa0 DEOPT PACKING pc=0x000001ef07be2dd8 sp=0x00000078e1ff74f0
Event: 8.706 Thread 0x000001ef7f567aa0 DEOPT UNPACKING pc=0x000001ef075843a2 sp=0x00000078e1ff7498 mode 2
Event: 8.731 Thread 0x000001ef7f567aa0 Uncommon trap: trap_request=0xffffff45 fr.pc=0x000001ef07db5e88 relative=0x0000000000000828
Event: 8.731 Thread 0x000001ef7f567aa0 Uncommon trap: reason=unstable_if action=reinterpret pc=0x000001ef07db5e88 method=java.io.BufferedInputStream.implRead([BII)I @ 55 c2
Event: 8.731 Thread 0x000001ef7f567aa0 DEOPT PACKING pc=0x000001ef07db5e88 sp=0x00000078e1ff4d70
Event: 8.731 Thread 0x000001ef7f567aa0 DEOPT UNPACKING pc=0x000001ef075843a2 sp=0x00000078e1ff4d38 mode 2
Event: 8.732 Thread 0x000001ef7f567aa0 Uncommon trap: trap_request=0xffffffc6 fr.pc=0x000001ef0814e210 relative=0x0000000000000410
Event: 8.732 Thread 0x000001ef7f567aa0 Uncommon trap: reason=bimorphic_or_optimized_type_check action=maybe_recompile pc=0x000001ef0814e210 method=com.google.common.cache.LocalCache$Segment.getEntry(Ljava/lang/Object;I)Lcom/google/common/cache/ReferenceEntry; @ 24 c2
Event: 8.732 Thread 0x000001ef7f567aa0 DEOPT PACKING pc=0x000001ef0814e210 sp=0x00000078e1ff54b0
Event: 8.732 Thread 0x000001ef7f567aa0 DEOPT UNPACKING pc=0x000001ef075843a2 sp=0x00000078e1ff5448 mode 2
Event: 8.732 Thread 0x000001ef7f567aa0 DEOPT PACKING pc=0x000001ef002de781 sp=0x00000078e1ff5030
Event: 8.732 Thread 0x000001ef7f567aa0 DEOPT UNPACKING pc=0x000001ef07584b42 sp=0x00000078e1ff4540 mode 0

Classes loaded (20 events):
Event: 7.784 Loading class java/util/IdentityHashMap$EntryIterator$Entry
Event: 7.784 Loading class java/util/IdentityHashMap$EntryIterator$Entry done
Event: 7.810 Loading class java/lang/invoke/SerializedLambda$1
Event: 7.810 Loading class java/lang/invoke/SerializedLambda$1 done
Event: 7.833 Loading class org/xml/sax/SAXParseException
Event: 7.833 Loading class org/xml/sax/SAXParseException done
Event: 7.833 Loading class org/xml/sax/Attributes
Event: 7.833 Loading class org/xml/sax/Attributes done
Event: 7.833 Loading class org/xml/sax/Locator
Event: 7.833 Loading class org/xml/sax/Locator done
Event: 7.874 Loading class java/util/function/LongUnaryOperator
Event: 7.875 Loading class java/util/function/LongUnaryOperator done
Event: 7.883 Loading class java/util/TreeMap$KeySpliterator
Event: 7.883 Loading class java/util/TreeMap$TreeMapSpliterator
Event: 7.883 Loading class java/util/TreeMap$TreeMapSpliterator done
Event: 7.883 Loading class java/util/TreeMap$KeySpliterator done
Event: 8.120 Loading class java/util/LinkedList$LLSpliterator
Event: 8.120 Loading class java/util/LinkedList$LLSpliterator done
Event: 8.231 Loading class java/util/concurrent/atomic/Striped64$Cell
Event: 8.231 Loading class java/util/concurrent/atomic/Striped64$Cell done

Classes unloaded (0 events):
No events

Classes redefined (0 events):
No events

Internal exceptions (20 events):
Event: 8.719 Thread 0x000001ef7f567aa0 Exception <a 'sun/nio/fs/WindowsException'{0x000000008f7e09d8}> (0x000000008f7e09d8) 
thrown [s\src\hotspot\share\prims\jni.cpp, line 537]
Event: 8.719 Thread 0x000001ef7f567aa0 Exception <a 'sun/nio/fs/WindowsException'{0x000000008f7f44a8}> (0x000000008f7f44a8) 
thrown [s\src\hotspot\share\prims\jni.cpp, line 537]
Event: 8.720 Thread 0x000001ef7f567aa0 Exception <a 'sun/nio/fs/WindowsException'{0x000000008f604978}> (0x000000008f604978) 
thrown [s\src\hotspot\share\prims\jni.cpp, line 537]
Event: 8.721 Thread 0x000001ef7f567aa0 Exception <a 'sun/nio/fs/WindowsException'{0x000000008f616fa8}> (0x000000008f616fa8) 
thrown [s\src\hotspot\share\prims\jni.cpp, line 537]
Event: 8.721 Thread 0x000001ef7f567aa0 Exception <a 'sun/nio/fs/WindowsException'{0x000000008f625c70}> (0x000000008f625c70) 
thrown [s\src\hotspot\share\prims\jni.cpp, line 537]
Event: 8.722 Thread 0x000001ef7f567aa0 Exception <a 'sun/nio/fs/WindowsException'{0x000000008f638f38}> (0x000000008f638f38) 
thrown [s\src\hotspot\share\prims\jni.cpp, line 537]
Event: 8.723 Thread 0x000001ef7f567aa0 Exception <a 'sun/nio/fs/WindowsException'{0x000000008f64fad8}> (0x000000008f64fad8) 
thrown [s\src\hotspot\share\prims\jni.cpp, line 537]
Event: 8.724 Thread 0x000001ef7f567aa0 Exception <a 'sun/nio/fs/WindowsException'{0x000000008f67fb48}> (0x000000008f67fb48) 
thrown [s\src\hotspot\share\prims\jni.cpp, line 537]
Event: 8.726 Thread 0x000001ef7f567aa0 Exception <a 'sun/nio/fs/WindowsException'{0x000000008f69d6c8}> (0x000000008f69d6c8) 
thrown [s\src\hotspot\share\prims\jni.cpp, line 537]
Event: 8.730 Thread 0x000001ef7f567aa0 Exception <a 'sun/nio/fs/WindowsException'{0x000000008f57fa78}> (0x000000008f57fa78) 
thrown [s\src\hotspot\share\prims\jni.cpp, line 537]
Event: 8.731 Thread 0x000001ef7f567aa0 Exception <a 'sun/nio/fs/WindowsException'{0x000000008f58e048}> (0x000000008f58e048) 
thrown [s\src\hotspot\share\prims\jni.cpp, line 537]
Event: 8.731 Thread 0x000001ef7f567aa0 Exception <a 'sun/nio/fs/WindowsException'{0x000000008f59c690}> (0x000000008f59c690) 
thrown [s\src\hotspot\share\prims\jni.cpp, line 537]
Event: 8.732 Thread 0x000001ef7f567aa0 Exception <a 'sun/nio/fs/WindowsException'{0x000000008f5abbe0}> (0x000000008f5abbe0) 
thrown [s\src\hotspot\share\prims\jni.cpp, line 537]
Event: 8.732 Thread 0x000001ef7f567aa0 Exception <a 'sun/nio/fs/WindowsException'{0x000000008f5b2cd8}> (0x000000008f5b2cd8) 
thrown [s\src\hotspot\share\prims\jni.cpp, line 537]
Event: 8.733 Thread 0x000001ef7f567aa0 Exception <a 'sun/nio/fs/WindowsException'{0x000000008f5c2300}> (0x000000008f5c2300) 
thrown [s\src\hotspot\share\prims\jni.cpp, line 537]
Event: 8.733 Thread 0x000001ef7f567aa0 Exception <a 'sun/nio/fs/WindowsException'{0x000000008f5ca0f0}> (0x000000008f5ca0f0) 
thrown [s\src\hotspot\share\prims\jni.cpp, line 537]
Event: 8.733 Thread 0x000001ef7f567aa0 Exception <a 'sun/nio/fs/WindowsException'{0x000000008f5d7ed0}> (0x000000008f5d7ed0) 
thrown [s\src\hotspot\share\prims\jni.cpp, line 537]
Event: 8.733 Thread 0x000001ef7f567aa0 Exception <a 'sun/nio/fs/WindowsException'{0x000000008f5dfc78}> (0x000000008f5dfc78) 
thrown [s\src\hotspot\share\prims\jni.cpp, line 537]
Event: 8.733 Thread 0x000001ef7f567aa0 Exception <a 'sun/nio/fs/WindowsException'{0x000000008f5ed998}> (0x000000008f5ed998) 
thrown [s\src\hotspot\share\prims\jni.cpp, line 537]
Event: 8.734 Thread 0x000001ef7f567aa0 Exception <a 'sun/nio/fs/WindowsException'{0x000000008f5f5668}> (0x000000008f5f5668) 
thrown [s\src\hotspot\share\prims\jni.cpp, line 537]

ZGC Phase Switch (0 events):
No events

VM Operations (20 events):
Event: 8.080 Executing safepoint VM operation: ICBufferFull done
Event: 8.195 Executing safepoint VM operation: ICBufferFull
Event: 8.195 Executing safepoint VM operation: ICBufferFull done
Event: 8.276 Executing safepoint VM operation: ICBufferFull
Event: 8.276 Executing safepoint VM operation: ICBufferFull done
Event: 8.327 Executing safepoint VM operation: G1CollectForAllocation (G1 Evacuation Pause)
Event: 8.334 Executing safepoint VM operation: G1CollectForAllocation (G1 Evacuation Pause) done
Event: 8.376 Executing safepoint VM operation: G1PauseRemark
Event: 8.380 Executing safepoint VM operation: G1PauseRemark done
Event: 8.401 Executing safepoint VM operation: G1PauseCleanup
Event: 8.402 Executing safepoint VM operation: G1PauseCleanup done
Event: 8.482 Executing safepoint VM operation: G1CollectForAllocation (G1 Evacuation Pause)
Event: 8.494 Executing safepoint VM operation: G1CollectForAllocation (G1 Evacuation Pause) done
Event: 8.605 Executing safepoint VM operation: ICBufferFull
Event: 8.605 Executing safepoint VM operation: ICBufferFull done
Event: 8.709 Executing safepoint VM operation: ICBufferFull
Event: 8.709 Executing safepoint VM operation: ICBufferFull done
Event: 8.734 Executing safepoint VM operation: G1CollectForAllocation (G1 Evacuation Pause)
Event: 8.745 Executing safepoint VM operation: G1CollectForAllocation (G1 Evacuation Pause) done
Event: 8.747 Executing safepoint VM operation: G1TryInitiateConcMark (G1 Humongous Allocation)

Memory protections (0 events):
No events

Nmethod flushes (20 events):
Event: 8.380 Thread 0x000001ef7dc24a40 flushing  nmethod 0x000001ef00024910
Event: 8.380 Thread 0x000001ef7dc24a40 flushing  nmethod 0x000001ef0009c710
Event: 8.380 Thread 0x000001ef7dc24a40 flushing  nmethod 0x000001ef000a2090
Event: 8.380 Thread 0x000001ef7dc24a40 flushing  nmethod 0x000001ef00103d90
Event: 8.380 Thread 0x000001ef7dc24a40 flushing  nmethod 0x000001ef004abd90
Event: 8.380 Thread 0x000001ef7dc24a40 flushing  nmethod 0x000001ef00693790
Event: 8.380 Thread 0x000001ef7dc24a40 flushing  nmethod 0x000001ef00a02c10
Event: 8.380 Thread 0x000001ef7dc24a40 flushing  nmethod 0x000001ef00b13e90
Event: 8.380 Thread 0x000001ef7dc24a40 flushing  nmethod 0x000001ef01131210
Event: 8.380 Thread 0x000001ef7dc24a40 flushing  nmethod 0x000001ef01132590
Event: 8.380 Thread 0x000001ef7dc24a40 flushing  nmethod 0x000001ef07bd1090
Event: 8.380 Thread 0x000001ef7dc24a40 flushing  nmethod 0x000001ef07c71f90
Event: 8.380 Thread 0x000001ef7dc24a40 flushing  nmethod 0x000001ef07e4b310
Event: 8.380 Thread 0x000001ef7dc24a40 flushing  nmethod 0x000001ef002db410
Event: 8.380 Thread 0x000001ef7dc24a40 flushing  nmethod 0x000001ef00844e10
Event: 8.380 Thread 0x000001ef7dc24a40 flushing  nmethod 0x000001ef0094d890
Event: 8.380 Thread 0x000001ef7dc24a40 flushing  nmethod 0x000001ef0108c190
Event: 8.380 Thread 0x000001ef7dc24a40 flushing  nmethod 0x000001ef0115db10
Event: 8.380 Thread 0x000001ef7dc24a40 flushing  nmethod 0x000001ef00a79810
Event: 8.380 Thread 0x000001ef7dc24a40 flushing  nmethod 0x000001ef01117c10

Events (20 events):
Event: 3.067 Thread 0x000001ef7f567aa0 Thread added: 0x000001ef14db29b0
Event: 3.067 Thread 0x000001ef7f567aa0 Thread added: 0x000001ef14daba20
Event: 3.067 Thread 0x000001ef7f567aa0 Thread added: 0x000001ef14dac0b0
Event: 3.067 Thread 0x000001ef7f567aa0 Thread added: 0x000001ef14dae810
Event: 3.159 Thread 0x000001ef7f567aa0 Thread added: 0x000001ef14db08e0
Event: 3.159 Thread 0x000001ef7f567aa0 Thread added: 0x000001ef14dadaf0
Event: 3.159 Thread 0x000001ef7f567aa0 Thread added: 0x000001ef14daeea0
Event: 3.160 Thread 0x000001ef7f567aa0 Thread added: 0x000001ef14daf530
Event: 3.560 Thread 0x000001ef7e32a2a0 Thread exited: 0x000001ef7e32a2a0
Event: 3.672 Thread 0x000001ef7e10ba10 Thread exited: 0x000001ef7e10ba10
Event: 3.992 Thread 0x000001ef7dceed20 Thread added: 0x000001ef7f7adf40
Event: 4.121 Thread 0x000001ef7dceed20 Thread added: 0x000001ef1bde2860
Event: 4.763 Thread 0x000001ef1bde2860 Thread exited: 0x000001ef1bde2860
Event: 4.765 Thread 0x000001ef7f7adf40 Thread exited: 0x000001ef7f7adf40
Event: 4.978 Thread 0x000001ef7dceed20 Thread added: 0x000001ef1bde2860
Event: 4.993 Thread 0x000001ef7dceed20 Thread added: 0x000001ef1b86b030
Event: 7.083 Thread 0x000001ef1b86b030 Thread exited: 0x000001ef1b86b030
Event: 7.097 Thread 0x000001ef1bde2860 Thread exited: 0x000001ef1bde2860
Event: 7.118 Thread 0x000001ef7dceed20 Thread added: 0x000001ef1bde2860
Event: 7.120 Thread 0x000001ef7dceed20 Thread added: 0x000001ef1b86b030


Dynamic libraries:
0x00007ff6e80f0000 - 0x00007ff6e80fa000 	D:\androidstudio\jbr\bin\java.exe
0x00007ffc697f0000 - 0x00007ffc699e8000 	C:\Windows\SYSTEM32\ntdll.dll
0x00007ffc679c0000 - 0x00007ffc67a82000 	C:\Windows\System32\KERNEL32.DLL
0x00007ffc67230000 - 0x00007ffc67526000 	C:\Windows\System32\KERNELBASE.dll
0x00007ffc67090000 - 0x00007ffc67190000 	C:\Windows\System32\ucrtbase.dll
0x00007ffc48b80000 - 0x00007ffc48b9b000 	D:\androidstudio\jbr\bin\VCRUNTIME140.dll
0x00007ffc410e0000 - 0x00007ffc410f8000 	D:\androidstudio\jbr\bin\jli.dll
0x00007ffc69500000 - 0x00007ffc696a1000 	C:\Windows\System32\USER32.dll
0x00007ffc519f0000 - 0x00007ffc51c8b000 	C:\Windows\WinSxS\amd64_microsoft.windows.common-controls_6595b64144ccf1df_6.0.19041.6456_none_60b8a6cb71f64256\COMCTL32.dll
0x00007ffc66e50000 - 0x00007ffc66e72000 	C:\Windows\System32\win32u.dll
0x00007ffc67a90000 - 0x00007ffc67b2e000 	C:\Windows\System32\msvcrt.dll
0x00007ffc687f0000 - 0x00007ffc6881b000 	C:\Windows\System32\GDI32.dll
0x00007ffc67530000 - 0x00007ffc67649000 	C:\Windows\System32\gdi32full.dll
0x00007ffc67190000 - 0x00007ffc6722d000 	C:\Windows\System32\msvcp_win.dll
0x00007ffc677e0000 - 0x00007ffc6780f000 	C:\Windows\System32\IMM32.DLL
0x00007ffc61190000 - 0x00007ffc6119c000 	D:\androidstudio\jbr\bin\vcruntime140_1.dll
0x00007ffc2da40000 - 0x00007ffc2dacd000 	D:\androidstudio\jbr\bin\msvcp140.dll
0x00007ffbcbfd0000 - 0x00007ffbccc66000 	D:\androidstudio\jbr\bin\server\jvm.dll
0x00007ffc689b0000 - 0x00007ffc68a61000 	C:\Windows\System32\ADVAPI32.dll
0x00007ffc67b30000 - 0x00007ffc67bcf000 	C:\Windows\System32\sechost.dll
0x00007ffc68650000 - 0x00007ffc68770000 	C:\Windows\System32\RPCRT4.dll
0x00007ffc677b0000 - 0x00007ffc677d7000 	C:\Windows\System32\bcrypt.dll
0x00007ffc69250000 - 0x00007ffc692bb000 	C:\Windows\System32\WS2_32.dll
0x00007ffc66d30000 - 0x00007ffc66d7b000 	C:\Windows\SYSTEM32\POWRPROF.dll
0x00007ffc5fe70000 - 0x00007ffc5fe7a000 	C:\Windows\SYSTEM32\VERSION.dll
0x00007ffc5b510000 - 0x00007ffc5b537000 	C:\Windows\SYSTEM32\WINMM.dll
0x00007ffc66d10000 - 0x00007ffc66d22000 	C:\Windows\SYSTEM32\UMPDC.dll
0x00007ffc656b0000 - 0x00007ffc656c2000 	C:\Windows\SYSTEM32\kernel.appcore.dll
0x00007ffc48b50000 - 0x00007ffc48b5a000 	D:\androidstudio\jbr\bin\jimage.dll
0x00007ffc64b20000 - 0x00007ffc64d21000 	C:\Windows\SYSTEM32\DBGHELP.DLL
0x00007ffc439f0000 - 0x00007ffc43a24000 	C:\Windows\SYSTEM32\dbgcore.DLL
0x00007ffc66fb0000 - 0x00007ffc67032000 	C:\Windows\System32\bcryptPrimitives.dll
0x00007ffc639f0000 - 0x00007ffc639fe000 	D:\androidstudio\jbr\bin\instrument.dll
0x00007ffc46450000 - 0x00007ffc46470000 	D:\androidstudio\jbr\bin\java.dll
0x00007ffc46430000 - 0x00007ffc46448000 	D:\androidstudio\jbr\bin\zip.dll
0x00007ffc68ae0000 - 0x00007ffc69250000 	C:\Windows\System32\SHELL32.dll
0x00007ffc64d70000 - 0x00007ffc65515000 	C:\Windows\SYSTEM32\windows.storage.dll
0x00007ffc67c30000 - 0x00007ffc67f84000 	C:\Windows\System32\combase.dll
0x00007ffc667a0000 - 0x00007ffc667cb000 	C:\Windows\SYSTEM32\Wldp.dll
0x00007ffc696b0000 - 0x00007ffc6977d000 	C:\Windows\System32\OLEAUT32.dll
0x00007ffc69450000 - 0x00007ffc694fd000 	C:\Windows\System32\SHCORE.dll
0x00007ffc68950000 - 0x00007ffc689ab000 	C:\Windows\System32\shlwapi.dll
0x00007ffc66d80000 - 0x00007ffc66da4000 	C:\Windows\SYSTEM32\profapi.dll
0x00007ffc48b40000 - 0x00007ffc48b50000 	D:\androidstudio\jbr\bin\net.dll
0x00007ffc5f7d0000 - 0x00007ffc5f8da000 	C:\Windows\SYSTEM32\WINHTTP.dll
0x00007ffc66500000 - 0x00007ffc6656a000 	C:\Windows\system32\mswsock.dll
0x00007ffc46040000 - 0x00007ffc46056000 	D:\androidstudio\jbr\bin\nio.dll
0x00007ffc63e10000 - 0x00007ffc63e20000 	D:\androidstudio\jbr\bin\verify.dll
0x00007ffbfed00000 - 0x00007ffbfed27000 	C:\Users\Administrator\.gradle\native\660c5614fbf4a5f2a75b1949f50a0caf5cd603558e7d8a26e50b933a0cfb79d1\windows-amd64\native-platform.dll
0x00007ffc2d9c0000 - 0x00007ffc2da37000 	C:\Users\Administrator\.gradle\native\0.2.8\x86_64-windows-gnu\gradle-fileevents.dll
0x00007ffc46030000 - 0x00007ffc46039000 	D:\androidstudio\jbr\bin\management.dll
0x00007ffc446d0000 - 0x00007ffc446db000 	D:\androidstudio\jbr\bin\management_ext.dll
0x00007ffc68050000 - 0x00007ffc68058000 	C:\Windows\System32\PSAPI.DLL
0x00007ffc661e0000 - 0x00007ffc6621b000 	C:\Windows\SYSTEM32\IPHLPAPI.DLL
0x00007ffc68ad0000 - 0x00007ffc68ad8000 	C:\Windows\System32\NSI.dll
0x00007ffc46420000 - 0x00007ffc46429000 	D:\androidstudio\jbr\bin\extnet.dll
0x00007ffc66700000 - 0x00007ffc66718000 	C:\Windows\SYSTEM32\CRYPTSP.dll
0x00007ffc65e20000 - 0x00007ffc65e58000 	C:\Windows\system32\rsaenh.dll
0x00007ffc66c90000 - 0x00007ffc66cbe000 	C:\Windows\SYSTEM32\USERENV.dll
0x00007ffc666f0000 - 0x00007ffc666fc000 	C:\Windows\SYSTEM32\CRYPTBASE.dll
0x00007ffc464e0000 - 0x00007ffc464e7000 	C:\Windows\system32\wshunix.dll

JVMTI agents:
C:\Users\Administrator\.gradle\wrapper\dists\gradle-9.4.1-bin\arn2x92ynaizyzdaamcbpbhtj\gradle-9.4.1\lib\agents\gradle-instrumentation-agent-9.4.1.jar path:D:\androidstudio\jbr\bin\instrument.dll, loaded, initialized, instrumentlib options:none

dbghelp: loaded successfully - version: 4.0.5 - missing functions: none
symbol engine: initialized successfully - sym options: 0x614 - pdb path: .;D:\androidstudio\jbr\bin;C:\Windows\SYSTEM32;C:\Windows\WinSxS\amd64_microsoft.windows.common-controls_6595b64144ccf1df_6.0.19041.6456_none_60b8a6cb71f64256;D:\androidstudio\jbr\bin\server;C:\Users\Administrator\.gradle\native\660c5614fbf4a5f2a75b1949f50a0caf5cd603558e7d8a26e50b933a0cfb79d1\windows-amd64;C:\Users\Administrator\.gradle\native\0.2.8\x86_64-windows-gnu

VM Arguments:
jvm_args: --add-opens=java.base/java.lang=ALL-UNNAMED --add-opens=java.base/java.lang.invoke=ALL-UNNAMED --add-opens=java.base/java.util=ALL-UNNAMED --add-opens=java.prefs/java.util.prefs=ALL-UNNAMED --add-exports=jdk.compiler/com.sun.tools.javac.api=ALL-UNNAMED --add-exports=jdk.compiler/com.sun.tools.javac.util=ALL-UNNAMED --add-opens=java.base/java.util=ALL-UNNAMED --add-opens=java.prefs/java.util.prefs=ALL-UNNAMED --add-opens=java.base/java.nio.charset=ALL-UNNAMED --add-opens=java.base/java.net=ALL-UNNAMED --add-opens=java.base/java.util.concurrent=ALL-UNNAMED --add-opens=java.base/java.util.concurrent.atomic=ALL-UNNAMED --add-opens=java.xml/javax.xml.namespace=ALL-UNNAMED --add-opens=java.base/java.time=ALL-UNNAMED -Xmx2048m -Dfile.encoding=UTF-8 -Duser.country=RU -Duser.language=ru -Duser.variant -javaagent:C:\Users\Administrator\.gradle\wrapper\dists\gradle-9.4.1-bin\arn2x92ynaizyzdaamcbpbhtj\gradle-9.4.1\lib\agents\gradle-instrumentation-agent-9.4.1.jar 
java_command: org.gradle.launcher.daemon.bootstrap.GradleDaemon 9.4.1
java_class_path (initial): C:\Users\Administrator\.gradle\wrapper\dists\gradle-9.4.1-bin\arn2x92ynaizyzdaamcbpbhtj\gradle-9.4.1\lib\gradle-daemon-main-9.4.1.jar
Launcher Type: SUN_STANDARD

[Global flags]
     intx CICompilerCount                          = 4                                         {product} {ergonomic}
     uint ConcGCThreads                            = 3                                         {product} {ergonomic}
     uint G1ConcRefinementThreads                  = 10                                        {product} {ergonomic}
   size_t G1HeapRegionSize                         = 1048576                                   {product} {ergonomic}
    uintx GCDrainStackTargetSize                   = 64                                        {product} {ergonomic}
   size_t InitialHeapSize                          = 266338304                                 {product} {ergonomic}
   size_t MarkStackSize                            = 4194304                                   {product} {ergonomic}
   size_t MaxHeapSize                              = 2147483648                                {product} {command line}
   size_t MaxNewSize                               = 1287651328                                {product} {ergonomic}
   size_t MinHeapDeltaBytes                        = 1048576                                   {product} {ergonomic}
   size_t MinHeapSize                              = 8388608                                   {product} {ergonomic}
    uintx NonNMethodCodeHeapSize                   = 5839372                                {pd product} {ergonomic}
    uintx NonProfiledCodeHeapSize                  = 122909434                              {pd product} {ergonomic}
    uintx ProfiledCodeHeapSize                     = 122909434                              {pd product} {ergonomic}
    uintx ReservedCodeCacheSize                    = 251658240                              {pd product} {ergonomic}
     bool SegmentedCodeCache                       = true                                      {product} {ergonomic}
   size_t SoftMaxHeapSize                          = 2147483648                             {manageable} {ergonomic}
     bool UseCompressedOops                        = true                           {product lp64_product} {ergonomic}
     bool UseG1GC                                  = true                                      {product} {ergonomic}
     bool UseLargePagesIndividualAllocation        = false                                  {pd product} {ergonomic}

Logging:
Log output configuration:
 #0: stdout all=warning uptime,level,tags foldmultilines=false
 #1: stderr all=off uptime,level,tags foldmultilines=false

Release file:
JAVA_VERSION="21.0.10" 
MODULES="java.base java.compiler java.datatransfer java.xml java.prefs java.desktop java.instrument java.logging java.management java.security.sasl java.naming java.rmi java.management.rmi java.net.http java.scripting java.security.jgss java.transaction.xa java.sql java.sql.rowset java.xml.crypto java.se java.smartcardio jdk.accessibility jdk.internal.jvmstat jdk.attach jdk.charsets jdk.internal.opt jdk.zipfs jdk.compiler jdk.crypto.ec jdk.crypto.cryptoki jdk.dynalink jdk.hotspot.agent jdk.httpserver jdk.internal.ed jdk.internal.le jdk.internal.vm.ci jdk.jartool jdk.javadoc jdk.jcmd jdk.jdeps jdk.jdwp.agent jdk.jdi jdk.jfr jdk.jlink jdk.jsobject jdk.localedata jdk.management jdk.management.agent jdk.management.jfr jdk.naming.dns jdk.naming.rmi jdk.net jdk.sctp jdk.security.auth jdk.security.jgss jdk.unsupported jdk.unsupported.desktop jdk.xml.dom" 
IMPLEMENTOR="JetBrains s.r.o." 
JAVA_RUNTIME_VERSION="21.0.10+-14961533-b1163.108" 
LIBC="default" 
OS_ARCH="x86_64" 
OS_NAME="Windows" 
SOURCE=".:git:1351622c2ff2" 

Environment Variables:
PATH=C:\Program Files\Microsoft MPI\Bin\;C:\Program Files (x86)\Common Files\Oracle\Java\java8path;C:\Program Files (x86)\Common Files\Oracle\Java\javapath;C:\ProgramData\Oracle\Java\javapath;C:\Windows\system32;C:\Windows;C:\Windows\System32\Wbem;C:\Windows\System32\WindowsPowerShell\v1.0\;C:\Windows\System32\OpenSSH\;C:\Program Files (x86)\NVIDIA Corporation\PhysX\Common;C:\Program Files\dotnet\;C:\Program Files\NVIDIA Corporation\NVIDIA app\NvDLISR;C:\Program Files\Microsoft SQL Server\150\Tools\Binn\;C:\Program Files\Microsoft SQL Server\Client SDK\ODBC\170\Tools\Binn\;C:\Program Files (x86)\Microsoft SQL Server\160\Tools\Binn\;C:\Program Files\Microsoft SQL Server\160\Tools\Binn\;C:\Program Files\Microsoft SQL Server\160\DTS\Binn\;C:\Program Files (x86)\Microsoft SQL Server\160\DTS\Binn\;C:\Program Files\Git\cmd;C:\Program Files\Microsoft SQL Server\170\Tools\Binn\;D:\osp\OSPanel\bin;C:\Users\Administrator\AppData\Local\Programs\Python\Python312\Scripts\;C:\Users\Administrator\AppData\Local\Programs\Python\Python312\;C:\Users\Administrator\AppData\Local\Programs\Python\Launcher\;C:\Users\Administrator\AppData\Local\Microsoft\WindowsApps;C:\msys64\ucrt64\bin;C:\Program Files\JetBrains\PyCharm Community Edition 2023.3.2\bin;;C:\Users\Administrator\AppData\Local\Programs\Microsoft VS Code\bin;C:\Users\Administrator\.dotnet\tools
USERNAME=Administrator
OS=Windows_NT
PROCESSOR_IDENTIFIER=Intel64 Family 6 Model 151 Stepping 5, GenuineIntel
TMP=C:\Users\ADMINI~1\AppData\Local\Temp
TEMP=C:\Users\ADMINI~1\AppData\Local\Temp




Periodic native trim disabled

JNI global refs:
JNI global refs: 29, weak refs: 0

JNI global refs memory usage: 835, weak refs: 833

Process memory usage:
Resident Set Size: 715664K (4% of 16614648K total physical memory with 930096K free physical memory)

OOME stack traces (most recent first):
Classloader memory used:
Loader org.gradle.internal.classloader.VisitableURLClassLoader                         : 100M
Loader bootstrap                                                                       : 23539K
Loader org.gradle.initialization.MixInLegacyTypesClassLoader                           : 11226K
Loader org.gradle.internal.classloader.VisitableURLClassLoader                         : 1052K
Loader org.gradle.internal.classloader.VisitableURLClassLoader$InstrumentingVisitableURLClassLoader: 808K
Loader jdk.internal.jrtfs.JrtFileSystemProvider$JrtFsLoader                            : 341K
Loader jdk.internal.reflect.DelegatingClassLoader                                      : 294K
Loader jdk.internal.loader.ClassLoaders$PlatformClassLoader                            : 229K
Loader jdk.internal.loader.ClassLoaders$AppClassLoader                                 : 189K
Loader org.gradle.groovy.scripts.internal.DefaultScriptCompilationHandler$ScriptClassLoader: 91720B

Classes loaded by more than one classloader:
Class Program                                                                         : loaded 4 times (x 74B)
Class org.gradle.internal.Cast                                                        : loaded 3 times (x 71B)
Class org.gradle.api.GradleException                                                  : loaded 3 times (x 82B)
Class org.gradle.api.Action                                                           : loaded 3 times (x 70B)
Class org.gradle.internal.IoActions                                                   : loaded 3 times (x 71B)
Class com.google.common.collect.UnmodifiableListIterator                              : loaded 2 times (x 95B)
Class org.gradle.internal.operations.MultipleBuildOperationFailures                   : loaded 2 times (x 95B)
Class org.gradle.internal.classloader.DefaultClassLoaderFactory                       : loaded 2 times (x 82B)
Class kotlin.collections.AbstractList$Companion                                       : loaded 2 times (x 71B)
Class org.gradle.tooling.internal.gradle.DefaultProjectIdentifier                     : loaded 2 times (x 86B)
Class org.gradle.api.internal.DefaultClassPathProvider                                : loaded 2 times (x 76B)
Class [Lorg.gradle.api.internal.ClassPathProvider;                                    : loaded 2 times (x 69B)
Class org.gradle.api.internal.ClassPathProvider                                       : loaded 2 times (x 70B)
Class org.gradle.internal.service.UnknownServiceException                             : loaded 2 times (x 83B)
Class sync_studio_tooling11_d29ychqcdinxkpxsohcwtjisr$_run_closure1                   : loaded 2 times (x 139B)
Class org.gradle.internal.classpath.TransformedClassPath                              : loaded 2 times (x 96B)
Class org.gradle.internal.classloader.InstrumentingClassLoader                        : loaded 2 times (x 70B)
Class com.google.common.collect.Iterators$ArrayItr                                    : loaded 2 times (x 97B)
Class kotlin.enums.EnumEntriesList                                                    : loaded 2 times (x 223B)
Class com.google.common.collect.UnmodifiableIterator                                  : loaded 2 times (x 80B)
Class org.gradle.internal.service.ServiceLocator                                      : loaded 2 times (x 70B)
Class jdk.internal.jrtfs.JrtFileSystemProvider                                        : loaded 2 times (x 101B)
Class com.intellij.gradle.toolingExtension.util.GradleVersionUtil                     : loaded 2 times (x 71B)
Class com.google.common.collect.Iterators$SingletonIterator                           : loaded 2 times (x 81B)
Class org.gradle.tooling.model.UnsupportedMethodException                             : loaded 2 times (x 82B)
Class ijInit1_6l9dy5qe78zimjk27bm4z090c                                               : loaded 2 times (x 171B)
Class com.google.common.collect.Iterators                                             : loaded 2 times (x 71B)
Class org.gradle.kotlin.dsl.VersionCatalogAccessorsKt                                 : loaded 2 times (x 71B)
Class jdk.internal.jimage.ImageLocation                                               : loaded 2 times (x 90B)
Class com.google.common.collect.Lists$StringAsImmutableList                           : loaded 2 times (x 207B)
Class jdk.internal.jimage.ImageBufferCache$1                                          : loaded 2 times (x 83B)
Class org.gradle.internal.time.DefaultTimer                                           : loaded 2 times (x 80B)
Class jdk.internal.jimage.ImageBufferCache$2                                          : loaded 2 times (x 91B)
Class org.gradle.api.internal.classpath.DefaultModuleRegistry$DefaultModule           : loaded 2 times (x 82B)
Class com.google.common.collect.AbstractIterator                                      : loaded 2 times (x 82B)
Class com.google.common.collect.AbstractIndexedListIterator                           : loaded 2 times (x 96B)
Class org.gradle.internal.time.DefaultCountdownTimer                                  : loaded 2 times (x 88B)
Class org.gradle.tooling.internal.gradle.DefaultBuildIdentifier                       : loaded 2 times (x 79B)
Class org.gradle.api.internal.classpath.Module                                        : loaded 2 times (x 70B)
Class org.gradle.api.internal.classpath.UnknownModuleException                        : loaded 2 times (x 82B)
Class jdk.internal.jimage.ImageHeader                                                 : loaded 2 times (x 71B)
Class org.gradle.tooling.internal.gradle.GradleProjectIdentity                        : loaded 2 times (x 70B)
Class org.gradle.api.internal.DefaultClassPathRegistry                                : loaded 2 times (x 76B)
Class org.gradle.internal.classpath.DefaultClassPath$ImmutableUniqueList              : loaded 2 times (x 199B)
Class org.gradle.api.internal.ClassPathRegistry                                       : loaded 2 times (x 70B)
Class jdk.internal.jimage.decompressor.ResourceDecompressor                           : loaded 2 times (x 70B)
Class jdk.internal.jimage.decompressor.StringSharingDecompressorFactory               : loaded 2 times (x 74B)
Class Settings_gradle$1                                                               : loaded 2 times (x 74B)
Class org.gradle.internal.classpath.ClassPath                                         : loaded 2 times (x 70B)
Class org.gradle.api.internal.classpath.DefaultModuleRegistry$DefaultModuleAlias      : loaded 2 times (x 80B)
Class jdk.internal.jimage.ImageStringsReader                                          : loaded 2 times (x 80B)
Class com.google.common.collect.Iterators$1                                           : loaded 2 times (x 81B)
Class org.gradle.internal.classloader.ClassLoaderHierarchy                            : loaded 2 times (x 70B)
Class kotlin.UninitializedPropertyAccessException                                     : loaded 2 times (x 82B)
Class jdk.internal.jimage.ImageReader                                                 : loaded 2 times (x 75B)
Class jdk.internal.jimage.ImageReader$SharedImageReader                               : loaded 2 times (x 95B)
Class com.google.common.collect.Iterators$4                                           : loaded 2 times (x 82B)
Class org.gradle.api.internal.classpath.ModuleRegistry                                : loaded 2 times (x 70B)
Class org.gradle.internal.installation.GradleInstallation$1                           : loaded 2 times (x 75B)
Class jdk.internal.jimage.decompressor.ResourceDecompressorFactory                    : loaded 2 times (x 74B)
Class com.google.common.collect.Iterators$5                                           : loaded 2 times (x 82B)
Class jdk.internal.jimage.ImageReader$Node                                            : loaded 2 times (x 84B)
Class com.google.common.collect.ImmutableCollection                                   : loaded 2 times (x 125B)
Class org.gradle.api.internal.classpath.DefaultModuleRegistry                         : loaded 2 times (x 84B)
Class jdk.internal.jimage.BasicImageReader$1                                          : loaded 2 times (x 77B)
Class com.google.common.collect.Lists                                                 : loaded 2 times (x 71B)
Class com.google.common.collect.Iterators$9                                           : loaded 2 times (x 81B)
Class jdk.internal.jimage.decompressor.Decompressor                                   : loaded 2 times (x 72B)
Class ijInit1_6l9dy5qe78zimjk27bm4z090c$_run_closure1                                 : loaded 2 times (x 140B)
Class org.gradle.internal.time.MonotonicClock                                         : loaded 2 times (x 77B)
Class org.gradle.internal.service.ServiceLookupException                              : loaded 2 times (x 82B)
Class org.gradle.internal.classloader.ClassLoaderFactory                              : loaded 2 times (x 70B)
Class org.gradle.internal.service.CachingServiceLocator                               : loaded 2 times (x 82B)
Class org.gradle.internal.time.TimeSource                                             : loaded 2 times (x 70B)
Class org.gradle.tooling.internal.gradle.GradleBuildIdentity                          : loaded 2 times (x 70B)
Class kotlin.enums.EnumEntries                                                        : loaded 2 times (x 70B)
Class org.gradle.internal.exceptions.ResolutionProvider                               : loaded 2 times (x 70B)
Class jdk.internal.jimage.ImageBufferCache                                            : loaded 2 times (x 71B)
Class jdk.internal.jrtfs.JrtPath                                                      : loaded 2 times (x 118B)
Class org.gradle.tooling.model.ProjectIdentifier                                      : loaded 2 times (x 70B)
Class org.gradle.internal.classloader.ClasspathUtil                                   : loaded 2 times (x 71B)
Class org.gradle.internal.time.TimeSource$1                                           : loaded 2 times (x 77B)
Class kotlin.jvm.internal.DefaultConstructorMarker                                    : loaded 2 times (x 71B)
Class org.gradle.api.specs.Spec                                                       : loaded 2 times (x 70B)
Class jdk.internal.jimage.decompressor.ResourceDecompressorRepository                 : loaded 2 times (x 71B)
Class com.intellij.gradle.toolingExtension.impl.model.utilDummyModel.DummyModel       : loaded 2 times (x 70B)
Class org.gradle.internal.time.Clock                                                  : loaded 2 times (x 70B)
Class jdk.internal.jimage.ImageReader$Directory                                       : loaded 2 times (x 84B)
Class kotlin.collections.AbstractList                                                 : loaded 2 times (x 197B)
Class kotlin.collections.AbstractCollection                                           : loaded 2 times (x 117B)
Class org.gradle.internal.classloader.VisitableURLClassLoader$InstrumentingVisitableURLClassLoader: loaded 2 times (x 123B)
Class org.gradle.internal.classloader.VisitableURLClassLoader$Spec                    : loaded 2 times (x 74B)
Class org.gradle.internal.classpath.DefaultClassPath                                  : loaded 2 times (x 90B)
Class jdk.internal.jimage.decompressor.ZipDecompressorFactory                         : loaded 2 times (x 74B)
Class org.gradle.util.internal.DefaultGradleVersion                                   : loaded 2 times (x 82B)
Class org.gradle.internal.classloader.ClassLoaderSpec                                 : loaded 2 times (x 71B)
Class Settings_gradle$1$1                                                             : loaded 2 times (x 74B)
Class org.gradle.api.internal.classpath.Module$ModuleAlias                            : loaded 2 times (x 70B)
Class org.gradle.internal.classloader.VisitableURLClassLoader                         : loaded 2 times (x 117B)
Class Settings_gradle                                                                 : loaded 2 times (x 124B)
Class jdk.internal.jimage.BasicImageReader                                            : loaded 2 times (x 95B)
Class org.gradle.internal.classloader.FilteringClassLoader                            : loaded 2 times (x 105B)
Class jdk.internal.jimage.decompressor.ZipDecompressor                                : loaded 2 times (x 75B)
Class org.gradle.internal.classpath.DefaultClassPath$ImmutableUniqueList$Builder      : loaded 2 times (x 75B)
Class org.gradle.tooling.model.Model                                                  : loaded 2 times (x 70B)
Class org.gradle.internal.exceptions.NonGradleCauseExceptionsHolder                   : loaded 2 times (x 70B)
Class jdk.internal.jimage.ImageStrings                                                : loaded 2 times (x 70B)
Class kotlin.NotImplementedError                                                      : loaded 2 times (x 82B)
Class kotlin.enums.EnumEntriesKt                                                      : loaded 2 times (x 71B)
Class org.gradle.internal.exceptions.MultiCauseException                              : loaded 2 times (x 70B)
Class org.gradle.internal.time.CountdownTimer                                         : loaded 2 times (x 70B)
Class kotlin.jvm.internal.Intrinsics                                                  : loaded 2 times (x 71B)
Class jdk.internal.jrtfs.JrtFileSystem                                                : loaded 2 times (x 102B)
Class org.gradle.tooling.model.ProjectModel                                           : loaded 2 times (x 70B)
Class jdk.internal.jimage.decompressor.CompressedResourceHeader                       : loaded 2 times (x 71B)
Class kotlin.KotlinNullPointerException                                               : loaded 2 times (x 83B)
Class org.gradle.internal.exceptions.DefaultMultiCauseException                       : loaded 2 times (x 95B)
Class com.google.common.base.Preconditions                                            : loaded 2 times (x 71B)
Class com.google.common.collect.PeekingIterator                                       : loaded 2 times (x 70B)
Class org.gradle.internal.time.Time                                                   : loaded 2 times (x 71B)
Class sync_studio_tooling11_d29ychqcdinxkpxsohcwtjisr                                 : loaded 2 times (x 171B)
Class org.gradle.tooling.model.BuildIdentifier                                        : loaded 2 times (x 70B)
Class kotlin.NoWhenBranchMatchedException                                             : loaded 2 times (x 82B)
Class Build_gradle                                                                    : loaded 2 times (x 72B)
Class org.gradle.internal.time.Timer                                                  : loaded 2 times (x 70B)
Class kotlin.jvm.internal.markers.KMappedMarker                                       : loaded 2 times (x 70B)
Class org.gradle.internal.installation.CurrentGradleInstallationLocator               : loaded 2 times (x 71B)
Class com.google.common.collect.ImmutableList                                         : loaded 2 times (x 206B)
Class org.gradle.internal.service.DefaultServiceLocator                               : loaded 2 times (x 83B)
Class org.gradle.util.GradleVersion                                                   : loaded 2 times (x 81B)
Class org.gradle.internal.installation.CurrentGradleInstallation                      : loaded 2 times (x 73B)
Class org.gradle.util.internal.GUtil                                                  : loaded 2 times (x 71B)
Class com.google.common.collect.Iterators$MergingIterator                             : loaded 2 times (x 81B)
Class org.gradle.internal.installation.GradleInstallation                             : loaded 2 times (x 75B)
Class jdk.internal.jimage.decompressor.ResourceDecompressor$StringsProvider           : loaded 2 times (x 70B)

---------------  S Y S T E M  ---------------

OS:
 Windows 10 , 64 bit Build 19041 (10.0.19041.5915)
OS uptime: 0 days 9:44 hours

CPU: total 12 (initial active 12) (6 cores per cpu, 2 threads per core) family 6 model 151 stepping 5 microcode 0x26, cx8, cmov, fxsr, ht, mmx, 3dnowpref, sse, sse2, sse3, ssse3, sse4.1, sse4.2, popcnt, lzcnt, tsc, tscinvbit, avx, avx2, aes, erms, clmul, bmi1, bmi2, adx, sha, fma, vzeroupper, clflush, clflushopt, clwb, serialize, rdtscp, rdpid, fsrm, f16c, pku, cet_ibt, cet_ss
Processor Information for the first 12 processors :
  Max Mhz: 2500, Current Mhz: 2500, Mhz Limit: 2500

Memory: 4k page, system-wide physical 16225M (908M free)
TotalPageFile size 24225M (AvailPageFile size 21M)
current process WorkingSet (physical memory assigned to process): 699M, peak: 710M
current process commit charge ("private bytes"): 738M, peak: 886M

vm_info: OpenJDK 64-Bit Server VM (21.0.10+-14961533-b1163.108) for windows-amd64 JRE (21.0.10+-14961533-b1163.108), built on 2026-03-02T19:58:50Z by "builder" with MS VC++ 16.10 / 16.11 (VS2019)

END.
