#
# There is insufficient memory for the Java Runtime Environment to continue.
# Native memory allocation (mmap) failed to map 32505856 bytes. Error detail: G1 virtual space
# Possible reasons:
#   The system is out of physical RAM or swap space
#   This process is running with CompressedOops enabled, and the Java Heap may be blocking the growth of the native heap
# Possible solutions:
#   Reduce memory load on the system
#   Increase physical memory or swap space
#   Check if swap backing store is full
#   Decrease Java heap size (-Xmx/-Xms)
#   Decrease number of Java threads
#   Decrease Java thread stack sizes (-Xss)
#   Set larger code cache with -XX:ReservedCodeCacheSize=
#   JVM is running with Unscaled Compressed Oops mode in which the Java heap is
#     placed in the first 4GB address space. The Java Heap base address is the
#     maximum limit for the native heap growth. Please use -XX:HeapBaseMinAddress
#     to set the Java Heap base and to place the Java Heap above 4GB virtual address.
# This output file may be truncated or incomplete.
#
#  Out of Memory Error (os_windows.cpp:3926), pid=17368, tid=17192
#
# JRE version: OpenJDK Runtime Environment (21.0.10) (build 21.0.10+-14961533-b1163.108)
# Java VM: OpenJDK 64-Bit Server VM (21.0.10+-14961533-b1163.108, mixed mode, tiered, compressed oops, compressed class ptrs, g1 gc, windows-amd64)
# No core dump will be written. Minidumps are not enabled by default on client versions of Windows
#

---------------  S U M M A R Y ------------

Command Line: --add-opens=java.base/java.lang=ALL-UNNAMED --add-opens=java.base/java.lang.invoke=ALL-UNNAMED --add-opens=java.base/java.util=ALL-UNNAMED --add-opens=java.prefs/java.util.prefs=ALL-UNNAMED --add-exports=jdk.compiler/com.sun.tools.javac.api=ALL-UNNAMED --add-exports=jdk.compiler/com.sun.tools.javac.util=ALL-UNNAMED --add-opens=java.base/java.util=ALL-UNNAMED --add-opens=java.prefs/java.util.prefs=ALL-UNNAMED --add-opens=java.base/java.nio.charset=ALL-UNNAMED --add-opens=java.base/java.net=ALL-UNNAMED --add-opens=java.base/java.util.concurrent=ALL-UNNAMED --add-opens=java.base/java.util.concurrent.atomic=ALL-UNNAMED --add-opens=java.xml/javax.xml.namespace=ALL-UNNAMED --add-opens=java.base/java.time=ALL-UNNAMED -Xmx2048m -Dfile.encoding=UTF-8 -Duser.country=RU -Duser.language=ru -Duser.variant -javaagent:C:\Users\Administrator\.gradle\wrapper\dists\gradle-9.4.1-bin\arn2x92ynaizyzdaamcbpbhtj\gradle-9.4.1\lib\agents\gradle-instrumentation-agent-9.4.1.jar org.gradle.launcher.daemon.bootstrap.GradleDaemon 9.4.1

Host: 12th Gen Intel(R) Core(TM) i5-12400F, 12 cores, 15G,  Windows 10 , 64 bit Build 19041 (10.0.19041.5915)
Time: Mon May 25 04:09:11 2026 elapsed time: 9.656909 seconds (0d 0h 0m 9s)

---------------  T H R E A D  ---------------

Current thread (0x000001c19ac38550):  VMThread "VM Thread"          [id=17192, stack(0x00000054f7d00000,0x00000054f7e00000) (1024K)]

Stack: [0x00000054f7d00000,0x00000054f7e00000]
Native frames: (J=compiled Java code, j=interpreted, Vv=VM code, C=native code)
V  [jvm.dll+0x6d78a9]
V  [jvm.dll+0x8665b3]
V  [jvm.dll+0x868bde]
V  [jvm.dll+0x8692c3]
V  [jvm.dll+0x280ee6]
V  [jvm.dll+0x6d4165]
V  [jvm.dll+0x6c77fa]
V  [jvm.dll+0x358f4b]
V  [jvm.dll+0x360bc6]
V  [jvm.dll+0x3b2ea6]
V  [jvm.dll+0x3b3178]
V  [jvm.dll+0x32b65c]
V  [jvm.dll+0x32e066]
V  [jvm.dll+0x337f3d]
V  [jvm.dll+0x36f6a5]
V  [jvm.dll+0x86f048]
V  [jvm.dll+0x870394]
V  [jvm.dll+0x8708d0]
V  [jvm.dll+0x870b63]
V  [jvm.dll+0x80fd28]
V  [jvm.dll+0x6d60fd]
C  [ucrtbase.dll+0x21bb2]
C  [KERNEL32.DLL+0x17374]
C  [ntdll.dll+0x4cc91]

VM_Operation (0x00000054f78ff920): G1PauseRemark, mode: safepoint, requested by thread 0x000001c182f7a800


---------------  P R O C E S S  ---------------

Threads class SMR info:
_java_thread_list=0x000001c1a2663860, length=77, elements={
0x000001c182f119e0, 0x000001c19ac859f0, 0x000001c19ac8a570, 0x000001c19ac8afd0,
0x000001c19acaf8a0, 0x000001c19acb0300, 0x000001c19acb1500, 0x000001c19acb57d0,
0x000001c19acbf320, 0x000001c19acc3dd0, 0x000001c19f0254c0, 0x000001c19f0ddb00,
0x000001c19ff0baf0, 0x000001c1a1e21180, 0x000001c1a1b4a550, 0x000001c1a125b180,
0x000001c1a03ef090, 0x000001c1a1381a60, 0x000001c1a0517d50, 0x000001c1a0ed4b00,
0x000001c1a0ed4470, 0x000001c1a0ed1680, 0x000001c1a0ed23a0, 0x000001c1a0ed3750,
0x000001c1a0ed2a30, 0x000001c1a44ab550, 0x000001c1a44b1130, 0x000001c1a44ae9d0,
0x000001c1a44b17c0, 0x000001c1a44afd80, 0x000001c1a44adcb0, 0x000001c1a44ac900,
0x000001c1a44acf90, 0x000001c1a44b1e50, 0x000001c1a44af6f0, 0x000001c1a35a9d00,
0x000001c1a35a8fe0, 0x000001c1a35a9670, 0x000001c1a35aa390, 0x000001c1a35a6f10,
0x000001c1a35a75a0, 0x000001c1a46025b0, 0x000001c1a45fe410, 0x000001c1a46004e0,
0x000001c1a45fd6f0, 0x000001c1a4602c40, 0x000001c1a4600b70, 0x000001c1a4604d10,
0x000001c1a45ffe50, 0x000001c1a4601f20, 0x000001c1a4601890, 0x000001c1a45fdd80,
0x000001c1a4603ff0, 0x000001c1a53e1ad0, 0x000001c1a53e2160, 0x000001c1a53dd930,
0x000001c1a36e36c0, 0x000001c1a36e7860, 0x000001c1a36e29a0, 0x000001c1a36e7ef0,
0x000001c1a36e64b0, 0x000001c1a36e8580, 0x000001c1a36e3030, 0x000001c1a36e2310,
0x000001c1a36e4a70, 0x000001c1a36e3d50, 0x000001c1a36e8c10, 0x000001c1a36e5e20,
0x000001c1a36e9930, 0x000001c1ac911290, 0x000001c1ac911920, 0x000001c1ac910c00,
0x000001c1ac911fb0, 0x000001c19f38f030, 0x000001c19f391100, 0x000001c19f38e310,
0x000001c1a3a27c30
}

Java Threads: ( => current thread )
  0x000001c182f119e0 JavaThread "main"                              [_thread_blocked, id=18248, stack(0x00000054f7600000,0x00000054f7700000) (1024K)]
  0x000001c19ac859f0 JavaThread "Common-Cleaner"             daemon [_thread_blocked, id=18672, stack(0x00000054f7e00000,0x00000054f7f00000) (1024K)]
  0x000001c19ac8a570 JavaThread "Reference Handler"          daemon [_thread_blocked, id=15720, stack(0x00000054f7f00000,0x00000054f8000000) (1024K)]
  0x000001c19ac8afd0 JavaThread "Finalizer"                  daemon [_thread_blocked, id=2972, stack(0x00000054f8000000,0x00000054f8100000) (1024K)]
  0x000001c19acaf8a0 JavaThread "Signal Dispatcher"          daemon [_thread_blocked, id=12772, stack(0x00000054f8100000,0x00000054f8200000) (1024K)]
  0x000001c19acb0300 JavaThread "Attach Listener"            daemon [_thread_blocked, id=5264, stack(0x00000054f8200000,0x00000054f8300000) (1024K)]
  0x000001c19acb1500 JavaThread "Service Thread"             daemon [_thread_blocked, id=15732, stack(0x00000054f8300000,0x00000054f8400000) (1024K)]
  0x000001c19acb57d0 JavaThread "Monitor Deflation Thread"   daemon [_thread_blocked, id=12956, stack(0x00000054f8400000,0x00000054f8500000) (1024K)]
  0x000001c19acbf320 JavaThread "C2 CompilerThread0"         daemon [_thread_blocked, id=10252, stack(0x00000054f8500000,0x00000054f8600000) (1024K)]
  0x000001c19acc3dd0 JavaThread "C1 CompilerThread0"         daemon [_thread_blocked, id=17856, stack(0x00000054f8600000,0x00000054f8700000) (1024K)]
  0x000001c19f0254c0 JavaThread "Notification Thread"        daemon [_thread_blocked, id=9692, stack(0x00000054f8700000,0x00000054f8800000) (1024K)]
  0x000001c19f0ddb00 JavaThread "C2 CompilerThread1"         daemon [_thread_blocked, id=19448, stack(0x00000054f8800000,0x00000054f8900000) (1024K)]
  0x000001c19ff0baf0 JavaThread "Daemon health stats"               [_thread_blocked, id=18464, stack(0x00000054f8f00000,0x00000054f9000000) (1024K)]
  0x000001c1a1e21180 JavaThread "Incoming local TCP Connector on port 63146"        [_thread_in_native, id=17648, stack(0x00000054f9000000,0x00000054f9100000) (1024K)]
  0x000001c1a1b4a550 JavaThread "Daemon periodic checks"            [_thread_blocked, id=16788, stack(0x00000054f9100000,0x00000054f9200000) (1024K)]
  0x000001c1a125b180 JavaThread "Daemon"                            [_thread_blocked, id=18232, stack(0x00000054f9200000,0x00000054f9300000) (1024K)]
  0x000001c1a03ef090 JavaThread "Handler for socket connection from /127.0.0.1:63146 to /127.0.0.1:63147"        [_thread_in_native, id=16092, stack(0x00000054f9300000,0x00000054f9400000) (1024K)]
  0x000001c1a1381a60 JavaThread "Cancel handler"                    [_thread_blocked, id=5344, stack(0x00000054f9400000,0x00000054f9500000) (1024K)]
  0x000001c1a0517d50 JavaThread "Daemon worker"                     [_thread_blocked, id=15516, stack(0x00000054f9b00000,0x00000054f9c00000) (1024K)]
  0x000001c1a0ed4b00 JavaThread "Asynchronous log dispatcher for DefaultDaemonConnection: socket connection from /127.0.0.1:63146 to /127.0.0.1:63147"        [_thread_blocked, id=17776, stack(0x00000054f9c00000,0x00000054f9d00000) (1024K)]
  0x000001c1a0ed4470 JavaThread "Stdin handler"                     [_thread_blocked, id=11476, stack(0x00000054f9d00000,0x00000054f9e00000) (1024K)]
  0x000001c1a0ed1680 JavaThread "Daemon client event forwarder"        [_thread_blocked, id=15240, stack(0x00000054f9e00000,0x00000054f9f00000) (1024K)]
  0x000001c1a0ed23a0 JavaThread "Cache worker for journal cache (C:\Users\Administrator\.gradle\caches\journal-1)"        [_thread_blocked, id=18192, stack(0x00000054f9f00000,0x00000054fa000000) (1024K)]
  0x000001c1a0ed3750 JavaThread "File lock request listener"        [_thread_in_native, id=7040, stack(0x00000054fa000000,0x00000054fa100000) (1024K)]
  0x000001c1a0ed2a30 JavaThread "Cache worker for file hash cache (C:\Users\Administrator\.gradle\caches\9.4.1\fileHashes)"        [_thread_blocked, id=12856, stack(0x00000054fa100000,0x00000054fa200000) (1024K)]
  0x000001c1a44ab550 JavaThread "Cache worker for file hash cache (D:\HomeSmartPractice\.gradle\9.4.1\fileHashes)"        [_thread_blocked, id=4460, stack(0x00000054fa200000,0x00000054fa300000) (1024K)]
  0x000001c1a44b1130 JavaThread "Cache worker for Build Output Cleanup Cache (D:\HomeSmartPractice\.gradle\buildOutputCleanup)"        [_thread_blocked, id=18128, stack(0x00000054fa300000,0x00000054fa400000) (1024K)]
  0x000001c1a44ae9d0 JavaThread "File watcher server"        daemon [_thread_blocked, id=18544, stack(0x00000054fa400000,0x00000054fa500000) (1024K)]
  0x000001c1a44b17c0 JavaThread "File watcher consumer"      daemon [_thread_blocked, id=13384, stack(0x00000054fa500000,0x00000054fa600000) (1024K)]
  0x000001c1a44afd80 JavaThread "Cache worker for file content cache (C:\Users\Administrator\.gradle\caches\9.4.1\fileContent)"        [_thread_blocked, id=9732, stack(0x00000054fa600000,0x00000054fa700000) (1024K)]
  0x000001c1a44adcb0 JavaThread "Cache worker for checksums cache (D:\HomeSmartPractice\.gradle\9.4.1\checksums)"        [_thread_blocked, id=13940, stack(0x00000054fa700000,0x00000054fa800000) (1024K)]
  0x000001c1a44ac900 JavaThread "Cache worker for cache directory md-supplier (C:\Users\Administrator\.gradle\caches\9.4.1\md-supplier)"        [_thread_blocked, id=15928, stack(0x00000054fa800000,0x00000054fa900000) (1024K)]
  0x000001c1a44acf90 JavaThread "Cache worker for cache directory md-rule (C:\Users\Administrator\.gradle\caches\9.4.1\md-rule)"        [_thread_blocked, id=16836, stack(0x00000054fa900000,0x00000054faa00000) (1024K)]
  0x000001c1a44b1e50 JavaThread "jar transforms"                    [_thread_blocked, id=18648, stack(0x00000054faa00000,0x00000054fab00000) (1024K)]
  0x000001c1a44af6f0 JavaThread "jar transforms Thread 2"           [_thread_blocked, id=15484, stack(0x00000054fab00000,0x00000054fac00000) (1024K)]
  0x000001c1a35a9d00 JavaThread "jar transforms Thread 3"           [_thread_blocked, id=1064, stack(0x00000054fac00000,0x00000054fad00000) (1024K)]
  0x000001c1a35a8fe0 JavaThread "Build operations"                  [_thread_blocked, id=13536, stack(0x00000054fad00000,0x00000054fae00000) (1024K)]
  0x000001c1a35a9670 JavaThread "Build operations Thread 2"         [_thread_blocked, id=3808, stack(0x00000054fae00000,0x00000054faf00000) (1024K)]
  0x000001c1a35aa390 JavaThread "Build operations Thread 3"         [_thread_blocked, id=10200, stack(0x00000054faf00000,0x00000054fb000000) (1024K)]
  0x000001c1a35a6f10 JavaThread "Build operations Thread 4"         [_thread_blocked, id=1468, stack(0x00000054fb000000,0x00000054fb100000) (1024K)]
  0x000001c1a35a75a0 JavaThread "Build operations Thread 5"         [_thread_blocked, id=10624, stack(0x00000054fb100000,0x00000054fb200000) (1024K)]
  0x000001c1a46025b0 JavaThread "Build operations Thread 6"         [_thread_blocked, id=10712, stack(0x00000054fb200000,0x00000054fb300000) (1024K)]
  0x000001c1a45fe410 JavaThread "Build operations Thread 7"         [_thread_blocked, id=1352, stack(0x00000054fb300000,0x00000054fb400000) (1024K)]
  0x000001c1a46004e0 JavaThread "Build operations Thread 8"         [_thread_blocked, id=18576, stack(0x00000054fb400000,0x00000054fb500000) (1024K)]
  0x000001c1a45fd6f0 JavaThread "Build operations Thread 9"         [_thread_blocked, id=1748, stack(0x00000054fb500000,0x00000054fb600000) (1024K)]
  0x000001c1a4602c40 JavaThread "Build operations Thread 10"        [_thread_blocked, id=9288, stack(0x00000054fb600000,0x00000054fb700000) (1024K)]
  0x000001c1a4600b70 JavaThread "Build operations Thread 11"        [_thread_blocked, id=17644, stack(0x00000054fb700000,0x00000054fb800000) (1024K)]
  0x000001c1a4604d10 JavaThread "Build operations Thread 12"        [_thread_blocked, id=16332, stack(0x00000054fb800000,0x00000054fb900000) (1024K)]
  0x000001c1a45ffe50 JavaThread "jar transforms Thread 4"           [_thread_blocked, id=5976, stack(0x00000054fb900000,0x00000054fba00000) (1024K)]
  0x000001c1a4601f20 JavaThread "jar transforms Thread 5"           [_thread_blocked, id=624, stack(0x00000054fba00000,0x00000054fbb00000) (1024K)]
  0x000001c1a4601890 JavaThread "jar transforms Thread 6"           [_thread_blocked, id=9980, stack(0x00000054fbb00000,0x00000054fbc00000) (1024K)]
  0x000001c1a45fdd80 JavaThread "jar transforms Thread 7"           [_thread_blocked, id=14220, stack(0x00000054fbc00000,0x00000054fbd00000) (1024K)]
  0x000001c1a4603ff0 JavaThread "jar transforms Thread 8"           [_thread_blocked, id=16340, stack(0x00000054fbd00000,0x00000054fbe00000) (1024K)]
  0x000001c1a53e1ad0 JavaThread "build event listener"              [_thread_blocked, id=15324, stack(0x00000054fbe00000,0x00000054fbf00000) (1024K)]
  0x000001c1a53e2160 JavaThread "Memory manager"                    [_thread_blocked, id=18784, stack(0x00000054fbf00000,0x00000054fc000000) (1024K)]
  0x000001c1a53dd930 JavaThread "build event listener"              [_thread_blocked, id=3660, stack(0x00000054fc000000,0x00000054fc100000) (1024K)]
  0x000001c1a36e36c0 JavaThread "included builds"                   [_thread_blocked, id=5212, stack(0x00000054fc100000,0x00000054fc200000) (1024K)]
  0x000001c1a36e7860 JavaThread "Execution worker"                  [_thread_blocked, id=16624, stack(0x00000054fc200000,0x00000054fc300000) (1024K)]
  0x000001c1a36e29a0 JavaThread "Execution worker Thread 2"         [_thread_blocked, id=13028, stack(0x00000054fc300000,0x00000054fc400000) (1024K)]
  0x000001c1a36e7ef0 JavaThread "Execution worker Thread 3"         [_thread_blocked, id=13716, stack(0x00000054fc400000,0x00000054fc500000) (1024K)]
  0x000001c1a36e64b0 JavaThread "Execution worker Thread 4"         [_thread_blocked, id=15464, stack(0x00000054fc500000,0x00000054fc600000) (1024K)]
  0x000001c1a36e8580 JavaThread "Execution worker Thread 5"         [_thread_blocked, id=8784, stack(0x00000054fc600000,0x00000054fc700000) (1024K)]
  0x000001c1a36e3030 JavaThread "Execution worker Thread 6"         [_thread_blocked, id=18292, stack(0x00000054fc700000,0x00000054fc800000) (1024K)]
  0x000001c1a36e2310 JavaThread "Execution worker Thread 7"         [_thread_blocked, id=18832, stack(0x00000054fc800000,0x00000054fc900000) (1024K)]
  0x000001c1a36e4a70 JavaThread "Execution worker Thread 8"         [_thread_blocked, id=17808, stack(0x00000054fc900000,0x00000054fca00000) (1024K)]
  0x000001c1a36e3d50 JavaThread "Execution worker Thread 9"         [_thread_blocked, id=18904, stack(0x00000054fca00000,0x00000054fcb00000) (1024K)]
  0x000001c1a36e8c10 JavaThread "Execution worker Thread 10"        [_thread_blocked, id=5648, stack(0x00000054fcb00000,0x00000054fcc00000) (1024K)]
  0x000001c1a36e5e20 JavaThread "Execution worker Thread 11"        [_thread_blocked, id=10708, stack(0x00000054fcc00000,0x00000054fcd00000) (1024K)]
  0x000001c1a36e9930 JavaThread "Cache worker for execution history cache (D:\HomeSmartPractice\.gradle\9.4.1\executionHistory)"        [_thread_blocked, id=9956, stack(0x00000054fcd00000,0x00000054fce00000) (1024K)]
  0x000001c1ac911290 JavaThread "WorkerExecutor Queue"              [_thread_in_native, id=16912, stack(0x00000054fce00000,0x00000054fcf00000) (1024K)]
  0x000001c1ac911920 JavaThread "RMI Scheduler(0)"           daemon [_thread_blocked, id=12548, stack(0x00000054fcf00000,0x00000054fd000000) (1024K)]
  0x000001c1ac910c00 JavaThread "RMI RenewClean-[127.0.0.1:17674,org.jetbrains.kotlin.daemon.common.LoopbackNetworkInterface$ClientLoopbackSocketFactory@15c0ba7a]" daemon [_thread_blocked, id=15404, stack(0x00000054fd000000,0x00000054fd100000) (1024K)]
  0x000001c1ac911fb0 JavaThread "RMI GC Daemon"              daemon [_thread_blocked, id=16820, stack(0x00000054fd100000,0x00000054fd200000) (1024K)]
  0x000001c19f38f030 JavaThread "RMI TCP Accept-0"           daemon [_thread_in_native, id=1672, stack(0x00000054fd200000,0x00000054fd300000) (1024K)]
  0x000001c19f391100 JavaThread "RMI Reaper"                        [_thread_blocked, id=3648, stack(0x00000054fd300000,0x00000054fd400000) (1024K)]
  0x000001c19f38e310 JavaThread "RMI TCP Connection(1)-127.0.0.1" daemon [_thread_in_native, id=2168, stack(0x00000054fd400000,0x00000054fd500000) (1024K)]
  0x000001c1a3a27c30 JavaThread "C2 CompilerThread2"         daemon [_thread_in_native, id=12156, stack(0x00000054f8900000,0x00000054f8a00000) (1024K)]
Total: 77

Other Threads:
=>0x000001c19ac38550 VMThread "VM Thread"                           [id=17192, stack(0x00000054f7d00000,0x00000054f7e00000) (1024K)]
  0x000001c19aa840b0 WatcherThread "VM Periodic Task Thread"        [id=16984, stack(0x00000054f7c00000,0x00000054f7d00000) (1024K)]
  0x000001c182f688e0 WorkerThread "GC Thread#0"                     [id=16652, stack(0x00000054f7700000,0x00000054f7800000) (1024K)]
  0x000001c19fd97cf0 WorkerThread "GC Thread#1"                     [id=18132, stack(0x00000054f8a00000,0x00000054f8b00000) (1024K)]
  0x000001c19fdcab10 WorkerThread "GC Thread#2"                     [id=13668, stack(0x00000054f8b00000,0x00000054f8c00000) (1024K)]
  0x000001c19fdcaec0 WorkerThread "GC Thread#3"                     [id=2556, stack(0x00000054f8c00000,0x00000054f8d00000) (1024K)]
  0x000001c19fdcb270 WorkerThread "GC Thread#4"                     [id=12940, stack(0x00000054f8d00000,0x00000054f8e00000) (1024K)]
  0x000001c19fc61d70 WorkerThread "GC Thread#5"                     [id=19376, stack(0x00000054f8e00000,0x00000054f8f00000) (1024K)]
  0x000001c1a1294eb0 WorkerThread "GC Thread#6"                     [id=17328, stack(0x00000054f9500000,0x00000054f9600000) (1024K)]
  0x000001c1a1295610 WorkerThread "GC Thread#7"                     [id=17732, stack(0x00000054f9600000,0x00000054f9700000) (1024K)]
  0x000001c1a1295260 WorkerThread "GC Thread#8"                     [id=11840, stack(0x00000054f9700000,0x00000054f9800000) (1024K)]
  0x000001c1a1293c40 WorkerThread "GC Thread#9"                     [id=9348, stack(0x00000054f9800000,0x00000054f9900000) (1024K)]
  0x000001c182f7a800 ConcurrentGCThread "G1 Main Marker"            [id=17156, stack(0x00000054f7800000,0x00000054f7900000) (1024K)]
  0x000001c182f7b860 WorkerThread "G1 Conc#0"                       [id=1288, stack(0x00000054f7900000,0x00000054f7a00000) (1024K)]
  0x000001c1a1293ff0 WorkerThread "G1 Conc#1"                       [id=3416, stack(0x00000054f9900000,0x00000054f9a00000) (1024K)]
  0x000001c1a1de3d70 WorkerThread "G1 Conc#2"                       [id=9780, stack(0x00000054f9a00000,0x00000054f9b00000) (1024K)]
  0x000001c182fde460 ConcurrentGCThread "G1 Refine#0"               [id=3264, stack(0x00000054f7a00000,0x00000054f7b00000) (1024K)]
  0x000001c19a9566b0 ConcurrentGCThread "G1 Service"                [id=16388, stack(0x00000054f7b00000,0x00000054f7c00000) (1024K)]
Total: 18

Threads with active compile tasks:
C2 CompilerThread0  9687 14937       4       java.lang.StringLatin1::inflate (10 bytes)
C2 CompilerThread1  9687 14940       4       java.util.HashSet::remove (20 bytes)
C2 CompilerThread2  9687 14942       4       com.android.utils.XmlUtils::append (597 bytes)
Total: 3

VM state: at safepoint (normal execution)

VM Mutex/Monitor currently owned by a thread:  ([mutex/lock_event])
[0x00007ffbccb886d0] Threads_lock - owner thread: 0x000001c19ac38550
[0x00007ffbccb887d0] Heap_lock - owner thread: 0x000001c182f7a800

Heap address: 0x0000000080000000, size: 2048 MB, Compressed Oops mode: 32-bit

CDS archive(s) not mapped
Compressed class space mapped at: 0x0000000100000000-0x0000000140000000, reserved size: 1073741824
Narrow klass base: 0x0000000000000000, Narrow klass shift: 3, Narrow klass range: 0x140000000

GC Precious Log:
 CardTable entry size: 512
 Card Set container configuration: InlinePtr #cards 5 size 8 Array Of Cards #cards 12 size 40 Howl #buckets 4 coarsen threshold 1843 Howl Bitmap #cards 512 size 80 coarsen threshold 460 Card regions per heap region 1 cards per card region 2048
 CPUs: 12 total, 12 available
 Memory: 16225M
 Large Page Support: Disabled
 NUMA Support: Disabled
 Compressed Oops: Enabled (32-bit)
 Heap Region Size: 1M
 Heap Min Capacity: 8M
 Heap Initial Capacity: 254M
 Heap Max Capacity: 2G
 Pre-touch: Disabled
 Parallel Workers: 10
 Concurrent Workers: 3
 Concurrent Refinement Workers: 10
 Periodic GC: Disabled

Heap:
 garbage-first heap   total 259072K, used 176556K [0x0000000080000000, 0x0000000100000000)
  region size 1024K, 5 young (5120K), 1 survivors (1024K)
 Metaspace       used 122333K, committed 124800K, reserved 1179648K
  class space    used 17251K, committed 18432K, reserved 1048576K

Heap Regions: E=young(eden), S=young(survivor), O=old, HS=humongous(starts), HC=humongous(continues), CS=collection set, F=free, TAMS=top-at-mark-start, PB=parsable bottom
|   0|0x0000000080000000, 0x0000000080100000, 0x0000000080100000|100%|HS|  |TAMS 0x0000000080100000| PB 0x0000000080000000| Complete 
|   1|0x0000000080100000, 0x0000000080200000, 0x0000000080200000|100%|HC|  |TAMS 0x0000000080200000| PB 0x0000000080100000| Complete 
|   2|0x0000000080200000, 0x0000000080300000, 0x0000000080300000|100%|HC|  |TAMS 0x0000000080300000| PB 0x0000000080200000| Complete 
|   3|0x0000000080300000, 0x0000000080400000, 0x0000000080400000|100%|HC|  |TAMS 0x0000000080400000| PB 0x0000000080300000| Complete 
|   4|0x0000000080400000, 0x0000000080500000, 0x0000000080500000|100%| O|  |TAMS 0x0000000080500000| PB 0x0000000080500000| Untracked 
|   5|0x0000000080500000, 0x0000000080600000, 0x0000000080600000|100%| O|  |TAMS 0x0000000080600000| PB 0x0000000080600000| Untracked 
|   6|0x0000000080600000, 0x0000000080700000, 0x0000000080700000|100%| O|  |TAMS 0x0000000080700000| PB 0x0000000080700000| Untracked 
|   7|0x0000000080700000, 0x0000000080800000, 0x0000000080800000|100%| O|  |TAMS 0x0000000080800000| PB 0x0000000080800000| Updating 
|   8|0x0000000080800000, 0x0000000080900000, 0x0000000080900000|100%| O|  |TAMS 0x0000000080900000| PB 0x0000000080900000| Untracked 
|   9|0x0000000080900000, 0x0000000080a00000, 0x0000000080a00000|100%| O|  |TAMS 0x0000000080a00000| PB 0x0000000080a00000| Untracked 
|  10|0x0000000080a00000, 0x0000000080b00000, 0x0000000080b00000|100%| O|  |TAMS 0x0000000080b00000| PB 0x0000000080b00000| Untracked 
|  11|0x0000000080b00000, 0x0000000080c00000, 0x0000000080c00000|100%|HS|  |TAMS 0x0000000080c00000| PB 0x0000000080b00000| Complete 
|  12|0x0000000080c00000, 0x0000000080d00000, 0x0000000080d00000|100%| O|  |TAMS 0x0000000080d00000| PB 0x0000000080d00000| Untracked 
|  13|0x0000000080d00000, 0x0000000080e00000, 0x0000000080e00000|100%| O|  |TAMS 0x0000000080e00000| PB 0x0000000080e00000| Untracked 
|  14|0x0000000080e00000, 0x0000000080f00000, 0x0000000080f00000|100%| O|  |TAMS 0x0000000080f00000| PB 0x0000000080f00000| Untracked 
|  15|0x0000000080f00000, 0x0000000081000000, 0x0000000081000000|100%| O|  |TAMS 0x0000000081000000| PB 0x0000000081000000| Untracked 
|  16|0x0000000081000000, 0x0000000081100000, 0x0000000081100000|100%| O|  |TAMS 0x0000000081100000| PB 0x0000000081100000| Untracked 
|  17|0x0000000081100000, 0x0000000081200000, 0x0000000081200000|100%| O|  |TAMS 0x0000000081200000| PB 0x0000000081200000| Untracked 
|  18|0x0000000081200000, 0x0000000081300000, 0x0000000081300000|100%| O|  |TAMS 0x0000000081300000| PB 0x0000000081300000| Untracked 
|  19|0x0000000081300000, 0x0000000081400000, 0x0000000081400000|100%| O|  |TAMS 0x0000000081400000| PB 0x0000000081400000| Untracked 
|  20|0x0000000081400000, 0x0000000081500000, 0x0000000081500000|100%| O|  |TAMS 0x0000000081500000| PB 0x0000000081500000| Untracked 
|  21|0x0000000081500000, 0x0000000081600000, 0x0000000081600000|100%| O|  |TAMS 0x0000000081600000| PB 0x0000000081600000| Untracked 
|  22|0x0000000081600000, 0x0000000081700000, 0x0000000081700000|100%| O|  |TAMS 0x0000000081700000| PB 0x0000000081700000| Untracked 
|  23|0x0000000081700000, 0x0000000081800000, 0x0000000081800000|100%| O|  |TAMS 0x0000000081800000| PB 0x0000000081800000| Untracked 
|  24|0x0000000081800000, 0x0000000081900000, 0x0000000081900000|100%| O|  |TAMS 0x0000000081900000| PB 0x0000000081900000| Untracked 
|  25|0x0000000081900000, 0x0000000081a00000, 0x0000000081a00000|100%| O|  |TAMS 0x0000000081a00000| PB 0x0000000081a00000| Updating 
|  26|0x0000000081a00000, 0x0000000081b00000, 0x0000000081b00000|100%| O|  |TAMS 0x0000000081b00000| PB 0x0000000081b00000| Untracked 
|  27|0x0000000081b00000, 0x0000000081c00000, 0x0000000081c00000|100%| O|  |TAMS 0x0000000081c00000| PB 0x0000000081c00000| Untracked 
|  28|0x0000000081c00000, 0x0000000081d00000, 0x0000000081d00000|100%|HS|  |TAMS 0x0000000081d00000| PB 0x0000000081c00000| Complete 
|  29|0x0000000081d00000, 0x0000000081e00000, 0x0000000081e00000|100%|HC|  |TAMS 0x0000000081e00000| PB 0x0000000081d00000| Complete 
|  30|0x0000000081e00000, 0x0000000081f00000, 0x0000000081f00000|100%| O|  |TAMS 0x0000000081f00000| PB 0x0000000081f00000| Untracked 
|  31|0x0000000081f00000, 0x0000000082000000, 0x0000000082000000|100%| O|  |TAMS 0x0000000082000000| PB 0x0000000082000000| Untracked 
|  32|0x0000000082000000, 0x0000000082100000, 0x0000000082100000|100%| O|  |TAMS 0x0000000082100000| PB 0x0000000082100000| Updating 
|  33|0x0000000082100000, 0x0000000082200000, 0x0000000082200000|100%| O|  |TAMS 0x0000000082200000| PB 0x0000000082200000| Untracked 
|  34|0x0000000082200000, 0x0000000082300000, 0x0000000082300000|100%| O|  |TAMS 0x0000000082300000| PB 0x0000000082300000| Updating 
|  35|0x0000000082300000, 0x0000000082400000, 0x0000000082400000|100%| O|  |TAMS 0x0000000082400000| PB 0x0000000082400000| Untracked 
|  36|0x0000000082400000, 0x0000000082500000, 0x0000000082500000|100%| O|  |TAMS 0x0000000082500000| PB 0x0000000082500000| Untracked 
|  37|0x0000000082500000, 0x0000000082600000, 0x0000000082600000|100%| O|  |TAMS 0x0000000082600000| PB 0x0000000082600000| Updating 
|  38|0x0000000082600000, 0x0000000082700000, 0x0000000082700000|100%| O|  |TAMS 0x0000000082700000| PB 0x0000000082700000| Updating 
|  39|0x0000000082700000, 0x0000000082800000, 0x0000000082800000|100%| O|  |TAMS 0x0000000082800000| PB 0x0000000082800000| Untracked 
|  40|0x0000000082800000, 0x0000000082900000, 0x0000000082900000|100%| O|  |TAMS 0x0000000082900000| PB 0x0000000082900000| Untracked 
|  41|0x0000000082900000, 0x0000000082a00000, 0x0000000082a00000|100%| O|  |TAMS 0x0000000082a00000| PB 0x0000000082a00000| Untracked 
|  42|0x0000000082a00000, 0x0000000082b00000, 0x0000000082b00000|100%| O|  |TAMS 0x0000000082b00000| PB 0x0000000082b00000| Untracked 
|  43|0x0000000082b00000, 0x0000000082c00000, 0x0000000082c00000|100%| O|  |TAMS 0x0000000082c00000| PB 0x0000000082c00000| Updating 
|  44|0x0000000082c00000, 0x0000000082d00000, 0x0000000082d00000|100%|HS|  |TAMS 0x0000000082d00000| PB 0x0000000082c00000| Complete 
|  45|0x0000000082d00000, 0x0000000082e00000, 0x0000000082e00000|100%|HS|  |TAMS 0x0000000082e00000| PB 0x0000000082d00000| Complete 
|  46|0x0000000082e00000, 0x0000000082f00000, 0x0000000082f00000|100%|HS|  |TAMS 0x0000000082f00000| PB 0x0000000082e00000| Complete 
|  47|0x0000000082f00000, 0x0000000083000000, 0x0000000083000000|100%| O|  |TAMS 0x0000000083000000| PB 0x0000000083000000| Untracked 
|  48|0x0000000083000000, 0x0000000083100000, 0x0000000083100000|100%| O|  |TAMS 0x0000000083100000| PB 0x0000000083100000| Untracked 
|  49|0x0000000083100000, 0x0000000083200000, 0x0000000083200000|100%| O|  |TAMS 0x0000000083200000| PB 0x0000000083200000| Updating 
|  50|0x0000000083200000, 0x0000000083300000, 0x0000000083300000|100%| O|  |TAMS 0x0000000083300000| PB 0x0000000083300000| Untracked 
|  51|0x0000000083300000, 0x0000000083400000, 0x0000000083400000|100%|HS|  |TAMS 0x0000000083400000| PB 0x0000000083300000| Complete 
|  52|0x0000000083400000, 0x0000000083500000, 0x0000000083500000|100%|HC|  |TAMS 0x0000000083500000| PB 0x0000000083400000| Complete 
|  53|0x0000000083500000, 0x0000000083600000, 0x0000000083600000|100%|HS|  |TAMS 0x0000000083600000| PB 0x0000000083500000| Complete 
|  54|0x0000000083600000, 0x0000000083700000, 0x0000000083700000|100%| O|  |TAMS 0x0000000083700000| PB 0x0000000083700000| Untracked 
|  55|0x0000000083700000, 0x0000000083800000, 0x0000000083800000|100%| O|  |TAMS 0x0000000083800000| PB 0x0000000083800000| Untracked 
|  56|0x0000000083800000, 0x0000000083900000, 0x0000000083900000|100%| O|  |TAMS 0x0000000083900000| PB 0x0000000083900000| Updating 
|  57|0x0000000083900000, 0x0000000083a00000, 0x0000000083a00000|100%|HS|  |TAMS 0x0000000083a00000| PB 0x0000000083900000| Complete 
|  58|0x0000000083a00000, 0x0000000083b00000, 0x0000000083b00000|100%|HS|  |TAMS 0x0000000083b00000| PB 0x0000000083a00000| Complete 
|  59|0x0000000083b00000, 0x0000000083c00000, 0x0000000083c00000|100%| O|  |TAMS 0x0000000083c00000| PB 0x0000000083c00000| Untracked 
|  60|0x0000000083c00000, 0x0000000083d00000, 0x0000000083d00000|100%| O|  |TAMS 0x0000000083d00000| PB 0x0000000083d00000| Untracked 
|  61|0x0000000083d00000, 0x0000000083e00000, 0x0000000083e00000|100%| O|  |TAMS 0x0000000083e00000| PB 0x0000000083e00000| Untracked 
|  62|0x0000000083e00000, 0x0000000083f00000, 0x0000000083f00000|100%| O|  |TAMS 0x0000000083f00000| PB 0x0000000083f00000| Untracked 
|  63|0x0000000083f00000, 0x0000000084000000, 0x0000000084000000|100%| O|  |TAMS 0x0000000084000000| PB 0x0000000084000000| Updating 
|  64|0x0000000084000000, 0x0000000084100000, 0x0000000084100000|100%|HS|  |TAMS 0x0000000084100000| PB 0x0000000084000000| Complete 
|  65|0x0000000084100000, 0x0000000084200000, 0x0000000084200000|100%|HC|  |TAMS 0x0000000084200000| PB 0x0000000084100000| Complete 
|  66|0x0000000084200000, 0x0000000084300000, 0x0000000084300000|100%| O|  |TAMS 0x0000000084300000| PB 0x0000000084300000| Untracked 
|  67|0x0000000084300000, 0x0000000084400000, 0x0000000084400000|100%| O|  |TAMS 0x0000000084400000| PB 0x0000000084400000| Updating 
|  68|0x0000000084400000, 0x0000000084500000, 0x0000000084500000|100%| O|  |TAMS 0x0000000084400000| PB 0x0000000084400000| Untracked 
|  69|0x0000000084500000, 0x0000000084600000, 0x0000000084600000|100%| O|  |TAMS 0x0000000084600000| PB 0x0000000084600000| Untracked 
|  70|0x0000000084600000, 0x0000000084700000, 0x0000000084700000|100%| O|  |TAMS 0x0000000084700000| PB 0x0000000084700000| Untracked 
|  71|0x0000000084700000, 0x0000000084800000, 0x0000000084800000|100%|HS|  |TAMS 0x0000000084800000| PB 0x0000000084700000| Complete 
|  72|0x0000000084800000, 0x0000000084900000, 0x0000000084900000|100%| O|  |TAMS 0x0000000084900000| PB 0x0000000084900000| Untracked 
|  73|0x0000000084900000, 0x0000000084a00000, 0x0000000084a00000|100%| O|  |TAMS 0x0000000084a00000| PB 0x0000000084a00000| Untracked 
|  74|0x0000000084a00000, 0x0000000084b00000, 0x0000000084b00000|100%| O|  |TAMS 0x0000000084b00000| PB 0x0000000084b00000| Untracked 
|  75|0x0000000084b00000, 0x0000000084c00000, 0x0000000084c00000|100%| O|  |TAMS 0x0000000084c00000| PB 0x0000000084c00000| Untracked 
|  76|0x0000000084c00000, 0x0000000084d00000, 0x0000000084d00000|100%| O|  |TAMS 0x0000000084d00000| PB 0x0000000084d00000| Updating 
|  77|0x0000000084d00000, 0x0000000084e00000, 0x0000000084e00000|100%| O|  |TAMS 0x0000000084e00000| PB 0x0000000084e00000| Untracked 
|  78|0x0000000084e00000, 0x0000000084f00000, 0x0000000084f00000|100%| O|  |TAMS 0x0000000084f00000| PB 0x0000000084f00000| Updating 
|  79|0x0000000084f00000, 0x0000000085000000, 0x0000000085000000|100%| O|  |TAMS 0x0000000085000000| PB 0x0000000085000000| Updating 
|  80|0x0000000085000000, 0x0000000085100000, 0x0000000085100000|100%| O|  |TAMS 0x0000000085100000| PB 0x0000000085100000| Updating 
|  81|0x0000000085100000, 0x0000000085200000, 0x0000000085200000|100%| O|  |TAMS 0x0000000085200000| PB 0x0000000085200000| Untracked 
|  82|0x0000000085200000, 0x0000000085300000, 0x0000000085300000|100%| O|  |TAMS 0x0000000085300000| PB 0x0000000085300000| Updating 
|  83|0x0000000085300000, 0x0000000085400000, 0x0000000085400000|100%| O|  |TAMS 0x0000000085400000| PB 0x0000000085400000| Updating 
|  84|0x0000000085400000, 0x0000000085500000, 0x0000000085500000|100%| O|  |TAMS 0x0000000085500000| PB 0x0000000085500000| Untracked 
|  85|0x0000000085500000, 0x0000000085600000, 0x0000000085600000|100%| O|  |TAMS 0x0000000085600000| PB 0x0000000085600000| Untracked 
|  86|0x0000000085600000, 0x0000000085700000, 0x0000000085700000|100%| O|  |TAMS 0x0000000085700000| PB 0x0000000085700000| Untracked 
|  87|0x0000000085700000, 0x0000000085800000, 0x0000000085800000|100%| O|  |TAMS 0x0000000085800000| PB 0x0000000085800000| Untracked 
|  88|0x0000000085800000, 0x0000000085900000, 0x0000000085900000|100%| O|  |TAMS 0x0000000085900000| PB 0x0000000085900000| Untracked 
|  89|0x0000000085900000, 0x0000000085a00000, 0x0000000085a00000|100%| O|  |TAMS 0x0000000085a00000| PB 0x0000000085a00000| Untracked 
|  90|0x0000000085a00000, 0x0000000085b00000, 0x0000000085b00000|100%| O|  |TAMS 0x0000000085b00000| PB 0x0000000085b00000| Untracked 
|  91|0x0000000085b00000, 0x0000000085c00000, 0x0000000085c00000|100%| O|  |TAMS 0x0000000085c00000| PB 0x0000000085c00000| Untracked 
|  92|0x0000000085c00000, 0x0000000085d00000, 0x0000000085d00000|100%| O|  |TAMS 0x0000000085d00000| PB 0x0000000085d00000| Untracked 
|  93|0x0000000085d00000, 0x0000000085e00000, 0x0000000085e00000|100%| O|  |TAMS 0x0000000085e00000| PB 0x0000000085e00000| Untracked 
|  94|0x0000000085e00000, 0x0000000085f00000, 0x0000000085f00000|100%| O|  |TAMS 0x0000000085f00000| PB 0x0000000085f00000| Updating 
|  95|0x0000000085f00000, 0x0000000086000000, 0x0000000086000000|100%| O|  |TAMS 0x0000000086000000| PB 0x0000000086000000| Untracked 
|  96|0x0000000086000000, 0x0000000086100000, 0x0000000086100000|100%| O|  |TAMS 0x0000000086100000| PB 0x0000000086100000| Untracked 
|  97|0x0000000086100000, 0x0000000086200000, 0x0000000086200000|100%| O|  |TAMS 0x0000000086200000| PB 0x0000000086200000| Untracked 
|  98|0x0000000086200000, 0x0000000086300000, 0x0000000086300000|100%| O|  |TAMS 0x0000000086300000| PB 0x0000000086300000| Untracked 
|  99|0x0000000086300000, 0x0000000086400000, 0x0000000086400000|100%| O|  |TAMS 0x0000000086400000| PB 0x0000000086400000| Untracked 
| 100|0x0000000086400000, 0x0000000086500000, 0x0000000086500000|100%| O|  |TAMS 0x0000000086500000| PB 0x0000000086500000| Untracked 
| 101|0x0000000086500000, 0x0000000086600000, 0x0000000086600000|100%| O|  |TAMS 0x0000000086600000| PB 0x0000000086600000| Untracked 
| 102|0x0000000086600000, 0x0000000086700000, 0x0000000086700000|100%| O|  |TAMS 0x0000000086700000| PB 0x0000000086700000| Untracked 
| 103|0x0000000086700000, 0x0000000086800000, 0x0000000086800000|100%| O|  |TAMS 0x0000000086800000| PB 0x0000000086800000| Untracked 
| 104|0x0000000086800000, 0x0000000086900000, 0x0000000086900000|100%| O|  |TAMS 0x0000000086900000| PB 0x0000000086900000| Untracked 
| 105|0x0000000086900000, 0x0000000086a00000, 0x0000000086a00000|100%| O|  |TAMS 0x0000000086a00000| PB 0x0000000086a00000| Untracked 
| 106|0x0000000086a00000, 0x0000000086b00000, 0x0000000086b00000|100%| O|  |TAMS 0x0000000086a00000| PB 0x0000000086a00000| Untracked 
| 107|0x0000000086b00000, 0x0000000086c00000, 0x0000000086c00000|100%| O|  |TAMS 0x0000000086c00000| PB 0x0000000086c00000| Updating 
| 108|0x0000000086c00000, 0x0000000086d00000, 0x0000000086d00000|100%| O|  |TAMS 0x0000000086c00000| PB 0x0000000086c00000| Untracked 
| 109|0x0000000086d00000, 0x0000000086e00000, 0x0000000086e00000|100%| O|  |TAMS 0x0000000086e00000| PB 0x0000000086e00000| Untracked 
| 110|0x0000000086e00000, 0x0000000086f00000, 0x0000000086f00000|100%| O|  |TAMS 0x0000000086f00000| PB 0x0000000086f00000| Updating 
| 111|0x0000000086f00000, 0x0000000087000000, 0x0000000087000000|100%| O|  |TAMS 0x0000000086f00000| PB 0x0000000086f00000| Untracked 
| 112|0x0000000087000000, 0x0000000087100000, 0x0000000087100000|100%| O|  |TAMS 0x0000000087000000| PB 0x0000000087000000| Untracked 
| 113|0x0000000087100000, 0x0000000087200000, 0x0000000087200000|100%| O|  |TAMS 0x0000000087100000| PB 0x0000000087100000| Untracked 
| 114|0x0000000087200000, 0x0000000087300000, 0x0000000087300000|100%| O|  |TAMS 0x0000000087200000| PB 0x0000000087200000| Untracked 
| 115|0x0000000087300000, 0x0000000087400000, 0x0000000087400000|100%| O|  |TAMS 0x0000000087300000| PB 0x0000000087300000| Untracked 
| 116|0x0000000087400000, 0x0000000087500000, 0x0000000087500000|100%| O|  |TAMS 0x0000000087400000| PB 0x0000000087400000| Untracked 
| 117|0x0000000087500000, 0x0000000087600000, 0x0000000087600000|100%| O|  |TAMS 0x0000000087500000| PB 0x0000000087500000| Untracked 
| 118|0x0000000087600000, 0x0000000087700000, 0x0000000087700000|100%| O|  |TAMS 0x0000000087600000| PB 0x0000000087600000| Untracked 
| 119|0x0000000087700000, 0x0000000087773e30, 0x0000000087800000| 45%| O|  |TAMS 0x0000000087700000| PB 0x0000000087700000| Updating 
| 120|0x0000000087800000, 0x0000000087800000, 0x0000000087900000|  0%| F|  |TAMS 0x0000000087800000| PB 0x0000000087800000| Untracked 
| 121|0x0000000087900000, 0x0000000087a00000, 0x0000000087a00000|100%|HS|  |TAMS 0x0000000087a00000| PB 0x0000000087900000| Complete 
| 122|0x0000000087a00000, 0x0000000087b00000, 0x0000000087b00000|100%|HC|  |TAMS 0x0000000087b00000| PB 0x0000000087a00000| Complete 
| 123|0x0000000087b00000, 0x0000000087b00000, 0x0000000087c00000|  0%| F|  |TAMS 0x0000000087b00000| PB 0x0000000087b00000| Untracked 
| 124|0x0000000087c00000, 0x0000000087d00000, 0x0000000087d00000|100%|HS|  |TAMS 0x0000000087d00000| PB 0x0000000087c00000| Complete 
| 125|0x0000000087d00000, 0x0000000087e00000, 0x0000000087e00000|100%|HC|  |TAMS 0x0000000087e00000| PB 0x0000000087d00000| Complete 
| 126|0x0000000087e00000, 0x0000000087f00000, 0x0000000087f00000|100%|HS|  |TAMS 0x0000000087e00000| PB 0x0000000087e00000| Complete 
| 127|0x0000000087f00000, 0x0000000088000000, 0x0000000088000000|100%|HC|  |TAMS 0x0000000087f00000| PB 0x0000000087f00000| Complete 
| 128|0x0000000088000000, 0x0000000088100000, 0x0000000088100000|100%|HC|  |TAMS 0x0000000088000000| PB 0x0000000088000000| Complete 
| 129|0x0000000088100000, 0x0000000088200000, 0x0000000088200000|100%|HC|  |TAMS 0x0000000088100000| PB 0x0000000088100000| Complete 
| 130|0x0000000088200000, 0x0000000088300000, 0x0000000088300000|100%|HS|  |TAMS 0x0000000088200000| PB 0x0000000088200000| Complete 
| 131|0x0000000088300000, 0x0000000088400000, 0x0000000088400000|100%|HC|  |TAMS 0x0000000088300000| PB 0x0000000088300000| Complete 
| 132|0x0000000088400000, 0x0000000088500000, 0x0000000088500000|100%|HC|  |TAMS 0x0000000088400000| PB 0x0000000088400000| Complete 
| 133|0x0000000088500000, 0x0000000088600000, 0x0000000088600000|100%| O|  |TAMS 0x0000000088600000| PB 0x0000000088600000| Untracked 
| 134|0x0000000088600000, 0x0000000088700000, 0x0000000088700000|100%| O|  |TAMS 0x0000000088700000| PB 0x0000000088700000| Untracked 
| 135|0x0000000088700000, 0x0000000088800000, 0x0000000088800000|100%| O|  |TAMS 0x0000000088800000| PB 0x0000000088800000| Untracked 
| 136|0x0000000088800000, 0x0000000088900000, 0x0000000088900000|100%| O|  |TAMS 0x0000000088900000| PB 0x0000000088900000| Untracked 
| 137|0x0000000088900000, 0x0000000088a00000, 0x0000000088a00000|100%|HS|  |TAMS 0x0000000088900000| PB 0x0000000088900000| Complete 
| 138|0x0000000088a00000, 0x0000000088b00000, 0x0000000088b00000|100%|HC|  |TAMS 0x0000000088a00000| PB 0x0000000088a00000| Complete 
| 139|0x0000000088b00000, 0x0000000088c00000, 0x0000000088c00000|100%|HC|  |TAMS 0x0000000088b00000| PB 0x0000000088b00000| Complete 
| 140|0x0000000088c00000, 0x0000000088c00000, 0x0000000088d00000|  0%| F|  |TAMS 0x0000000088c00000| PB 0x0000000088c00000| Untracked 
| 141|0x0000000088d00000, 0x0000000088d00000, 0x0000000088e00000|  0%| F|  |TAMS 0x0000000088d00000| PB 0x0000000088d00000| Untracked 
| 142|0x0000000088e00000, 0x0000000088e00000, 0x0000000088f00000|  0%| F|  |TAMS 0x0000000088e00000| PB 0x0000000088e00000| Untracked 
| 143|0x0000000088f00000, 0x0000000088f00000, 0x0000000089000000|  0%| F|  |TAMS 0x0000000088f00000| PB 0x0000000088f00000| Untracked 
| 144|0x0000000089000000, 0x0000000089000000, 0x0000000089100000|  0%| F|  |TAMS 0x0000000089000000| PB 0x0000000089000000| Untracked 
| 145|0x0000000089100000, 0x0000000089100000, 0x0000000089200000|  0%| F|  |TAMS 0x0000000089100000| PB 0x0000000089100000| Untracked 
| 146|0x0000000089200000, 0x0000000089200000, 0x0000000089300000|  0%| F|  |TAMS 0x0000000089200000| PB 0x0000000089200000| Untracked 
| 147|0x0000000089300000, 0x0000000089300000, 0x0000000089400000|  0%| F|  |TAMS 0x0000000089300000| PB 0x0000000089300000| Untracked 
| 148|0x0000000089400000, 0x0000000089400000, 0x0000000089500000|  0%| F|  |TAMS 0x0000000089400000| PB 0x0000000089400000| Untracked 
| 149|0x0000000089500000, 0x0000000089500000, 0x0000000089600000|  0%| F|  |TAMS 0x0000000089500000| PB 0x0000000089500000| Untracked 
| 150|0x0000000089600000, 0x0000000089600000, 0x0000000089700000|  0%| F|  |TAMS 0x0000000089600000| PB 0x0000000089600000| Untracked 
| 151|0x0000000089700000, 0x0000000089700000, 0x0000000089800000|  0%| F|  |TAMS 0x0000000089700000| PB 0x0000000089700000| Untracked 
| 152|0x0000000089800000, 0x0000000089800000, 0x0000000089900000|  0%| F|  |TAMS 0x0000000089800000| PB 0x0000000089800000| Untracked 
| 153|0x0000000089900000, 0x0000000089900000, 0x0000000089a00000|  0%| F|  |TAMS 0x0000000089900000| PB 0x0000000089900000| Untracked 
| 154|0x0000000089a00000, 0x0000000089a00000, 0x0000000089b00000|  0%| F|  |TAMS 0x0000000089a00000| PB 0x0000000089a00000| Untracked 
| 155|0x0000000089b00000, 0x0000000089b00000, 0x0000000089c00000|  0%| F|  |TAMS 0x0000000089b00000| PB 0x0000000089b00000| Untracked 
| 156|0x0000000089c00000, 0x0000000089c00000, 0x0000000089d00000|  0%| F|  |TAMS 0x0000000089c00000| PB 0x0000000089c00000| Untracked 
| 157|0x0000000089d00000, 0x0000000089d00000, 0x0000000089e00000|  0%| F|  |TAMS 0x0000000089d00000| PB 0x0000000089d00000| Untracked 
| 158|0x0000000089e00000, 0x0000000089e00000, 0x0000000089f00000|  0%| F|  |TAMS 0x0000000089e00000| PB 0x0000000089e00000| Untracked 
| 159|0x0000000089f00000, 0x0000000089f00000, 0x000000008a000000|  0%| F|  |TAMS 0x0000000089f00000| PB 0x0000000089f00000| Untracked 
| 160|0x000000008a000000, 0x000000008a000000, 0x000000008a100000|  0%| F|  |TAMS 0x000000008a000000| PB 0x000000008a000000| Untracked 
| 161|0x000000008a100000, 0x000000008a100000, 0x000000008a200000|  0%| F|  |TAMS 0x000000008a100000| PB 0x000000008a100000| Untracked 
| 162|0x000000008a200000, 0x000000008a200000, 0x000000008a300000|  0%| F|  |TAMS 0x000000008a200000| PB 0x000000008a200000| Untracked 
| 163|0x000000008a300000, 0x000000008a300000, 0x000000008a400000|  0%| F|  |TAMS 0x000000008a300000| PB 0x000000008a300000| Untracked 
| 164|0x000000008a400000, 0x000000008a400000, 0x000000008a500000|  0%| F|  |TAMS 0x000000008a400000| PB 0x000000008a400000| Untracked 
| 165|0x000000008a500000, 0x000000008a500000, 0x000000008a600000|  0%| F|  |TAMS 0x000000008a500000| PB 0x000000008a500000| Untracked 
| 166|0x000000008a600000, 0x000000008a600000, 0x000000008a700000|  0%| F|  |TAMS 0x000000008a600000| PB 0x000000008a600000| Untracked 
| 167|0x000000008a700000, 0x000000008a700000, 0x000000008a800000|  0%| F|  |TAMS 0x000000008a700000| PB 0x000000008a700000| Untracked 
| 168|0x000000008a800000, 0x000000008a800000, 0x000000008a900000|  0%| F|  |TAMS 0x000000008a800000| PB 0x000000008a800000| Untracked 
| 169|0x000000008a900000, 0x000000008a900000, 0x000000008aa00000|  0%| F|  |TAMS 0x000000008a900000| PB 0x000000008a900000| Untracked 
| 170|0x000000008aa00000, 0x000000008aa00000, 0x000000008ab00000|  0%| F|  |TAMS 0x000000008aa00000| PB 0x000000008aa00000| Untracked 
| 171|0x000000008ab00000, 0x000000008ab00000, 0x000000008ac00000|  0%| F|  |TAMS 0x000000008ab00000| PB 0x000000008ab00000| Untracked 
| 172|0x000000008ac00000, 0x000000008ac00000, 0x000000008ad00000|  0%| F|  |TAMS 0x000000008ac00000| PB 0x000000008ac00000| Untracked 
| 173|0x000000008ad00000, 0x000000008ad00000, 0x000000008ae00000|  0%| F|  |TAMS 0x000000008ad00000| PB 0x000000008ad00000| Untracked 
| 174|0x000000008ae00000, 0x000000008ae00000, 0x000000008af00000|  0%| F|  |TAMS 0x000000008ae00000| PB 0x000000008ae00000| Untracked 
| 175|0x000000008af00000, 0x000000008af00000, 0x000000008b000000|  0%| F|  |TAMS 0x000000008af00000| PB 0x000000008af00000| Untracked 
| 176|0x000000008b000000, 0x000000008b000000, 0x000000008b100000|  0%| F|  |TAMS 0x000000008b000000| PB 0x000000008b000000| Untracked 
| 177|0x000000008b100000, 0x000000008b100000, 0x000000008b200000|  0%| F|  |TAMS 0x000000008b100000| PB 0x000000008b100000| Untracked 
| 178|0x000000008b200000, 0x000000008b200000, 0x000000008b300000|  0%| F|  |TAMS 0x000000008b200000| PB 0x000000008b200000| Untracked 
| 179|0x000000008b300000, 0x000000008b300000, 0x000000008b400000|  0%| F|  |TAMS 0x000000008b300000| PB 0x000000008b300000| Untracked 
| 180|0x000000008b400000, 0x000000008b400000, 0x000000008b500000|  0%| F|  |TAMS 0x000000008b400000| PB 0x000000008b400000| Untracked 
| 181|0x000000008b500000, 0x000000008b500000, 0x000000008b600000|  0%| F|  |TAMS 0x000000008b500000| PB 0x000000008b500000| Untracked 
| 182|0x000000008b600000, 0x000000008b600000, 0x000000008b700000|  0%| F|  |TAMS 0x000000008b600000| PB 0x000000008b600000| Untracked 
| 183|0x000000008b700000, 0x000000008b700000, 0x000000008b800000|  0%| F|  |TAMS 0x000000008b700000| PB 0x000000008b700000| Untracked 
| 184|0x000000008b800000, 0x000000008b800000, 0x000000008b900000|  0%| F|  |TAMS 0x000000008b800000| PB 0x000000008b800000| Untracked 
| 185|0x000000008b900000, 0x000000008b900000, 0x000000008ba00000|  0%| F|  |TAMS 0x000000008b900000| PB 0x000000008b900000| Untracked 
| 186|0x000000008ba00000, 0x000000008ba00000, 0x000000008bb00000|  0%| F|  |TAMS 0x000000008ba00000| PB 0x000000008ba00000| Untracked 
| 187|0x000000008bb00000, 0x000000008bb00000, 0x000000008bc00000|  0%| F|  |TAMS 0x000000008bb00000| PB 0x000000008bb00000| Untracked 
| 188|0x000000008bc00000, 0x000000008bc00000, 0x000000008bd00000|  0%| F|  |TAMS 0x000000008bc00000| PB 0x000000008bc00000| Untracked 
| 189|0x000000008bd00000, 0x000000008bd00000, 0x000000008be00000|  0%| F|  |TAMS 0x000000008bd00000| PB 0x000000008bd00000| Untracked 
| 190|0x000000008be00000, 0x000000008be00000, 0x000000008bf00000|  0%| F|  |TAMS 0x000000008be00000| PB 0x000000008be00000| Untracked 
| 191|0x000000008bf00000, 0x000000008bf00000, 0x000000008c000000|  0%| F|  |TAMS 0x000000008bf00000| PB 0x000000008bf00000| Untracked 
| 192|0x000000008c000000, 0x000000008c000000, 0x000000008c100000|  0%| F|  |TAMS 0x000000008c000000| PB 0x000000008c000000| Untracked 
| 193|0x000000008c100000, 0x000000008c100000, 0x000000008c200000|  0%| F|  |TAMS 0x000000008c100000| PB 0x000000008c100000| Untracked 
| 194|0x000000008c200000, 0x000000008c200000, 0x000000008c300000|  0%| F|  |TAMS 0x000000008c200000| PB 0x000000008c200000| Untracked 
| 195|0x000000008c300000, 0x000000008c300000, 0x000000008c400000|  0%| F|  |TAMS 0x000000008c300000| PB 0x000000008c300000| Untracked 
| 196|0x000000008c400000, 0x000000008c400000, 0x000000008c500000|  0%| F|  |TAMS 0x000000008c400000| PB 0x000000008c400000| Untracked 
| 197|0x000000008c500000, 0x000000008c500000, 0x000000008c600000|  0%| F|  |TAMS 0x000000008c500000| PB 0x000000008c500000| Untracked 
| 198|0x000000008c600000, 0x000000008c600000, 0x000000008c700000|  0%| F|  |TAMS 0x000000008c600000| PB 0x000000008c600000| Untracked 
| 199|0x000000008c700000, 0x000000008c700000, 0x000000008c800000|  0%| F|  |TAMS 0x000000008c700000| PB 0x000000008c700000| Untracked 
| 200|0x000000008c800000, 0x000000008c800000, 0x000000008c900000|  0%| F|  |TAMS 0x000000008c800000| PB 0x000000008c800000| Untracked 
| 201|0x000000008c900000, 0x000000008c900000, 0x000000008ca00000|  0%| F|  |TAMS 0x000000008c900000| PB 0x000000008c900000| Untracked 
| 202|0x000000008ca00000, 0x000000008ca00000, 0x000000008cb00000|  0%| F|  |TAMS 0x000000008ca00000| PB 0x000000008ca00000| Untracked 
| 203|0x000000008cb00000, 0x000000008cb00000, 0x000000008cc00000|  0%| F|  |TAMS 0x000000008cb00000| PB 0x000000008cb00000| Untracked 
| 204|0x000000008cc00000, 0x000000008cc00000, 0x000000008cd00000|  0%| F|  |TAMS 0x000000008cc00000| PB 0x000000008cc00000| Untracked 
| 205|0x000000008cd00000, 0x000000008cd00000, 0x000000008ce00000|  0%| F|  |TAMS 0x000000008cd00000| PB 0x000000008cd00000| Untracked 
| 206|0x000000008ce00000, 0x000000008ce00000, 0x000000008cf00000|  0%| F|  |TAMS 0x000000008ce00000| PB 0x000000008ce00000| Untracked 
| 207|0x000000008cf00000, 0x000000008cf00000, 0x000000008d000000|  0%| F|  |TAMS 0x000000008cf00000| PB 0x000000008cf00000| Untracked 
| 208|0x000000008d000000, 0x000000008d000000, 0x000000008d100000|  0%| F|  |TAMS 0x000000008d000000| PB 0x000000008d000000| Untracked 
| 209|0x000000008d100000, 0x000000008d100000, 0x000000008d200000|  0%| F|  |TAMS 0x000000008d100000| PB 0x000000008d100000| Untracked 
| 210|0x000000008d200000, 0x000000008d200000, 0x000000008d300000|  0%| F|  |TAMS 0x000000008d200000| PB 0x000000008d200000| Untracked 
| 211|0x000000008d300000, 0x000000008d300000, 0x000000008d400000|  0%| F|  |TAMS 0x000000008d300000| PB 0x000000008d300000| Untracked 
| 212|0x000000008d400000, 0x000000008d400000, 0x000000008d500000|  0%| F|  |TAMS 0x000000008d400000| PB 0x000000008d400000| Untracked 
| 213|0x000000008d500000, 0x000000008d500000, 0x000000008d600000|  0%| F|  |TAMS 0x000000008d500000| PB 0x000000008d500000| Untracked 
| 214|0x000000008d600000, 0x000000008d600000, 0x000000008d700000|  0%| F|  |TAMS 0x000000008d600000| PB 0x000000008d600000| Untracked 
| 253|0x000000008fd00000, 0x000000008fd00000, 0x000000008fe00000|  0%| F|  |TAMS 0x000000008fd00000| PB 0x000000008fd00000| Untracked 
|2011|0x00000000fdb00000, 0x00000000fdc00000, 0x00000000fdc00000|100%| O|  |TAMS 0x00000000fdb95760| PB 0x00000000fdb95760| Updating 
|2012|0x00000000fdc00000, 0x00000000fdd00000, 0x00000000fdd00000|100%| O|  |TAMS 0x00000000fdd00000| PB 0x00000000fdd00000| Updating 
|2013|0x00000000fdd00000, 0x00000000fde00000, 0x00000000fde00000|100%| O|  |TAMS 0x00000000fde00000| PB 0x00000000fde00000| Updating 
|2014|0x00000000fde00000, 0x00000000fdf00000, 0x00000000fdf00000|100%| O|  |TAMS 0x00000000fdf00000| PB 0x00000000fdf00000| Untracked 
|2015|0x00000000fdf00000, 0x00000000fe000000, 0x00000000fe000000|100%| O|  |TAMS 0x00000000fe000000| PB 0x00000000fe000000| Untracked 
|2016|0x00000000fe000000, 0x00000000fe100000, 0x00000000fe100000|100%| O|  |TAMS 0x00000000fe100000| PB 0x00000000fe100000| Untracked 
|2017|0x00000000fe100000, 0x00000000fe200000, 0x00000000fe200000|100%| O|  |TAMS 0x00000000fe200000| PB 0x00000000fe200000| Untracked 
|2018|0x00000000fe200000, 0x00000000fe300000, 0x00000000fe300000|100%| O|  |TAMS 0x00000000fe300000| PB 0x00000000fe300000| Untracked 
|2019|0x00000000fe300000, 0x00000000fe400000, 0x00000000fe400000|100%| O|  |TAMS 0x00000000fe400000| PB 0x00000000fe400000| Untracked 
|2020|0x00000000fe400000, 0x00000000fe500000, 0x00000000fe500000|100%| O|  |TAMS 0x00000000fe500000| PB 0x00000000fe500000| Untracked 
|2021|0x00000000fe500000, 0x00000000fe600000, 0x00000000fe600000|100%| O|  |TAMS 0x00000000fe600000| PB 0x00000000fe600000| Untracked 
|2022|0x00000000fe600000, 0x00000000fe700000, 0x00000000fe700000|100%| O|  |TAMS 0x00000000fe700000| PB 0x00000000fe700000| Untracked 
|2023|0x00000000fe700000, 0x00000000fe800000, 0x00000000fe800000|100%| O|  |TAMS 0x00000000fe800000| PB 0x00000000fe800000| Untracked 
|2024|0x00000000fe800000, 0x00000000fe900000, 0x00000000fe900000|100%| O|  |TAMS 0x00000000fe900000| PB 0x00000000fe900000| Untracked 
|2025|0x00000000fe900000, 0x00000000fea00000, 0x00000000fea00000|100%| O|  |TAMS 0x00000000fea00000| PB 0x00000000fea00000| Untracked 
|2026|0x00000000fea00000, 0x00000000feb00000, 0x00000000feb00000|100%| O|  |TAMS 0x00000000feb00000| PB 0x00000000feb00000| Untracked 
|2027|0x00000000feb00000, 0x00000000fec00000, 0x00000000fec00000|100%| O|  |TAMS 0x00000000fec00000| PB 0x00000000fec00000| Untracked 
|2028|0x00000000fec00000, 0x00000000fed00000, 0x00000000fed00000|100%| O|  |TAMS 0x00000000fed00000| PB 0x00000000fed00000| Untracked 
|2029|0x00000000fed00000, 0x00000000fee00000, 0x00000000fee00000|100%| O|  |TAMS 0x00000000fee00000| PB 0x00000000fee00000| Untracked 
|2030|0x00000000fee00000, 0x00000000fef00000, 0x00000000fef00000|100%| O|  |TAMS 0x00000000fef00000| PB 0x00000000fef00000| Untracked 
|2031|0x00000000fef00000, 0x00000000ff000000, 0x00000000ff000000|100%| O|  |TAMS 0x00000000ff000000| PB 0x00000000ff000000| Untracked 
|2032|0x00000000ff000000, 0x00000000ff100000, 0x00000000ff100000|100%| O|  |TAMS 0x00000000ff100000| PB 0x00000000ff100000| Untracked 
|2033|0x00000000ff100000, 0x00000000ff200000, 0x00000000ff200000|100%| O|  |TAMS 0x00000000ff200000| PB 0x00000000ff200000| Untracked 
|2034|0x00000000ff200000, 0x00000000ff300000, 0x00000000ff300000|100%| O|  |TAMS 0x00000000ff300000| PB 0x00000000ff300000| Untracked 
|2035|0x00000000ff300000, 0x00000000ff400000, 0x00000000ff400000|100%| O|  |TAMS 0x00000000ff400000| PB 0x00000000ff400000| Untracked 
|2036|0x00000000ff400000, 0x00000000ff500000, 0x00000000ff500000|100%| O|  |TAMS 0x00000000ff500000| PB 0x00000000ff500000| Untracked 
|2037|0x00000000ff500000, 0x00000000ff600000, 0x00000000ff600000|100%| O|  |TAMS 0x00000000ff600000| PB 0x00000000ff600000| Untracked 
|2038|0x00000000ff600000, 0x00000000ff700000, 0x00000000ff700000|100%| O|  |TAMS 0x00000000ff700000| PB 0x00000000ff700000| Untracked 
|2039|0x00000000ff700000, 0x00000000ff700000, 0x00000000ff800000|  0%| F|  |TAMS 0x00000000ff700000| PB 0x00000000ff700000| Untracked 
|2040|0x00000000ff800000, 0x00000000ff900000, 0x00000000ff900000|100%| O|  |TAMS 0x00000000ff900000| PB 0x00000000ff900000| Updating 
|2041|0x00000000ff900000, 0x00000000ff9847f8, 0x00000000ffa00000| 51%| E|  |TAMS 0x00000000ff900000| PB 0x00000000ff900000| Complete 
|2042|0x00000000ffa00000, 0x00000000ffb00000, 0x00000000ffb00000|100%| E|CS|TAMS 0x00000000ffa00000| PB 0x00000000ffa00000| Complete 
|2043|0x00000000ffb00000, 0x00000000ffbf71e8, 0x00000000ffc00000| 96%| S|CS|TAMS 0x00000000ffb00000| PB 0x00000000ffb00000| Complete 
|2044|0x00000000ffc00000, 0x00000000ffd00000, 0x00000000ffd00000|100%| E|CS|TAMS 0x00000000ffc00000| PB 0x00000000ffc00000| Complete 
|2045|0x00000000ffd00000, 0x00000000ffe00000, 0x00000000ffe00000|100%| E|CS|TAMS 0x00000000ffd00000| PB 0x00000000ffd00000| Complete 
|2046|0x00000000ffe00000, 0x00000000fff00000, 0x00000000fff00000|100%| O|  |TAMS 0x00000000fff00000| PB 0x00000000fff00000| Updating 
|2047|0x00000000fff00000, 0x0000000100000000, 0x0000000100000000|100%| O|  |TAMS 0x0000000100000000| PB 0x0000000100000000| Updating 

Card table byte_map: [0x000001c1959e0000,0x000001c195de0000] _byte_map_base: 0x000001c1955e0000

Marking Bits: (CMBitMap*) 0x000001c182f69db0
 Bits: [0x000001c195de0000, 0x000001c197de0000)

Polling page: 0x000001c180bd0000

Metaspace:

Usage:
  Non-class:    102.62 MB used.
      Class:     16.85 MB used.
       Both:    119.47 MB used.

Virtual space:
  Non-class space:      128.00 MB reserved,     103.88 MB ( 81%) committed,  2 nodes.
      Class space:        1.00 GB reserved,      18.00 MB (  2%) committed,  1 nodes.
             Both:        1.12 GB reserved,     121.88 MB ( 11%) committed. 

Chunk freelists:
   Non-Class:  8.03 MB
       Class:  13.98 MB
        Both:  22.01 MB

MaxMetaspaceSize: unlimited
CompressedClassSpaceSize: 1.00 GB
Initial GC threshold: 21.00 MB
Current GC threshold: 196.81 MB
CDS: off
 - commit_granule_bytes: 65536.
 - commit_granule_words: 8192.
 - virtual_space_node_default_size: 8388608.
 - enlarge_chunks_in_place: 1.
 - use_allocation_guard: 0.


Internal statistics:

num_allocs_failed_limit: 12.
num_arena_births: 4844.
num_arena_deaths: 0.
num_vsnodes_births: 3.
num_vsnodes_deaths: 0.
num_space_committed: 1949.
num_space_uncommitted: 0.
num_chunks_returned_to_freelist: 12.
num_chunks_taken_from_freelist: 10182.
num_chunk_merges: 9.
num_chunk_splits: 6590.
num_chunks_enlarged: 4093.
num_inconsistent_stats: 0.

CodeHeap 'non-profiled nmethods': size=120000Kb used=8529Kb max_used=8827Kb free=111470Kb
 bounds [0x000001c18db50000, 0x000001c18e3f0000, 0x000001c195080000]
CodeHeap 'profiled nmethods': size=120000Kb used=23301Kb max_used=23884Kb free=96698Kb
 bounds [0x000001c186080000, 0x000001c1877e0000, 0x000001c18d5b0000]
CodeHeap 'non-nmethods': size=5760Kb used=2051Kb max_used=2099Kb free=3708Kb
 bounds [0x000001c18d5b0000, 0x000001c18d820000, 0x000001c18db50000]
CodeCache: size=245760Kb, used=33881Kb, max_used=34810Kb, free=211876Kb
 total_blobs=13437, nmethods=12507, adapters=832, full_count=0
Compilation: enabled, stopped_count=0, restarted_count=0

Compilation events (20 events):
Event: 9.646 Thread 0x000001c19acc3dd0 14964       3       java.io.Writer::write (11 bytes)
Event: 9.646 Thread 0x000001c19acc3dd0 nmethod 14964 0x000001c1877d1390 code [0x000001c1877d1560, 0x000001c1877d1838]
Event: 9.647 Thread 0x000001c19acc3dd0 14965       3       com.sun.org.apache.xerces.internal.dom.NamedNodeMapImpl::getNamedItem (29 bytes)
Event: 9.647 Thread 0x000001c19acc3dd0 nmethod 14965 0x000001c1877d1990 code [0x000001c1877d1b60, 0x000001c1877d1f48]
Event: 9.648 Thread 0x000001c19acc3dd0 14966       3       sun.nio.cs.StreamEncoder::implWrite (145 bytes)
Event: 9.648 Thread 0x000001c19acc3dd0 nmethod 14966 0x000001c1877d2090 code [0x000001c1877d2300, 0x000001c1877d2bd8]
Event: 9.648 Thread 0x000001c19acc3dd0 14967       3       java.lang.Math::round (56 bytes)
Event: 9.648 Thread 0x000001c19acc3dd0 nmethod 14967 0x000001c1877d2e90 code [0x000001c1877d3040, 0x000001c1877d3220]
Event: 9.648 Thread 0x000001c19acc3dd0 14968       1       com.google.common.cache.LocalCache$StrongEntry::getKey (5 bytes)
Event: 9.648 Thread 0x000001c19acc3dd0 nmethod 14968 0x000001c18e3ed190 code [0x000001c18e3ed320, 0x000001c18e3ed3e8]
Event: 9.649 Thread 0x000001c19acbf320 nmethod 14941 0x000001c18e3ed490 code [0x000001c18e3ed6a0, 0x000001c18e3edce8]
Event: 9.649 Thread 0x000001c19acbf320 14883       4       com.sun.org.apache.xerces.internal.dom.CharacterDataImpl::getChildNodes (4 bytes)
Event: 9.649 Thread 0x000001c19acbf320 nmethod 14883 0x000001c18e3ee210 code [0x000001c18e3ee3a0, 0x000001c18e3ee438]
Event: 9.649 Thread 0x000001c19acbf320 14937       4       java.lang.StringLatin1::inflate (10 bytes)
Event: 9.650 Thread 0x000001c19acc3dd0 14969       1       com.google.common.cache.CacheBuilder$3::read (2 bytes)
Event: 9.650 Thread 0x000001c19acc3dd0 nmethod 14969 0x000001c18e3ee510 code [0x000001c18e3ee6a0, 0x000001c18e3ee770]
Event: 9.650 Thread 0x000001c19acc3dd0 14970       1       com.google.common.cache.LocalCache$2::offer (2 bytes)
Event: 9.650 Thread 0x000001c19acc3dd0 nmethod 14970 0x000001c18e3ee810 code [0x000001c18e3ee9a0, 0x000001c18e3eea68]
Event: 9.652 Thread 0x000001c19acc3dd0 14972       1       com.google.common.cache.LocalCache$StrongEntry::getNext (5 bytes)
Event: 9.652 Thread 0x000001c19acc3dd0 nmethod 14972 0x000001c18e3eeb10 code [0x000001c18e3eeca0, 0x000001c18e3eed68]

GC Heap History (20 events):
Event: 6.288 GC heap before
{Heap before GC invocations=29 (full 0):
 garbage-first heap   total 161792K, used 149468K [0x0000000080000000, 0x0000000100000000)
  region size 1024K, 60 young (61440K), 4 survivors (4096K)
 Metaspace       used 104209K, committed 106496K, reserved 1179648K
  class space    used 14871K, committed 16000K, reserved 1048576K
}
Event: 6.291 GC heap after
{Heap after GC invocations=30 (full 0):
 garbage-first heap   total 161792K, used 94943K [0x0000000080000000, 0x0000000100000000)
  region size 1024K, 7 young (7168K), 7 survivors (7168K)
 Metaspace       used 104209K, committed 106496K, reserved 1179648K
  class space    used 14871K, committed 16000K, reserved 1048576K
}
Event: 6.557 GC heap before
{Heap before GC invocations=31 (full 0):
 garbage-first heap   total 161792K, used 150239K [0x0000000080000000, 0x0000000100000000)
  region size 1024K, 61 young (62464K), 7 survivors (7168K)
 Metaspace       used 107607K, committed 109952K, reserved 1179648K
  class space    used 15446K, committed 16576K, reserved 1048576K
}
Event: 6.561 GC heap after
{Heap after GC invocations=32 (full 0):
 garbage-first heap   total 161792K, used 97225K [0x0000000080000000, 0x0000000100000000)
  region size 1024K, 6 young (6144K), 6 survivors (6144K)
 Metaspace       used 107607K, committed 109952K, reserved 1179648K
  class space    used 15446K, committed 16576K, reserved 1048576K
}
Event: 6.852 GC heap before
{Heap before GC invocations=32 (full 0):
 garbage-first heap   total 161792K, used 151497K [0x0000000080000000, 0x0000000100000000)
  region size 1024K, 59 young (60416K), 6 survivors (6144K)
 Metaspace       used 111038K, committed 113344K, reserved 1179648K
  class space    used 15887K, committed 17024K, reserved 1048576K
}
Event: 6.857 GC heap after
{Heap after GC invocations=33 (full 0):
 garbage-first heap   total 165888K, used 101552K [0x0000000080000000, 0x0000000100000000)
  region size 1024K, 8 young (8192K), 8 survivors (8192K)
 Metaspace       used 111038K, committed 113344K, reserved 1179648K
  class space    used 15887K, committed 17024K, reserved 1048576K
}
Event: 7.081 GC heap before
{Heap before GC invocations=33 (full 0):
 garbage-first heap   total 165888K, used 153776K [0x0000000080000000, 0x0000000100000000)
  region size 1024K, 59 young (60416K), 8 survivors (8192K)
 Metaspace       used 112753K, committed 115072K, reserved 1179648K
  class space    used 16178K, committed 17280K, reserved 1048576K
}
Event: 7.086 GC heap after
{Heap after GC invocations=34 (full 0):
 garbage-first heap   total 169984K, used 109439K [0x0000000080000000, 0x0000000100000000)
  region size 1024K, 8 young (8192K), 8 survivors (8192K)
 Metaspace       used 112753K, committed 115072K, reserved 1179648K
  class space    used 16178K, committed 17280K, reserved 1048576K
}
Event: 7.235 GC heap before
{Heap before GC invocations=35 (full 0):
 garbage-first heap   total 183296K, used 154495K [0x0000000080000000, 0x0000000100000000)
  region size 1024K, 53 young (54272K), 8 survivors (8192K)
 Metaspace       used 113696K, committed 115968K, reserved 1179648K
  class space    used 16307K, committed 17408K, reserved 1048576K
}
Event: 7.239 GC heap after
{Heap after GC invocations=36 (full 0):
 garbage-first heap   total 183296K, used 115505K [0x0000000080000000, 0x0000000100000000)
  region size 1024K, 6 young (6144K), 6 survivors (6144K)
 Metaspace       used 113696K, committed 115968K, reserved 1179648K
  class space    used 16307K, committed 17408K, reserved 1048576K
}
Event: 7.448 GC heap before
{Heap before GC invocations=36 (full 0):
 garbage-first heap   total 183296K, used 165681K [0x0000000080000000, 0x0000000100000000)
  region size 1024K, 56 young (57344K), 6 survivors (6144K)
 Metaspace       used 115632K, committed 117952K, reserved 1179648K
  class space    used 16574K, committed 17664K, reserved 1048576K
}
Event: 7.452 GC heap after
{Heap after GC invocations=37 (full 0):
 garbage-first heap   total 183296K, used 118212K [0x0000000080000000, 0x0000000100000000)
  region size 1024K, 5 young (5120K), 5 survivors (5120K)
 Metaspace       used 115632K, committed 117952K, reserved 1179648K
  class space    used 16574K, committed 17664K, reserved 1048576K
}
Event: 7.680 GC heap before
{Heap before GC invocations=37 (full 0):
 garbage-first heap   total 183296K, used 167364K [0x0000000080000000, 0x0000000100000000)
  region size 1024K, 54 young (55296K), 5 survivors (5120K)
 Metaspace       used 118083K, committed 120448K, reserved 1179648K
  class space    used 16867K, committed 17984K, reserved 1048576K
}
Event: 7.684 GC heap after
{Heap after GC invocations=38 (full 0):
 garbage-first heap   total 220160K, used 121952K [0x0000000080000000, 0x0000000100000000)
  region size 1024K, 5 young (5120K), 5 survivors (5120K)
 Metaspace       used 118083K, committed 120448K, reserved 1179648K
  class space    used 16867K, committed 17984K, reserved 1048576K
}
Event: 8.488 GC heap before
{Heap before GC invocations=39 (full 0):
 garbage-first heap   total 220160K, used 205920K [0x0000000080000000, 0x0000000100000000)
  region size 1024K, 83 young (84992K), 5 survivors (5120K)
 Metaspace       used 121556K, committed 123968K, reserved 1179648K
  class space    used 17182K, committed 18368K, reserved 1048576K
}
Event: 8.493 GC heap after
{Heap after GC invocations=40 (full 0):
 garbage-first heap   total 220160K, used 127767K [0x0000000080000000, 0x0000000100000000)
  region size 1024K, 10 young (10240K), 10 survivors (10240K)
 Metaspace       used 121556K, committed 123968K, reserved 1179648K
  class space    used 17182K, committed 18368K, reserved 1048576K
}
Event: 9.562 GC heap before
{Heap before GC invocations=40 (full 0):
 garbage-first heap   total 220160K, used 213783K [0x0000000080000000, 0x0000000100000000)
  region size 1024K, 83 young (84992K), 10 survivors (10240K)
 Metaspace       used 122228K, committed 124608K, reserved 1179648K
  class space    used 17239K, committed 18432K, reserved 1048576K
}
Event: 9.575 GC heap after
{Heap after GC invocations=41 (full 0):
 garbage-first heap   total 259072K, used 161365K [0x0000000080000000, 0x0000000100000000)
  region size 1024K, 11 young (11264K), 11 survivors (11264K)
 Metaspace       used 122228K, committed 124608K, reserved 1179648K
  class space    used 17239K, committed 18432K, reserved 1048576K
}
Event: 9.594 GC heap before
{Heap before GC invocations=41 (full 0):
 garbage-first heap   total 259072K, used 162389K [0x0000000080000000, 0x0000000100000000)
  region size 1024K, 13 young (13312K), 11 survivors (11264K)
 Metaspace       used 122228K, committed 124608K, reserved 1179648K
  class space    used 17239K, committed 18432K, reserved 1048576K
}
Event: 9.599 GC heap after
{Heap after GC invocations=42 (full 0):
 garbage-first heap   total 259072K, used 163244K [0x0000000080000000, 0x0000000100000000)
  region size 1024K, 1 young (1024K), 1 survivors (1024K)
 Metaspace       used 122228K, committed 124608K, reserved 1179648K
  class space    used 17239K, committed 18432K, reserved 1048576K
}

Dll operation events (3 events):
Event: 0.004 Loaded shared library D:\androidstudio\jbr\bin\java.dll
Event: 0.006 Loaded shared library D:\androidstudio\jbr\bin\zip.dll
Event: 0.381 Loaded shared library D:\androidstudio\jbr\bin\verify.dll

Deoptimization events (20 events):
Event: 9.542 Thread 0x000001c1a36e64b0 DEOPT PACKING pc=0x000001c18db93314 sp=0x00000054fc5f9d20
Event: 9.542 Thread 0x000001c1a36e64b0 DEOPT UNPACKING pc=0x000001c18d6043a2 sp=0x00000054fc5f9c18 mode 2
Event: 9.542 Thread 0x000001c1a36e64b0 Uncommon trap: trap_request=0xffffff45 fr.pc=0x000001c18db95a8c relative=0x00000000000000ec
Event: 9.542 Thread 0x000001c1a36e64b0 Uncommon trap: reason=unstable_if action=reinterpret pc=0x000001c18db95a8c method=java.lang.String.getBytes([BIB)V @ 5 c2
Event: 9.542 Thread 0x000001c1a36e64b0 DEOPT PACKING pc=0x000001c18db95a8c sp=0x00000054fc5f9d90
Event: 9.542 Thread 0x000001c1a36e64b0 DEOPT UNPACKING pc=0x000001c18d6043a2 sp=0x00000054fc5f9d38 mode 2
Event: 9.610 Thread 0x000001c1a36e64b0 Uncommon trap: trap_request=0xffffff45 fr.pc=0x000001c18e32e208 relative=0x0000000000000888
Event: 9.610 Thread 0x000001c1a36e64b0 Uncommon trap: reason=unstable_if action=reinterpret pc=0x000001c18e32e208 method=java.lang.String.<init>(Ljava/lang/AbstractStringBuilder;Ljava/lang/Void;)V @ 51 c2
Event: 9.610 Thread 0x000001c1a36e64b0 DEOPT PACKING pc=0x000001c18e32e208 sp=0x00000054fc5fa1b0
Event: 9.610 Thread 0x000001c1a36e64b0 DEOPT UNPACKING pc=0x000001c18d6043a2 sp=0x00000054fc5fa168 mode 2
Event: 9.618 Thread 0x000001c1a36e64b0 Uncommon trap: trap_request=0xffffff45 fr.pc=0x000001c18dc8eb88 relative=0x00000000000001e8
Event: 9.618 Thread 0x000001c1a36e64b0 Uncommon trap: reason=unstable_if action=reinterpret pc=0x000001c18dc8eb88 method=java.lang.StringCoding.implEncodeAsciiArray([CI[BII)I @ 23 c2
Event: 9.618 Thread 0x000001c1a36e64b0 DEOPT PACKING pc=0x000001c18dc8eb88 sp=0x00000054fc5f9ce0
Event: 9.618 Thread 0x000001c1a36e64b0 DEOPT UNPACKING pc=0x000001c18d6043a2 sp=0x00000054fc5f9c50 mode 2
Event: 9.620 Thread 0x000001c1a36e64b0 DEOPT PACKING pc=0x000001c1877c657b sp=0x00000054fc5f9c80
Event: 9.620 Thread 0x000001c1a36e64b0 DEOPT UNPACKING pc=0x000001c18d604b42 sp=0x00000054fc5f90f0 mode 0
Event: 9.620 Thread 0x000001c1a36e64b0 DEOPT PACKING pc=0x000001c1877c657b sp=0x00000054fc5f9c80
Event: 9.620 Thread 0x000001c1a36e64b0 DEOPT UNPACKING pc=0x000001c18d604b42 sp=0x00000054fc5f90f0 mode 0
Event: 9.631 Thread 0x000001c1a36e64b0 DEOPT PACKING pc=0x000001c1877c8ac7 sp=0x00000054fc5f9c10
Event: 9.631 Thread 0x000001c1a36e64b0 DEOPT UNPACKING pc=0x000001c18d604b42 sp=0x00000054fc5f9120 mode 0

Classes loaded (20 events):
Event: 9.423 Loading class java/time/Instant$1
Event: 9.424 Loading class java/time/Instant$1 done
Event: 9.428 Loading class java/io/FileReader
Event: 9.428 Loading class java/io/FileReader done
Event: 9.429 Loading class java/io/FileWriter
Event: 9.429 Loading class java/io/FileWriter done
Event: 9.431 Loading class java/util/concurrent/ConcurrentLinkedDeque
Event: 9.432 Loading class java/util/concurrent/ConcurrentLinkedDeque done
Event: 9.432 Loading class java/util/concurrent/ConcurrentLinkedDeque$Node
Event: 9.432 Loading class java/util/concurrent/ConcurrentLinkedDeque$Node done
Event: 9.506 Loading class com/sun/org/apache/xerces/internal/dom/DOMImplementationImpl
Event: 9.507 Loading class org/w3c/dom/DOMImplementation
Event: 9.507 Loading class org/w3c/dom/DOMImplementation done
Event: 9.507 Loading class com/sun/org/apache/xerces/internal/dom/CoreDOMImplementationImpl
Event: 9.507 Loading class org/w3c/dom/ls/DOMImplementationLS
Event: 9.507 Loading class org/w3c/dom/ls/DOMImplementationLS done
Event: 9.507 Loading class com/sun/org/apache/xerces/internal/dom/CoreDOMImplementationImpl done
Event: 9.507 Loading class com/sun/org/apache/xerces/internal/dom/DOMImplementationImpl done
Event: 9.507 Loading class com/sun/org/apache/xerces/internal/dom/DeferredDOMImplementationImpl
Event: 9.507 Loading class com/sun/org/apache/xerces/internal/dom/DeferredDOMImplementationImpl done

Classes unloaded (0 events):
No events

Classes redefined (0 events):
No events

Internal exceptions (20 events):
Event: 9.633 Thread 0x000001c1a36e64b0 Exception <a 'sun/nio/fs/WindowsException'{0x00000000ffa25788}> (0x00000000ffa25788) 
thrown [s\src\hotspot\share\prims\jni.cpp, line 537]
Event: 9.633 Thread 0x000001c1a36e64b0 Exception <a 'sun/nio/fs/WindowsException'{0x00000000ffa2e2f8}> (0x00000000ffa2e2f8) 
thrown [s\src\hotspot\share\prims\jni.cpp, line 537]
Event: 9.645 Thread 0x000001c1a36e64b0 Exception <a 'sun/nio/fs/WindowsException'{0x00000000ffa32948}> (0x00000000ffa32948) 
thrown [s\src\hotspot\share\prims\jni.cpp, line 537]
Event: 9.645 Thread 0x000001c1a36e64b0 Exception <a 'sun/nio/fs/WindowsException'{0x00000000ffa343a0}> (0x00000000ffa343a0) 
thrown [s\src\hotspot\share\prims\jni.cpp, line 537]
Event: 9.646 Thread 0x000001c1a36e64b0 Exception <a 'sun/nio/fs/WindowsException'{0x00000000ffa3ccc8}> (0x00000000ffa3ccc8) 
thrown [s\src\hotspot\share\prims\jni.cpp, line 537]
Event: 9.646 Thread 0x000001c1a36e64b0 Exception <a 'sun/nio/fs/WindowsException'{0x00000000ffa40fc0}> (0x00000000ffa40fc0) 
thrown [s\src\hotspot\share\prims\jni.cpp, line 537]
Event: 9.646 Thread 0x000001c1a36e64b0 Exception <a 'sun/nio/fs/WindowsException'{0x00000000ffa429a0}> (0x00000000ffa429a0) 
thrown [s\src\hotspot\share\prims\jni.cpp, line 537]
Event: 9.647 Thread 0x000001c1a36e64b0 Exception <a 'sun/nio/fs/WindowsException'{0x00000000ffa865f0}> (0x00000000ffa865f0) 
thrown [s\src\hotspot\share\prims\jni.cpp, line 537]
Event: 9.648 Thread 0x000001c1a36e64b0 Exception <a 'sun/nio/fs/WindowsException'{0x00000000ffa91b78}> (0x00000000ffa91b78) 
thrown [s\src\hotspot\share\prims\jni.cpp, line 537]
Event: 9.648 Thread 0x000001c1a36e64b0 Exception <a 'sun/nio/fs/WindowsException'{0x00000000ffa93558}> (0x00000000ffa93558) 
thrown [s\src\hotspot\share\prims\jni.cpp, line 537]
Event: 9.649 Thread 0x000001c1a36e64b0 Exception <a 'sun/nio/fs/WindowsException'{0x00000000ffad6e10}> (0x00000000ffad6e10) 
thrown [s\src\hotspot\share\prims\jni.cpp, line 537]
Event: 9.650 Thread 0x000001c1a36e64b0 Exception <a 'sun/nio/fs/WindowsException'{0x00000000ffae2310}> (0x00000000ffae2310) 
thrown [s\src\hotspot\share\prims\jni.cpp, line 537]
Event: 9.650 Thread 0x000001c1a36e64b0 Exception <a 'sun/nio/fs/WindowsException'{0x00000000ffae3cf0}> (0x00000000ffae3cf0) 
thrown [s\src\hotspot\share\prims\jni.cpp, line 537]
Event: 9.651 Thread 0x000001c1a36e64b0 Exception <a 'sun/nio/fs/WindowsException'{0x00000000ff927818}> (0x00000000ff927818) 
thrown [s\src\hotspot\share\prims\jni.cpp, line 537]
Event: 9.652 Thread 0x000001c1a36e64b0 Exception <a 'sun/nio/fs/WindowsException'{0x00000000ff932d20}> (0x00000000ff932d20) 
thrown [s\src\hotspot\share\prims\jni.cpp, line 537]
Event: 9.652 Thread 0x000001c1a36e64b0 Exception <a 'sun/nio/fs/WindowsException'{0x00000000ff934840}> (0x00000000ff934840) 
thrown [s\src\hotspot\share\prims\jni.cpp, line 537]
Event: 9.652 Thread 0x000001c1a36e64b0 Exception <a 'sun/nio/fs/WindowsException'{0x00000000ff93c560}> (0x00000000ff93c560) 
thrown [s\src\hotspot\share\prims\jni.cpp, line 537]
Event: 9.653 Thread 0x000001c1a36e64b0 Exception <a 'sun/nio/fs/WindowsException'{0x00000000ff93ff50}> (0x00000000ff93ff50) 
thrown [s\src\hotspot\share\prims\jni.cpp, line 537]
Event: 9.653 Thread 0x000001c1a36e64b0 Exception <a 'sun/nio/fs/WindowsException'{0x00000000ff9419f8}> (0x00000000ff9419f8) 
thrown [s\src\hotspot\share\prims\jni.cpp, line 537]
Event: 9.653 Thread 0x000001c1a36e64b0 Exception <a 'sun/nio/fs/WindowsException'{0x00000000ff94a4e8}> (0x00000000ff94a4e8) 
thrown [s\src\hotspot\share\prims\jni.cpp, line 537]

ZGC Phase Switch (0 events):
No events

VM Operations (20 events):
Event: 8.493 Executing safepoint VM operation: G1CollectForAllocation (G1 Evacuation Pause) done
Event: 8.510 Executing non-safepoint VM operation: HandshakeAllThreads (Deoptimize)
Event: 8.510 Executing non-safepoint VM operation: HandshakeAllThreads (Deoptimize) done
Event: 9.398 Executing safepoint VM operation: ICBufferFull
Event: 9.398 Executing safepoint VM operation: ICBufferFull done
Event: 9.429 Executing non-safepoint VM operation: HandshakeAllThreads (Deoptimize)
Event: 9.429 Executing non-safepoint VM operation: HandshakeAllThreads (Deoptimize) done
Event: 9.430 Executing non-safepoint VM operation: HandshakeAllThreads (Deoptimize)
Event: 9.430 Executing non-safepoint VM operation: HandshakeAllThreads (Deoptimize) done
Event: 9.440 Executing non-safepoint VM operation: HandshakeAllThreads (Deoptimize)
Event: 9.440 Executing non-safepoint VM operation: HandshakeAllThreads (Deoptimize) done
Event: 9.473 Executing non-safepoint VM operation: HandshakeAllThreads (Deoptimize)
Event: 9.473 Executing non-safepoint VM operation: HandshakeAllThreads (Deoptimize) done
Event: 9.505 Executing non-safepoint VM operation: HandshakeAllThreads (Deoptimize)
Event: 9.506 Executing non-safepoint VM operation: HandshakeAllThreads (Deoptimize) done
Event: 9.562 Executing safepoint VM operation: G1CollectForAllocation (G1 Evacuation Pause)
Event: 9.575 Executing safepoint VM operation: G1CollectForAllocation (G1 Evacuation Pause) done
Event: 9.594 Executing safepoint VM operation: G1TryInitiateConcMark (G1 Humongous Allocation)
Event: 9.599 Executing safepoint VM operation: G1TryInitiateConcMark (G1 Humongous Allocation) done
Event: 9.653 Executing safepoint VM operation: G1PauseRemark

Memory protections (0 events):
No events

Nmethod flushes (20 events):
Event: 9.656 Thread 0x000001c19ac38550 flushing  nmethod 0x000001c1863ab610
Event: 9.656 Thread 0x000001c19ac38550 flushing  nmethod 0x000001c1863aba90
Event: 9.656 Thread 0x000001c19ac38550 flushing  nmethod 0x000001c186408490
Event: 9.656 Thread 0x000001c19ac38550 flushing  nmethod 0x000001c186729910
Event: 9.656 Thread 0x000001c19ac38550 flushing  nmethod 0x000001c1868f2c10
Event: 9.656 Thread 0x000001c19ac38550 flushing  nmethod 0x000001c18694aa90
Event: 9.656 Thread 0x000001c19ac38550 flushing  nmethod 0x000001c1869a5f90
Event: 9.656 Thread 0x000001c19ac38550 flushing  nmethod 0x000001c1869a7710
Event: 9.656 Thread 0x000001c19ac38550 flushing  nmethod 0x000001c1869a9f10
Event: 9.656 Thread 0x000001c19ac38550 flushing  nmethod 0x000001c1869aab90
Event: 9.656 Thread 0x000001c19ac38550 flushing  nmethod 0x000001c186a0c410
Event: 9.656 Thread 0x000001c19ac38550 flushing  nmethod 0x000001c186a89a10
Event: 9.656 Thread 0x000001c19ac38550 flushing  nmethod 0x000001c186d85790
Event: 9.656 Thread 0x000001c19ac38550 flushing  nmethod 0x000001c186d86710
Event: 9.656 Thread 0x000001c19ac38550 flushing  nmethod 0x000001c186f7e610
Event: 9.656 Thread 0x000001c19ac38550 flushing  nmethod 0x000001c186f81310
Event: 9.656 Thread 0x000001c19ac38550 flushing  nmethod 0x000001c186f81f10
Event: 9.656 Thread 0x000001c19ac38550 flushing  nmethod 0x000001c186f82490
Event: 9.656 Thread 0x000001c19ac38550 flushing  nmethod 0x000001c187016990
Event: 9.656 Thread 0x000001c19ac38550 flushing  nmethod 0x000001c1870d6090

Events (20 events):
Event: 7.028 Thread 0x000001c1a36e36c0 Thread added: 0x000001c1a36e7ef0
Event: 7.028 Thread 0x000001c1a36e36c0 Thread added: 0x000001c1a36e64b0
Event: 7.028 Thread 0x000001c1a36e36c0 Thread added: 0x000001c1a36e8580
Event: 7.028 Thread 0x000001c1a36e36c0 Thread added: 0x000001c1a36e3030
Event: 7.028 Thread 0x000001c1a36e36c0 Thread added: 0x000001c1a36e2310
Event: 7.028 Thread 0x000001c1a36e36c0 Thread added: 0x000001c1a36e4a70
Event: 7.028 Thread 0x000001c1a36e36c0 Thread added: 0x000001c1a36e3d50
Event: 7.028 Thread 0x000001c1a36e36c0 Thread added: 0x000001c1a36e8c10
Event: 7.028 Thread 0x000001c1a36e36c0 Thread added: 0x000001c1a36e5e20
Event: 7.037 Thread 0x000001c1a36e36c0 Thread added: 0x000001c1a36e9930
Event: 7.562 Thread 0x000001c1a36e3d50 Thread added: 0x000001c1ac911290
Event: 7.696 Thread 0x000001c1ac911290 Thread added: 0x000001c1ac911920
Event: 7.699 Thread 0x000001c1ac911290 Thread added: 0x000001c1ac910c00
Event: 7.700 Loaded shared library D:\androidstudio\jbr\bin\rmi.dll
Event: 7.701 Thread 0x000001c1ac911290 Thread added: 0x000001c1ac911fb0
Event: 7.768 Thread 0x000001c1ac911290 Thread added: 0x000001c19f38f030
Event: 7.769 Thread 0x000001c1ac911290 Thread added: 0x000001c19f391100
Event: 7.809 Thread 0x000001c19f38f030 Thread added: 0x000001c19f38e310
Event: 9.383 Thread 0x000001c1a543ba40 Thread exited: 0x000001c1a543ba40
Event: 9.394 Thread 0x000001c19f0ddb00 Thread added: 0x000001c1a3a27c30


Dynamic libraries:
0x00007ff6e80f0000 - 0x00007ff6e80fa000 	D:\androidstudio\jbr\bin\java.exe
0x00007ffc697f0000 - 0x00007ffc699e8000 	C:\Windows\SYSTEM32\ntdll.dll
0x00007ffc679c0000 - 0x00007ffc67a82000 	C:\Windows\System32\KERNEL32.DLL
0x00007ffc67230000 - 0x00007ffc67526000 	C:\Windows\System32\KERNELBASE.dll
0x00007ffc67090000 - 0x00007ffc67190000 	C:\Windows\System32\ucrtbase.dll
0x00007ffc2d360000 - 0x00007ffc2d378000 	D:\androidstudio\jbr\bin\jli.dll
0x00007ffc48bb0000 - 0x00007ffc48bcb000 	D:\androidstudio\jbr\bin\VCRUNTIME140.dll
0x00007ffc69500000 - 0x00007ffc696a1000 	C:\Windows\System32\USER32.dll
0x00007ffc66e50000 - 0x00007ffc66e72000 	C:\Windows\System32\win32u.dll
0x00007ffc519f0000 - 0x00007ffc51c8b000 	C:\Windows\WinSxS\amd64_microsoft.windows.common-controls_6595b64144ccf1df_6.0.19041.6456_none_60b8a6cb71f64256\COMCTL32.dll
0x00007ffc687f0000 - 0x00007ffc6881b000 	C:\Windows\System32\GDI32.dll
0x00007ffc67a90000 - 0x00007ffc67b2e000 	C:\Windows\System32\msvcrt.dll
0x00007ffc67530000 - 0x00007ffc67649000 	C:\Windows\System32\gdi32full.dll
0x00007ffc67190000 - 0x00007ffc6722d000 	C:\Windows\System32\msvcp_win.dll
0x00007ffc677e0000 - 0x00007ffc6780f000 	C:\Windows\System32\IMM32.DLL
0x00007ffc63e10000 - 0x00007ffc63e1c000 	D:\androidstudio\jbr\bin\vcruntime140_1.dll
0x00007ffbe6700000 - 0x00007ffbe678d000 	D:\androidstudio\jbr\bin\msvcp140.dll
0x00007ffbcbfd0000 - 0x00007ffbccc66000 	D:\androidstudio\jbr\bin\server\jvm.dll
0x00007ffc689b0000 - 0x00007ffc68a61000 	C:\Windows\System32\ADVAPI32.dll
0x00007ffc67b30000 - 0x00007ffc67bcf000 	C:\Windows\System32\sechost.dll
0x00007ffc68650000 - 0x00007ffc68770000 	C:\Windows\System32\RPCRT4.dll
0x00007ffc677b0000 - 0x00007ffc677d7000 	C:\Windows\System32\bcrypt.dll
0x00007ffc69250000 - 0x00007ffc692bb000 	C:\Windows\System32\WS2_32.dll
0x00007ffc66d30000 - 0x00007ffc66d7b000 	C:\Windows\SYSTEM32\POWRPROF.dll
0x00007ffc5fe70000 - 0x00007ffc5fe7a000 	C:\Windows\SYSTEM32\VERSION.dll
0x00007ffc5b510000 - 0x00007ffc5b537000 	C:\Windows\SYSTEM32\WINMM.dll
0x00007ffc66d10000 - 0x00007ffc66d22000 	C:\Windows\SYSTEM32\UMPDC.dll
0x00007ffc656b0000 - 0x00007ffc656c2000 	C:\Windows\SYSTEM32\kernel.appcore.dll
0x00007ffc61190000 - 0x00007ffc6119a000 	D:\androidstudio\jbr\bin\jimage.dll
0x00007ffc64b20000 - 0x00007ffc64d21000 	C:\Windows\SYSTEM32\DBGHELP.DLL
0x00007ffc439f0000 - 0x00007ffc43a24000 	C:\Windows\SYSTEM32\dbgcore.DLL
0x00007ffc66fb0000 - 0x00007ffc67032000 	C:\Windows\System32\bcryptPrimitives.dll
0x00007ffc639f0000 - 0x00007ffc639fe000 	D:\androidstudio\jbr\bin\instrument.dll
0x00007ffc48b90000 - 0x00007ffc48bb0000 	D:\androidstudio\jbr\bin\java.dll
0x00007ffc48b40000 - 0x00007ffc48b58000 	D:\androidstudio\jbr\bin\zip.dll
0x00007ffc68ae0000 - 0x00007ffc69250000 	C:\Windows\System32\SHELL32.dll
0x00007ffc64d70000 - 0x00007ffc65515000 	C:\Windows\SYSTEM32\windows.storage.dll
0x00007ffc67c30000 - 0x00007ffc67f84000 	C:\Windows\System32\combase.dll
0x00007ffc667a0000 - 0x00007ffc667cb000 	C:\Windows\SYSTEM32\Wldp.dll
0x00007ffc696b0000 - 0x00007ffc6977d000 	C:\Windows\System32\OLEAUT32.dll
0x00007ffc69450000 - 0x00007ffc694fd000 	C:\Windows\System32\SHCORE.dll
0x00007ffc68950000 - 0x00007ffc689ab000 	C:\Windows\System32\shlwapi.dll
0x00007ffc66d80000 - 0x00007ffc66da4000 	C:\Windows\SYSTEM32\profapi.dll
0x00007ffc53740000 - 0x00007ffc53750000 	D:\androidstudio\jbr\bin\net.dll
0x00007ffc5f7d0000 - 0x00007ffc5f8da000 	C:\Windows\SYSTEM32\WINHTTP.dll
0x00007ffc66500000 - 0x00007ffc6656a000 	C:\Windows\system32\mswsock.dll
0x00007ffc48a80000 - 0x00007ffc48a96000 	D:\androidstudio\jbr\bin\nio.dll
0x00007ffc464e0000 - 0x00007ffc464f0000 	D:\androidstudio\jbr\bin\verify.dll
0x00007ffc46030000 - 0x00007ffc46057000 	C:\Users\Administrator\.gradle\native\660c5614fbf4a5f2a75b1949f50a0caf5cd603558e7d8a26e50b933a0cfb79d1\windows-amd64\native-platform.dll
0x00007ffc2d520000 - 0x00007ffc2d597000 	C:\Users\Administrator\.gradle\native\0.2.8\x86_64-windows-gnu\gradle-fileevents.dll
0x00007ffc48a70000 - 0x00007ffc48a79000 	D:\androidstudio\jbr\bin\management.dll
0x00007ffc487a0000 - 0x00007ffc487ab000 	D:\androidstudio\jbr\bin\management_ext.dll
0x00007ffc68050000 - 0x00007ffc68058000 	C:\Windows\System32\PSAPI.DLL
0x00007ffc661e0000 - 0x00007ffc6621b000 	C:\Windows\SYSTEM32\IPHLPAPI.DLL
0x00007ffc68ad0000 - 0x00007ffc68ad8000 	C:\Windows\System32\NSI.dll
0x00007ffc48b80000 - 0x00007ffc48b89000 	D:\androidstudio\jbr\bin\extnet.dll
0x00007ffc66700000 - 0x00007ffc66718000 	C:\Windows\SYSTEM32\CRYPTSP.dll
0x00007ffc65e20000 - 0x00007ffc65e58000 	C:\Windows\system32\rsaenh.dll
0x00007ffc66c90000 - 0x00007ffc66cbe000 	C:\Windows\SYSTEM32\USERENV.dll
0x00007ffc666f0000 - 0x00007ffc666fc000 	C:\Windows\SYSTEM32\CRYPTBASE.dll
0x00007ffc516f0000 - 0x00007ffc516f7000 	C:\Windows\system32\wshunix.dll
0x00007ffc53700000 - 0x00007ffc53707000 	D:\androidstudio\jbr\bin\rmi.dll

JVMTI agents:
C:\Users\Administrator\.gradle\wrapper\dists\gradle-9.4.1-bin\arn2x92ynaizyzdaamcbpbhtj\gradle-9.4.1\lib\agents\gradle-instrumentation-agent-9.4.1.jar path:D:\androidstudio\jbr\bin\instrument.dll, loaded, initialized, instrumentlib options:none

dbghelp: loaded successfully - version: 4.0.5 - missing functions: none
symbol engine: initialized successfully - sym options: 0x614 - pdb path: .;D:\androidstudio\jbr\bin;C:\Windows\SYSTEM32;C:\Windows\WinSxS\amd64_microsoft.windows.common-controls_6595b64144ccf1df_6.0.19041.6456_none_60b8a6cb71f64256;D:\androidstudio\jbr\bin\server;C:\Users\Administrator\.gradle\native\660c5614fbf4a5f2a75b1949f50a0caf5cd603558e7d8a26e50b933a0cfb79d1\windows-amd64;C:\Users\Administrator\.gradle\native\0.2.8\x86_64-windows-gnu

VM Arguments:
jvm_args: --add-opens=java.base/java.lang=ALL-UNNAMED --add-opens=java.base/java.lang.invoke=ALL-UNNAMED --add-opens=java.base/java.util=ALL-UNNAMED --add-opens=java.prefs/java.util.prefs=ALL-UNNAMED --add-exports=jdk.compiler/com.sun.tools.javac.api=ALL-UNNAMED --add-exports=jdk.compiler/com.sun.tools.javac.util=ALL-UNNAMED --add-opens=java.base/java.util=ALL-UNNAMED --add-opens=java.prefs/java.util.prefs=ALL-UNNAMED --add-opens=java.base/java.nio.charset=ALL-UNNAMED --add-opens=java.base/java.net=ALL-UNNAMED --add-opens=java.base/java.util.concurrent=ALL-UNNAMED --add-opens=java.base/java.util.concurrent.atomic=ALL-UNNAMED --add-opens=java.xml/javax.xml.namespace=ALL-UNNAMED --add-opens=java.base/java.time=ALL-UNNAMED -Xmx2048m -Dfile.encoding=UTF-8 -Duser.country=RU -Duser.language=ru -Duser.variant -javaagent:C:\Users\Administrator\.gradle\wrapper\dists\gradle-9.4.1-bin\arn2x92ynaizyzdaamcbpbhtj\gradle-9.4.1\lib\agents\gradle-instrumentation-agent-9.4.1.jar 
java_command: org.gradle.launcher.daemon.bootstrap.GradleDaemon 9.4.1
java_class_path (initial): C:\Users\Administrator\.gradle\wrapper\dists\gradle-9.4.1-bin\arn2x92ynaizyzdaamcbpbhtj\gradle-9.4.1\lib\gradle-daemon-main-9.4.1.jar
Launcher Type: SUN_STANDARD

[Global flags]
     intx CICompilerCount                          = 4                                         {product} {ergonomic}
     uint ConcGCThreads                            = 3                                         {product} {ergonomic}
     uint G1ConcRefinementThreads                  = 10                                        {product} {ergonomic}
   size_t G1HeapRegionSize                         = 1048576                                   {product} {ergonomic}
    uintx GCDrainStackTargetSize                   = 64                                        {product} {ergonomic}
   size_t InitialHeapSize                          = 266338304                                 {product} {ergonomic}
   size_t MarkStackSize                            = 4194304                                   {product} {ergonomic}
   size_t MaxHeapSize                              = 2147483648                                {product} {command line}
   size_t MaxNewSize                               = 1287651328                                {product} {ergonomic}
   size_t MinHeapDeltaBytes                        = 1048576                                   {product} {ergonomic}
   size_t MinHeapSize                              = 8388608                                   {product} {ergonomic}
    uintx NonNMethodCodeHeapSize                   = 5839372                                {pd product} {ergonomic}
    uintx NonProfiledCodeHeapSize                  = 122909434                              {pd product} {ergonomic}
    uintx ProfiledCodeHeapSize                     = 122909434                              {pd product} {ergonomic}
    uintx ReservedCodeCacheSize                    = 251658240                              {pd product} {ergonomic}
     bool SegmentedCodeCache                       = true                                      {product} {ergonomic}
   size_t SoftMaxHeapSize                          = 2147483648                             {manageable} {ergonomic}
     bool UseCompressedOops                        = true                           {product lp64_product} {ergonomic}
     bool UseG1GC                                  = true                                      {product} {ergonomic}
     bool UseLargePagesIndividualAllocation        = false                                  {pd product} {ergonomic}

Logging:
Log output configuration:
 #0: stdout all=warning uptime,level,tags foldmultilines=false
 #1: stderr all=off uptime,level,tags foldmultilines=false

Release file:
JAVA_VERSION="21.0.10" 
MODULES="java.base java.compiler java.datatransfer java.xml java.prefs java.desktop java.instrument java.logging java.management java.security.sasl java.naming java.rmi java.management.rmi java.net.http java.scripting java.security.jgss java.transaction.xa java.sql java.sql.rowset java.xml.crypto java.se java.smartcardio jdk.accessibility jdk.internal.jvmstat jdk.attach jdk.charsets jdk.internal.opt jdk.zipfs jdk.compiler jdk.crypto.ec jdk.crypto.cryptoki jdk.dynalink jdk.hotspot.agent jdk.httpserver jdk.internal.ed jdk.internal.le jdk.internal.vm.ci jdk.jartool jdk.javadoc jdk.jcmd jdk.jdeps jdk.jdwp.agent jdk.jdi jdk.jfr jdk.jlink jdk.jsobject jdk.localedata jdk.management jdk.management.agent jdk.management.jfr jdk.naming.dns jdk.naming.rmi jdk.net jdk.sctp jdk.security.auth jdk.security.jgss jdk.unsupported jdk.unsupported.desktop jdk.xml.dom" 
IMPLEMENTOR="JetBrains s.r.o." 
JAVA_RUNTIME_VERSION="21.0.10+-14961533-b1163.108" 
LIBC="default" 
OS_ARCH="x86_64" 
OS_NAME="Windows" 
SOURCE=".:git:1351622c2ff2" 

Environment Variables:
PATH=C:\Program Files\Microsoft MPI\Bin\;C:\Program Files (x86)\Common Files\Oracle\Java\java8path;C:\Program Files (x86)\Common Files\Oracle\Java\javapath;C:\ProgramData\Oracle\Java\javapath;C:\Windows\system32;C:\Windows;C:\Windows\System32\Wbem;C:\Windows\System32\WindowsPowerShell\v1.0\;C:\Windows\System32\OpenSSH\;C:\Program Files (x86)\NVIDIA Corporation\PhysX\Common;C:\Program Files\dotnet\;C:\Program Files\NVIDIA Corporation\NVIDIA app\NvDLISR;C:\Program Files\Microsoft SQL Server\150\Tools\Binn\;C:\Program Files\Microsoft SQL Server\Client SDK\ODBC\170\Tools\Binn\;C:\Program Files (x86)\Microsoft SQL Server\160\Tools\Binn\;C:\Program Files\Microsoft SQL Server\160\Tools\Binn\;C:\Program Files\Microsoft SQL Server\160\DTS\Binn\;C:\Program Files (x86)\Microsoft SQL Server\160\DTS\Binn\;C:\Program Files\Git\cmd;C:\Program Files\Microsoft SQL Server\170\Tools\Binn\;D:\osp\OSPanel\bin;C:\Users\Administrator\AppData\Local\Programs\Python\Python312\Scripts\;C:\Users\Administrator\AppData\Local\Programs\Python\Python312\;C:\Users\Administrator\AppData\Local\Programs\Python\Launcher\;C:\Users\Administrator\AppData\Local\Microsoft\WindowsApps;C:\msys64\ucrt64\bin;C:\Program Files\JetBrains\PyCharm Community Edition 2023.3.2\bin;;C:\Users\Administrator\AppData\Local\Programs\Microsoft VS Code\bin;C:\Users\Administrator\.dotnet\tools
USERNAME=Administrator
OS=Windows_NT
PROCESSOR_IDENTIFIER=Intel64 Family 6 Model 151 Stepping 5, GenuineIntel
TMP=C:\Users\ADMINI~1\AppData\Local\Temp
TEMP=C:\Users\ADMINI~1\AppData\Local\Temp




Periodic native trim disabled

JNI global refs:
JNI global refs: 29, weak refs: 1

JNI global refs memory usage: 835, weak refs: 833

Process memory usage:
Resident Set Size: 598444K (3% of 16614648K total physical memory with 1093224K free physical memory)

OOME stack traces (most recent first):
Classloader memory used:
Loader org.gradle.internal.classloader.VisitableURLClassLoader                         : 47163K
Loader org.gradle.internal.classloader.VisitableURLClassLoader$InstrumentingVisitableURLClassLoader: 30474K
Loader bootstrap                                                                       : 30459K
Loader org.gradle.initialization.MixInLegacyTypesClassLoader                           : 13016K
Loader jdk.internal.reflect.DelegatingClassLoader                                      : 536K
Loader jdk.internal.loader.ClassLoaders$AppClassLoader                                 : 192K
Loader jdk.internal.loader.ClassLoaders$PlatformClassLoader                            : 191K
Loader org.gradle.internal.classloader.VisitableURLClassLoader                         : 169K
Loader org.gradle.groovy.scripts.internal.DefaultScriptCompilationHandler$ScriptClassLoader: 129K

Classes loaded by more than one classloader:
Class Program                                                                         : loaded 5 times (x 72B)
Class Build_gradle                                                                    : loaded 3 times (x 126B)
Class com.google.common.collect.RegularImmutableMap$KeySet                            : loaded 2 times (x 152B)
Class org.gradle.internal.classloader.FilteringClassLoader                            : loaded 2 times (x 105B)
Class com.google.common.io.FileWriteMode                                              : loaded 2 times (x 79B)
Class [Lcom.google.common.base.AbstractIterator$State;                                : loaded 2 times (x 69B)
Class com.google.common.base.CharMatcher$IsEither                                     : loaded 2 times (x 111B)
Class org.gradle.internal.classloader.ClassLoaderHierarchy                            : loaded 2 times (x 70B)
Class com.google.common.collect.AbstractMapBasedMultimap$WrappedCollection            : loaded 2 times (x 124B)
Class com.google.common.collect.ImmutableEnumSet                                      : loaded 2 times (x 146B)
Class com.google.common.util.concurrent.ExecutionError                                : loaded 2 times (x 82B)
Class com.google.common.collect.ImmutableList$1                                       : loaded 2 times (x 97B)
Class com.google.common.collect.RegularImmutableMap                                   : loaded 2 times (x 121B)
Class com.google.common.collect.ImmutableMap$MapViewOfValuesAsSingletonSets           : loaded 2 times (x 126B)
Class [Lorg.objectweb.asm.Symbol;                                                     : loaded 2 times (x 69B)
Class org.objectweb.asm.ClassVisitor                                                  : loaded 2 times (x 88B)
Class com.google.common.collect.UnmodifiableListIterator                              : loaded 2 times (x 95B)
Class com.google.common.base.Platform$JdkPatternCompiler                              : loaded 2 times (x 75B)
Class org.objectweb.asm.MethodTooLargeException                                       : loaded 2 times (x 83B)
Class [Lcom.google.common.cache.CacheBuilder$OneWeigher;                              : loaded 2 times (x 69B)
Class com.google.common.base.Suppliers                                                : loaded 2 times (x 71B)
Class org.gradle.internal.classloader.DefaultClassLoaderFactory                       : loaded 2 times (x 82B)
Class com.google.common.base.CharMatcher$None                                         : loaded 2 times (x 112B)
Class [Lcom.google.common.collect.ImmutableMapEntry;                                  : loaded 2 times (x 69B)
Class ijKotlinCoroutineJvmDebugInit1_5r7bdxi9damxfzcc7gj3q5i8h$_run_closure1          : loaded 2 times (x 139B)
Class com.google.common.collect.ListMultimap                                          : loaded 2 times (x 70B)
Class com.google.common.collect.ImmutableEnumMap                                      : loaded 2 times (x 126B)
Class com.google.common.base.Splitter                                                 : loaded 2 times (x 72B)
Class com.google.common.collect.ImmutableSet$SerializedForm                           : loaded 2 times (x 73B)
Class com.google.common.collect.Sets$1                                                : loaded 2 times (x 139B)
Class org.objectweb.asm.AnnotationVisitor                                             : loaded 2 times (x 78B)
Class org.gradle.api.internal.DefaultClassPathProvider                                : loaded 2 times (x 76B)
Class com.google.common.collect.Maps$ViewCachingAbstractMap                           : loaded 2 times (x 125B)
Class com.google.common.collect.Sets$2                                                : loaded 2 times (x 139B)
Class [Lorg.gradle.api.internal.ClassPathProvider;                                    : loaded 2 times (x 69B)
Class org.gradle.api.internal.ClassPathProvider                                       : loaded 2 times (x 70B)
Class com.google.common.base.AbstractIterator$State                                   : loaded 2 times (x 79B)
Class [Lorg.objectweb.asm.AnnotationVisitor;                                          : loaded 2 times (x 69B)
Class com.google.common.collect.Sets$3                                                : loaded 2 times (x 139B)
Class com.google.common.cache.LocalCache$LocalLoadingCache                            : loaded 2 times (x 134B)
Class org.gradle.internal.service.UnknownServiceException                             : loaded 2 times (x 83B)
Class com.google.common.collect.Sets$4                                                : loaded 2 times (x 139B)
Class org.objectweb.asm.ModuleVisitor                                                 : loaded 2 times (x 81B)
Class com.google.common.cache.LocalCache$Strength$1                                   : loaded 2 times (x 81B)
Class com.google.common.util.concurrent.SettableFuture                                : loaded 2 times (x 114B)
Class com.google.common.cache.LocalCache$Strength$2                                   : loaded 2 times (x 81B)
Class com.google.common.collect.TransformedIterator                                   : loaded 2 times (x 80B)
Class com.google.common.base.Splitter$1                                               : loaded 2 times (x 77B)
Class com.google.common.cache.LocalCache$Strength$3                                   : loaded 2 times (x 81B)
Class com.google.common.collect.MapDifference                                         : loaded 2 times (x 70B)
Class org.objectweb.asm.FieldWriter                                                   : loaded 2 times (x 78B)
Class com.google.common.cache.CacheBuilder$NullListener                               : loaded 2 times (x 82B)
Class org.gradle.internal.classpath.TransformedClassPath                              : loaded 2 times (x 96B)
Class org.gradle.internal.classloader.InstrumentingClassLoader                        : loaded 2 times (x 70B)
Class com.google.common.cache.CacheLoader$FunctionToCacheLoader                       : loaded 2 times (x 75B)
Class com.google.common.collect.Iterators$ArrayItr                                    : loaded 2 times (x 97B)
Class com.google.common.collect.ImmutableCollection$Builder                           : loaded 2 times (x 76B)
Class com.google.common.base.Joiner                                                   : loaded 2 times (x 79B)
Class com.google.common.base.MoreObjects                                              : loaded 2 times (x 71B)
Class com.google.common.base.Equivalence$Identity                                     : loaded 2 times (x 82B)
Class [Lorg.objectweb.asm.Type;                                                       : loaded 2 times (x 69B)
Class com.google.common.collect.UnmodifiableIterator                                  : loaded 2 times (x 80B)
Class org.gradle.internal.service.ServiceLocator                                      : loaded 2 times (x 70B)
Class com.google.common.base.Ascii                                                    : loaded 2 times (x 71B)
Class com.google.common.collect.SingletonImmutableBiMap                               : loaded 2 times (x 143B)
Class com.google.common.cache.LocalCache$1                                            : loaded 2 times (x 89B)
Class com.google.common.collect.Iterators$SingletonIterator                           : loaded 2 times (x 81B)
Class com.google.common.collect.AbstractMapEntry                                      : loaded 2 times (x 81B)
Class com.google.common.collect.Sets$ImprovedAbstractSet                              : loaded 2 times (x 135B)
Class com.google.common.collect.ImmutableList$Builder                                 : loaded 2 times (x 77B)
Class com.google.common.collect.AbstractMultimap                                      : loaded 2 times (x 123B)
Class com.google.common.cache.LocalCache$2                                            : loaded 2 times (x 142B)
Class ijJvmDebugger1_9g0qofofwcyj7zv76ipfztsnh$_run_closure1$_closure2                : loaded 2 times (x 140B)
Class com.google.common.collect.RegularImmutableAsList                                : loaded 2 times (x 217B)
Class ijJvmDebugger1_9g0qofofwcyj7zv76ipfztsnh                                        : loaded 2 times (x 171B)
Class com.google.common.util.concurrent.AbstractFuture$Trusted                        : loaded 2 times (x 70B)
Class com.google.common.collect.Iterators                                             : loaded 2 times (x 71B)
Class com.google.common.io.ByteSink$AsCharSink                                        : loaded 2 times (x 80B)
Class com.google.common.collect.Lists$StringAsImmutableList                           : loaded 2 times (x 207B)
Class com.google.common.util.concurrent.UncheckedExecutionException                   : loaded 2 times (x 82B)
Class org.gradle.kotlin.dsl.VersionCatalogAccessorsKt                                 : loaded 2 times (x 71B)
Class com.google.common.collect.AbstractMapBasedMultimap$KeySet$1                     : loaded 2 times (x 82B)
Class org.objectweb.asm.ClassWriter                                                   : loaded 2 times (x 106B)
Class com.google.common.cache.CacheLoader$UnsupportedLoadingOperationException        : loaded 2 times (x 82B)
Class com.google.common.base.CharMatcher$And                                          : loaded 2 times (x 112B)
Class com.google.common.base.Objects                                                  : loaded 2 times (x 71B)
Class org.objectweb.asm.FieldVisitor                                                  : loaded 2 times (x 77B)
Class com.google.common.collect.IndexedImmutableSet                                   : loaded 2 times (x 152B)
Class com.google.common.collect.ImmutableMap$1                                        : loaded 2 times (x 81B)
Class com.google.common.collect.BiMap                                                 : loaded 2 times (x 70B)
Class ijJvmDebugger1_9g0qofofwcyj7zv76ipfztsnh$_run_closure1                          : loaded 2 times (x 139B)
Class org.gradle.api.internal.classpath.DefaultModuleRegistry$DefaultModule           : loaded 2 times (x 82B)
Class com.google.common.primitives.Ints                                               : loaded 2 times (x 71B)
Class com.google.common.collect.AbstractIterator                                      : loaded 2 times (x 82B)
Class com.google.common.collect.ObjectArrays                                          : loaded 2 times (x 71B)
Class com.google.common.math.MathPreconditions                                        : loaded 2 times (x 71B)
Class com.google.common.collect.Multiset                                              : loaded 2 times (x 70B)
Class com.google.common.collect.ArrayListMultimapGwtSerializationDependencies         : loaded 2 times (x 172B)
Class com.google.common.collect.AbstractIndexedListIterator                           : loaded 2 times (x 96B)
Class com.google.common.collect.ImmutableMapEntrySet                                  : loaded 2 times (x 152B)
Class org.gradle.api.internal.classpath.Module                                        : loaded 2 times (x 70B)
Class com.google.common.cache.Weigher                                                 : loaded 2 times (x 70B)
Class org.gradle.api.internal.classpath.UnknownModuleException                        : loaded 2 times (x 82B)
Class com.google.common.base.Stopwatch                                                : loaded 2 times (x 72B)
Class com.google.common.cache.LocalCache$Strength                                     : loaded 2 times (x 81B)
Class com.google.common.cache.Cache                                                   : loaded 2 times (x 70B)
Class com.google.common.base.NullnessCasts                                            : loaded 2 times (x 71B)
Class com.google.common.util.concurrent.AbstractFuture$Cancellation                   : loaded 2 times (x 72B)
Class com.google.common.collect.ImmutableMap$Builder                                  : loaded 2 times (x 82B)
Class com.google.common.collect.AbstractMapBasedMultimap$WrappedCollection$WrappedIterator: loaded 2 times (x 84B)
Class com.google.common.cache.RemovalListener                                         : loaded 2 times (x 70B)
Class org.gradle.api.internal.DefaultClassPathRegistry                                : loaded 2 times (x 76B)
Class com.google.common.primitives.IntsMethodsForWeb                                  : loaded 2 times (x 71B)
Class com.google.common.collect.Multimap                                              : loaded 2 times (x 70B)
Class ijKotlinCoroutineJvmDebugInit1_5r7bdxi9damxfzcc7gj3q5i8h                        : loaded 2 times (x 171B)
Class org.gradle.internal.classpath.DefaultClassPath$ImmutableUniqueList              : loaded 2 times (x 199B)
Class org.gradle.api.internal.ClassPathRegistry                                       : loaded 2 times (x 70B)
Class com.google.common.base.ExtraObjectsMethodsForWeb                                : loaded 2 times (x 71B)
Class com.google.common.collect.Platform                                              : loaded 2 times (x 71B)
Class com.google.common.io.ByteSink                                                   : loaded 2 times (x 76B)
Class com.google.common.cache.CacheBuilder                                            : loaded 2 times (x 72B)
Class com.google.common.collect.SingletonImmutableList                                : loaded 2 times (x 207B)
Class Settings_gradle$1                                                               : loaded 2 times (x 74B)
Class org.gradle.internal.classpath.ClassPath                                         : loaded 2 times (x 70B)
Class com.google.common.io.Files$FileByteSource                                       : loaded 2 times (x 85B)
Class com.google.common.base.JdkPattern                                               : loaded 2 times (x 75B)
Class com.google.common.collect.ImmutableList$ReverseImmutableList                    : loaded 2 times (x 209B)
Class org.objectweb.asm.SymbolTable$Entry                                             : loaded 2 times (x 74B)
Class org.gradle.api.internal.classpath.DefaultModuleRegistry$DefaultModuleAlias      : loaded 2 times (x 80B)
Class org.objectweb.asm.Edge                                                          : loaded 2 times (x 72B)
Class com.google.common.base.Suppliers$SupplierOfInstance                             : loaded 2 times (x 79B)
Class com.google.common.collect.Iterators$1                                           : loaded 2 times (x 81B)
Class com.google.common.cache.LocalCache$ComputingValueReference                      : loaded 2 times (x 96B)
Class com.google.common.collect.SingletonImmutableSet                                 : loaded 2 times (x 146B)
Class com.google.common.collect.ImmutableMap$IteratorBasedImmutableMap                : loaded 2 times (x 126B)
Class com.google.common.cache.LocalCache$Segment                                      : loaded 2 times (x 154B)
Class ijKotlinCoroutineJvmDebugInit1_5r7bdxi9damxfzcc7gj3q5i8h$_run_closure1$_closure2: loaded 2 times (x 139B)
Class com.google.common.collect.AbstractListMultimap                                  : loaded 2 times (x 172B)
Class [Lorg.objectweb.asm.SymbolTable$Entry;                                          : loaded 2 times (x 69B)
Class com.google.common.cache.CacheLoader                                             : loaded 2 times (x 74B)
Class com.google.common.collect.Iterators$4                                           : loaded 2 times (x 82B)
Class com.google.common.collect.ImmutableBiMap                                        : loaded 2 times (x 143B)
Class org.gradle.api.internal.classpath.ModuleRegistry                                : loaded 2 times (x 70B)
Class org.gradle.internal.installation.GradleInstallation$1                           : loaded 2 times (x 75B)
Class com.google.common.base.Splitter$SplittingIterator                               : loaded 2 times (x 84B)
Class com.google.common.collect.ImmutableSet$JdkBackedSetBuilderImpl                  : loaded 2 times (x 76B)
Class com.google.common.util.concurrent.internal.InternalFutureFailureAccess          : loaded 2 times (x 72B)
Class com.google.common.collect.Iterators$5                                           : loaded 2 times (x 82B)
Class com.google.common.cache.LocalCache$LocalManualCache$1                           : loaded 2 times (x 75B)
Class com.google.common.base.CharMatcher$ForPredicate                                 : loaded 2 times (x 112B)
Class com.google.common.base.CharMatcher$AnyOf                                        : loaded 2 times (x 112B)
Class com.google.common.collect.ImmutableCollection                                   : loaded 2 times (x 125B)
Class org.gradle.api.internal.classpath.DefaultModuleRegistry                         : loaded 2 times (x 84B)
Class com.google.common.collect.Lists                                                 : loaded 2 times (x 71B)
Class com.google.common.util.concurrent.ListenableFuture                              : loaded 2 times (x 70B)
Class com.google.common.cache.ReferenceEntry                                          : loaded 2 times (x 70B)
Class com.google.common.base.Converter                                                : loaded 2 times (x 90B)
Class com.google.common.collect.ImmutableSet$CachingAsList                            : loaded 2 times (x 148B)
Class com.google.common.collect.AbstractMapBasedMultimap                              : loaded 2 times (x 139B)
Class com.google.common.util.concurrent.AbstractFuture                                : loaded 2 times (x 106B)
Class com.google.common.base.FunctionalEquivalence                                    : loaded 2 times (x 83B)
Class com.google.common.collect.Iterators$9                                           : loaded 2 times (x 81B)
Class com.google.common.collect.ImmutableAsList                                       : loaded 2 times (x 209B)
Class org.objectweb.asm.RecordComponentVisitor                                        : loaded 2 times (x 77B)
Class com.google.common.cache.CacheLoader$SupplierToCacheLoader                       : loaded 2 times (x 75B)
Class com.google.common.collect.Maps$EntryTransformer                                 : loaded 2 times (x 70B)
Class org.gradle.internal.service.ServiceLookupException                              : loaded 2 times (x 82B)
Class [Lcom.google.common.cache.LocalCache$EntryFactory;                              : loaded 2 times (x 69B)
Class org.gradle.internal.classloader.ClassLoaderFactory                              : loaded 2 times (x 70B)
Class com.google.common.base.CommonPattern                                            : loaded 2 times (x 74B)
Class com.google.common.cache.LocalCache$LocalManualCache                             : loaded 2 times (x 99B)
Class com.google.common.base.CharMatcher$IsNot                                        : loaded 2 times (x 111B)
Class org.gradle.internal.service.CachingServiceLocator                               : loaded 2 times (x 82B)
Class com.google.common.collect.AbstractMapBasedMultimap$KeySet                       : loaded 2 times (x 137B)
Class com.google.common.math.IntMath                                                  : loaded 2 times (x 71B)
Class com.google.common.collect.ImmutableMapEntry                                     : loaded 2 times (x 85B)
Class com.google.common.base.Equivalence                                              : loaded 2 times (x 82B)
Class com.google.common.base.Function                                                 : loaded 2 times (x 70B)
Class com.google.common.collect.ImmutableMapEntry$NonTerminalImmutableMapEntry        : loaded 2 times (x 85B)
Class com.google.common.cache.CacheBuilder$OneWeigher                                 : loaded 2 times (x 82B)
Class com.google.common.collect.RegularImmutableList                                  : loaded 2 times (x 213B)
Class org.gradle.internal.classloader.ClasspathUtil                                   : loaded 2 times (x 71B)
Class com.google.common.util.concurrent.Uninterruptibles                              : loaded 2 times (x 71B)
Class com.google.common.util.concurrent.LazyLogger                                    : loaded 2 times (x 72B)
Class com.google.common.collect.Maps                                                  : loaded 2 times (x 71B)
Class org.gradle.api.specs.Spec                                                       : loaded 2 times (x 70B)
Class [Lcom.google.common.collect.ImmutableEntry;                                     : loaded 2 times (x 69B)
Class com.google.common.cache.LocalCache$LoadingValueReference                        : loaded 2 times (x 96B)
Class com.google.common.base.Platform                                                 : loaded 2 times (x 71B)
Class com.google.common.collect.AbstractMapBasedMultimap$WrappedList                  : loaded 2 times (x 205B)
Class [Lorg.objectweb.asm.AnnotationWriter;                                           : loaded 2 times (x 69B)
Class com.google.common.collect.Maps$8                                                : loaded 2 times (x 82B)
Class com.google.common.collect.Sets$SetView                                          : loaded 2 times (x 138B)
Class com.google.common.cache.LocalCache$StrongValueReference                         : loaded 2 times (x 90B)
Class com.google.common.graph.SuccessorsFunction                                      : loaded 2 times (x 70B)
Class org.objectweb.asm.Type                                                          : loaded 2 times (x 72B)
Class org.gradle.internal.classloader.VisitableURLClassLoader$InstrumentingVisitableURLClassLoader: loaded 2 times (x 123B)
Class com.google.common.io.Files$FileByteSink                                         : loaded 2 times (x 77B)
Class com.google.common.math.IntMath$1                                                : loaded 2 times (x 71B)
Class org.objectweb.asm.ByteVector                                                    : loaded 2 times (x 79B)
Class [Lcom.google.common.cache.CacheBuilder$NullListener;                            : loaded 2 times (x 69B)
Class org.gradle.internal.classloader.VisitableURLClassLoader$Spec                    : loaded 2 times (x 74B)
Class org.gradle.internal.classpath.DefaultClassPath                                  : loaded 2 times (x 90B)
Class com.google.common.base.AbstractIterator                                         : loaded 2 times (x 80B)
Class org.objectweb.asm.Symbol                                                        : loaded 2 times (x 73B)
Class com.google.common.io.Closer                                                     : loaded 2 times (x 78B)
Class com.google.common.base.CharMatcher$BitSetMatcher                                : loaded 2 times (x 112B)
Class com.google.common.collect.RegularImmutableMap$Values                            : loaded 2 times (x 207B)
Class com.google.common.collect.ImmutableSet                                          : loaded 2 times (x 145B)
Class org.gradle.internal.classloader.ClassLoaderSpec                                 : loaded 2 times (x 71B)
Class org.objectweb.asm.AnnotationWriter                                              : loaded 2 times (x 79B)
Class com.google.common.cache.CacheStats                                              : loaded 2 times (x 71B)
Class com.google.common.io.Closer$Suppressor                                          : loaded 2 times (x 70B)
Class com.google.common.io.LineProcessor                                              : loaded 2 times (x 70B)
Class org.objectweb.asm.RecordComponentWriter                                         : loaded 2 times (x 78B)
Class com.google.common.util.concurrent.AbstractFuture$Listener                       : loaded 2 times (x 72B)
Class com.google.common.base.CharMatcher$Or                                           : loaded 2 times (x 112B)
Class Settings_gradle$1$1                                                             : loaded 2 times (x 74B)
Class org.gradle.api.internal.classpath.Module$ModuleAlias                            : loaded 2 times (x 70B)
Class org.objectweb.asm.Attribute                                                     : loaded 2 times (x 77B)
Class com.google.common.base.Supplier                                                 : loaded 2 times (x 70B)
Class org.gradle.internal.classloader.VisitableURLClassLoader                         : loaded 2 times (x 117B)
Class Settings_gradle                                                                 : loaded 2 times (x 124B)
Class org.gradle.internal.Cast                                                        : loaded 2 times (x 71B)
Class org.gradle.api.Action                                                           : loaded 2 times (x 70B)
Class com.google.common.base.Strings                                                  : loaded 2 times (x 71B)
Class com.google.common.collect.Sets                                                  : loaded 2 times (x 71B)
Class org.objectweb.asm.Handler                                                       : loaded 2 times (x 72B)
Class com.google.common.base.Ticker                                                   : loaded 2 times (x 72B)
Class com.google.common.base.CharMatcher$FastMatcher                                  : loaded 2 times (x 111B)
Class [Lcom.google.common.cache.LocalCache$Segment;                                   : loaded 2 times (x 69B)
Class [Lcom.google.common.cache.LocalCache$Strength;                                  : loaded 2 times (x 69B)
Class com.google.common.cache.CacheBuilder$1                                          : loaded 2 times (x 85B)
Class com.google.common.base.Predicate                                                : loaded 2 times (x 70B)
Class com.google.common.collect.ImmutableMap                                          : loaded 2 times (x 120B)
Class org.gradle.internal.classpath.DefaultClassPath$ImmutableUniqueList$Builder      : loaded 2 times (x 75B)
Class com.google.common.cache.LocalCache                                              : loaded 2 times (x 187B)
Class com.google.common.cache.CacheBuilder$2                                          : loaded 2 times (x 79B)
Class com.google.common.base.CharMatcher$NegatedFastMatcher                           : loaded 2 times (x 113B)
Class com.google.common.collect.ArrayListMultimap                                     : loaded 2 times (x 172B)
Class com.google.common.cache.CacheBuilder$3                                          : loaded 2 times (x 72B)
Class [Lcom.google.common.collect.AbstractMapEntry;                                   : loaded 2 times (x 69B)
Class com.google.common.collect.ImmutableEntry                                        : loaded 2 times (x 82B)
Class org.gradle.api.GradleException                                                  : loaded 2 times (x 82B)
Class com.google.common.collect.CollectPreconditions                                  : loaded 2 times (x 71B)
Class [Lcom.google.common.io.FileWriteMode;                                           : loaded 2 times (x 69B)
Class com.google.common.collect.SortedMapDifference                                   : loaded 2 times (x 70B)
Class com.google.common.io.Files                                                      : loaded 2 times (x 71B)
Class com.google.common.cache.LocalCache$EntryFactory                                 : loaded 2 times (x 83B)
Class com.google.common.cache.LocalCache$AbstractReferenceEntry                       : loaded 2 times (x 107B)
Class org.gradle.internal.IoActions                                                   : loaded 2 times (x 71B)
Class org.objectweb.asm.SymbolTable                                                   : loaded 2 times (x 72B)
Class com.google.common.cache.CacheLoader$InvalidCacheLoadException                   : loaded 2 times (x 82B)
Class com.google.common.collect.ImmutableSet$RegularSetBuilderImpl                    : loaded 2 times (x 77B)
Class com.google.common.cache.LocalCache$StrongEntry                                  : loaded 2 times (x 108B)
Class com.google.common.util.concurrent.AbstractFuture$TrustedFuture                  : loaded 2 times (x 114B)
Class com.google.common.cache.LoadingCache                                            : loaded 2 times (x 70B)
Class org.objectweb.asm.MethodWriter                                                  : loaded 2 times (x 106B)
Class [Lcom.google.common.cache.Weigher;                                              : loaded 2 times (x 69B)
Class com.google.common.collect.RegularImmutableMap$BucketOverflowException           : loaded 2 times (x 82B)
Class com.google.common.collect.AbstractMapBasedMultimap$RandomAccessWrappedList      : loaded 2 times (x 205B)
Class com.google.common.collect.RegularImmutableBiMap                                 : loaded 2 times (x 149B)
Class com.google.common.cache.LocalCache$ValueReference                               : loaded 2 times (x 70B)
Class com.google.common.base.CharMatcher$Negated                                      : loaded 2 times (x 113B)
Class com.google.common.base.CharMatcher$Is                                           : loaded 2 times (x 111B)
Class com.google.common.base.PatternCompiler                                          : loaded 2 times (x 70B)
Class com.google.common.util.concurrent.AbstractFuture$Failure                        : loaded 2 times (x 72B)
Class com.google.common.base.Equivalence$Equals                                       : loaded 2 times (x 82B)
Class com.google.common.collect.Hashing                                               : loaded 2 times (x 71B)
Class com.google.common.base.Preconditions                                            : loaded 2 times (x 71B)
Class com.google.common.io.CharSink                                                   : loaded 2 times (x 79B)
Class com.google.common.base.Joiner$1                                                 : loaded 2 times (x 80B)
Class org.objectweb.asm.Label                                                         : loaded 2 times (x 73B)
Class org.objectweb.asm.CurrentFrame                                                  : loaded 2 times (x 73B)
Class org.objectweb.asm.ClassTooLargeException                                        : loaded 2 times (x 83B)
Class com.google.common.base.CharMatcher                                              : loaded 2 times (x 111B)
Class com.google.common.collect.PeekingIterator                                       : loaded 2 times (x 70B)
Class com.google.common.collect.Maps$IteratorBasedAbstractMap                         : loaded 2 times (x 125B)
Class com.google.common.collect.Table                                                 : loaded 2 times (x 70B)
Class com.google.common.base.Joiner$2                                                 : loaded 2 times (x 79B)
Class org.objectweb.asm.Frame                                                         : loaded 2 times (x 73B)
Class org.objectweb.asm.MethodVisitor                                                 : loaded 2 times (x 105B)
Class com.google.common.cache.LocalCache$EntryFactory$1                               : loaded 2 times (x 83B)
Class [Lcom.google.common.cache.RemovalListener;                                      : loaded 2 times (x 69B)
Class com.google.common.base.CharMatcher$NamedFastMatcher                             : loaded 2 times (x 112B)
Class com.google.common.base.CharMatcher$1                                            : loaded 2 times (x 113B)
Class com.google.common.cache.LocalCache$EntryFactory$2                               : loaded 2 times (x 83B)
Class org.objectweb.asm.ModuleWriter                                                  : loaded 2 times (x 82B)
Class com.google.common.cache.LocalCache$EntryFactory$3                               : loaded 2 times (x 83B)
Class com.google.common.base.Ticker$1                                                 : loaded 2 times (x 72B)
Class com.google.common.collect.Maps$BiMapConverter                                   : loaded 2 times (x 90B)
Class com.google.common.collect.ImmutableMapEntrySet$RegularEntrySet                  : loaded 2 times (x 152B)
Class com.google.common.collect.ImmutableSet$Builder                                  : loaded 2 times (x 85B)
Class com.google.common.cache.LocalCache$EntryFactory$4                               : loaded 2 times (x 83B)
Class com.google.common.base.CharMatcher$InRange                                      : loaded 2 times (x 111B)
Class com.google.common.cache.LocalCache$EntryFactory$5                               : loaded 2 times (x 83B)
Class com.google.common.base.PairwiseEquivalence                                      : loaded 2 times (x 83B)
Class com.google.common.cache.LocalCache$EntryFactory$6                               : loaded 2 times (x 83B)
Class org.gradle.internal.installation.CurrentGradleInstallationLocator               : loaded 2 times (x 71B)
Class com.google.common.collect.Maps$KeySet                                           : loaded 2 times (x 137B)
Class com.google.common.collect.ImmutableSet$EmptySetBuilderImpl                      : loaded 2 times (x 76B)
Class com.google.common.cache.LocalCache$EntryFactory$7                               : loaded 2 times (x 83B)
Class com.google.common.collect.ImmutableList                                         : loaded 2 times (x 206B)
Class org.gradle.internal.service.DefaultServiceLocator                               : loaded 2 times (x 83B)
Class com.google.common.collect.Maps$EntrySet                                         : loaded 2 times (x 136B)
Class com.google.common.cache.LocalCache$EntryFactory$8                               : loaded 2 times (x 83B)
Class com.google.common.collect.ImmutableSet$SetBuilderImpl                           : loaded 2 times (x 76B)
Class org.gradle.internal.installation.CurrentGradleInstallation                      : loaded 2 times (x 73B)
Class com.google.common.cache.CacheLoader$1                                           : loaded 2 times (x 75B)
Class com.google.common.collect.ForwardingObject                                      : loaded 2 times (x 72B)
Class com.google.common.collect.ImmutableList$SubList                                 : loaded 2 times (x 209B)
Class org.gradle.util.internal.GUtil                                                  : loaded 2 times (x 71B)
Class com.google.common.io.ByteSource                                                 : loaded 2 times (x 84B)
Class com.google.common.cache.AbstractCache$StatsCounter                              : loaded 2 times (x 70B)
Class com.google.common.collect.Iterators$MergingIterator                             : loaded 2 times (x 81B)
Class com.google.common.collect.RegularImmutableSet                                   : loaded 2 times (x 149B)
Class org.gradle.internal.installation.GradleInstallation                             : loaded 2 times (x 75B)
Class com.google.common.base.Splitter$Strategy                                        : loaded 2 times (x 70B)
Class com.google.common.collect.Iterables                                             : loaded 2 times (x 71B)

---------------  S Y S T E M  ---------------

OS:
 Windows 10 , 64 bit Build 19041 (10.0.19041.5915)
OS uptime: 0 days 13:19 hours

CPU: total 12 (initial active 12) (6 cores per cpu, 2 threads per core) family 6 model 151 stepping 5 microcode 0x26, cx8, cmov, fxsr, ht, mmx, 3dnowpref, sse, sse2, sse3, ssse3, sse4.1, sse4.2, popcnt, lzcnt, tsc, tscinvbit, avx, avx2, aes, erms, clmul, bmi1, bmi2, adx, sha, fma, vzeroupper, clflush, clflushopt, clwb, serialize, rdtscp, rdpid, fsrm, f16c, pku, cet_ibt, cet_ss
Processor Information for the first 12 processors :
  Max Mhz: 2500, Current Mhz: 2500, Mhz Limit: 2500

Memory: 4k page, system-wide physical 16225M (1067M free)
TotalPageFile size 24225M (AvailPageFile size 29M)
current process WorkingSet (physical memory assigned to process): 582M, peak: 585M
current process commit charge ("private bytes"): 624M, peak: 656M

vm_info: OpenJDK 64-Bit Server VM (21.0.10+-14961533-b1163.108) for windows-amd64 JRE (21.0.10+-14961533-b1163.108), built on 2026-03-02T19:58:50Z by "builder" with MS VC++ 16.10 / 16.11 (VS2019)

END.
