#
# There is insufficient memory for the Java Runtime Environment to continue.
# Native memory allocation (mmap) failed to map 55574528 bytes. Error detail: G1 virtual space
# Possible reasons:
#   The system is out of physical RAM or swap space
#   This process is running with CompressedOops enabled, and the Java Heap may be blocking the growth of the native heap
# Possible solutions:
#   Reduce memory load on the system
#   Increase physical memory or swap space
#   Check if swap backing store is full
#   Decrease Java heap size (-Xmx/-Xms)
#   Decrease number of Java threads
#   Decrease Java thread stack sizes (-Xss)
#   Set larger code cache with -XX:ReservedCodeCacheSize=
#   JVM is running with Unscaled Compressed Oops mode in which the Java heap is
#     placed in the first 4GB address space. The Java Heap base address is the
#     maximum limit for the native heap growth. Please use -XX:HeapBaseMinAddress
#     to set the Java Heap base and to place the Java Heap above 4GB virtual address.
# This output file may be truncated or incomplete.
#
#  Out of Memory Error (os_windows.cpp:3926), pid=11280, tid=14120
#
# JRE version: OpenJDK Runtime Environment (21.0.10) (build 21.0.10+-14961533-b1163.108)
# Java VM: OpenJDK 64-Bit Server VM (21.0.10+-14961533-b1163.108, mixed mode, tiered, compressed oops, compressed class ptrs, g1 gc, windows-amd64)
# No core dump will be written. Minidumps are not enabled by default on client versions of Windows
#

---------------  S U M M A R Y ------------

Command Line: --add-opens=java.base/java.lang=ALL-UNNAMED --add-opens=java.base/java.lang.invoke=ALL-UNNAMED --add-opens=java.base/java.util=ALL-UNNAMED --add-opens=java.prefs/java.util.prefs=ALL-UNNAMED --add-exports=jdk.compiler/com.sun.tools.javac.api=ALL-UNNAMED --add-exports=jdk.compiler/com.sun.tools.javac.util=ALL-UNNAMED --add-opens=java.base/java.util=ALL-UNNAMED --add-opens=java.prefs/java.util.prefs=ALL-UNNAMED --add-opens=java.base/java.nio.charset=ALL-UNNAMED --add-opens=java.base/java.net=ALL-UNNAMED --add-opens=java.base/java.util.concurrent=ALL-UNNAMED --add-opens=java.base/java.util.concurrent.atomic=ALL-UNNAMED --add-opens=java.xml/javax.xml.namespace=ALL-UNNAMED --add-opens=java.base/java.time=ALL-UNNAMED -Xmx2048m -Dfile.encoding=UTF-8 -Duser.country=RU -Duser.language=ru -Duser.variant -javaagent:C:\Users\Administrator\.gradle\wrapper\dists\gradle-9.4.1-bin\arn2x92ynaizyzdaamcbpbhtj\gradle-9.4.1\lib\agents\gradle-instrumentation-agent-9.4.1.jar org.gradle.launcher.daemon.bootstrap.GradleDaemon 9.4.1

Host: 12th Gen Intel(R) Core(TM) i5-12400F, 12 cores, 15G,  Windows 10 , 64 bit Build 19041 (10.0.19041.5915)
Time: Mon May 25 00:34:18 2026 elapsed time: 6.143613 seconds (0d 0h 0m 6s)

---------------  T H R E A D  ---------------

Current thread (0x000001d5df0548c0):  VMThread "VM Thread"          [id=14120, stack(0x000000988eb00000,0x000000988ec00000) (1024K)]

Stack: [0x000000988eb00000,0x000000988ec00000]
Native frames: (J=compiled Java code, j=interpreted, Vv=VM code, C=native code)
V  [jvm.dll+0x6d78a9]
V  [jvm.dll+0x8665b3]
V  [jvm.dll+0x868bde]
V  [jvm.dll+0x8692c3]
V  [jvm.dll+0x280ee6]
V  [jvm.dll+0x6d4165]
V  [jvm.dll+0x6c77fa]
V  [jvm.dll+0x358f4b]
V  [jvm.dll+0x360bc6]
V  [jvm.dll+0x3b2ea6]
V  [jvm.dll+0x3b3178]
V  [jvm.dll+0x32b65c]
V  [jvm.dll+0x32b6e7]
V  [jvm.dll+0x3715cc]
V  [jvm.dll+0x36fd7e]
V  [jvm.dll+0x32adb1]
V  [jvm.dll+0x36f480]
V  [jvm.dll+0x86f048]
V  [jvm.dll+0x870394]
V  [jvm.dll+0x8708d0]
V  [jvm.dll+0x870b63]
V  [jvm.dll+0x80fd28]
V  [jvm.dll+0x6d60fd]
C  [ucrtbase.dll+0x21bb2]
C  [KERNEL32.DLL+0x17374]
C  [ntdll.dll+0x4cc91]

VM_Operation (0x00000098909f25a0): G1CollectForAllocation, mode: safepoint, requested by thread 0x000001d5e07928c0


---------------  P R O C E S S  ---------------

Threads class SMR info:
_java_thread_list=0x000001d5e1eda2a0, length=57, elements={
0x000001d5c3142920, 0x000001d5df0d7150, 0x000001d5df0edfc0, 0x000001d5df0efde0,
0x000001d5df104290, 0x000001d5df104cf0, 0x000001d5df105ef0, 0x000001d5df108960,
0x000001d5df103020, 0x000001d5df111af0, 0x000001d5df3e3cf0, 0x000001d5e20d2580,
0x000001d5e12b7880, 0x000001d5e1859b40, 0x000001d5e15015a0, 0x000001d5e1e734d0,
0x000001d5e003f520, 0x000001d5e07928c0, 0x000001d5e139ba00, 0x000001d5e2deb590,
0x000001d5e2dea1e0, 0x000001d5e2dea870, 0x000001d5e2de8e30, 0x000001d5e2de94c0,
0x000001d5e3902f40, 0x000001d5e3902220, 0x000001d5e39035d0, 0x000001d5e39042f0,
0x000001d5e3905d30, 0x000001d5e3904980, 0x000001d5e3905010, 0x000001d5e39028b0,
0x000001d5e38ffac0, 0x000001d5e3900e70, 0x000001d5e3903c60, 0x000001d5e39063c0,
0x000001d5e3906a50, 0x000001d5e39070e0, 0x000001d5e3900150, 0x000001d5e39007e0,
0x000001d5e3901500, 0x000001d5e3901b90, 0x000001d5e50a6580, 0x000001d5e50a9a00,
0x000001d5e50abad0, 0x000001d5e50ac160, 0x000001d5e50aadb0, 0x000001d5e50ace80,
0x000001d5e50ad510, 0x000001d5e50a72a0, 0x000001d5e50a9370, 0x000001d5e50a6c10,
0x000001d5e50a7fc0, 0x000001d5e50a8650, 0x000001d5e50a8ce0, 0x000001d5e2c45010,
0x000001d5e2c45d30
}

Java Threads: ( => current thread )
  0x000001d5c3142920 JavaThread "main"                              [_thread_blocked, id=18284, stack(0x000000988e400000,0x000000988e500000) (1024K)]
  0x000001d5df0d7150 JavaThread "Common-Cleaner"             daemon [_thread_blocked, id=8188, stack(0x000000988ec00000,0x000000988ed00000) (1024K)]
  0x000001d5df0edfc0 JavaThread "Reference Handler"          daemon [_thread_blocked, id=16648, stack(0x000000988ed00000,0x000000988ee00000) (1024K)]
  0x000001d5df0efde0 JavaThread "Finalizer"                  daemon [_thread_blocked, id=10784, stack(0x000000988ee00000,0x000000988ef00000) (1024K)]
  0x000001d5df104290 JavaThread "Signal Dispatcher"          daemon [_thread_blocked, id=13492, stack(0x000000988ef00000,0x000000988f000000) (1024K)]
  0x000001d5df104cf0 JavaThread "Attach Listener"            daemon [_thread_blocked, id=18240, stack(0x000000988f000000,0x000000988f100000) (1024K)]
  0x000001d5df105ef0 JavaThread "Service Thread"             daemon [_thread_blocked, id=18064, stack(0x000000988f100000,0x000000988f200000) (1024K)]
  0x000001d5df108960 JavaThread "Monitor Deflation Thread"   daemon [_thread_blocked, id=14500, stack(0x000000988f200000,0x000000988f300000) (1024K)]
  0x000001d5df103020 JavaThread "C2 CompilerThread0"         daemon [_thread_blocked, id=10520, stack(0x000000988f300000,0x000000988f400000) (1024K)]
  0x000001d5df111af0 JavaThread "C1 CompilerThread0"         daemon [_thread_blocked, id=14976, stack(0x000000988f400000,0x000000988f500000) (1024K)]
  0x000001d5df3e3cf0 JavaThread "Notification Thread"        daemon [_thread_blocked, id=18016, stack(0x000000988f500000,0x000000988f600000) (1024K)]
  0x000001d5e20d2580 JavaThread "Daemon health stats"               [_thread_blocked, id=9296, stack(0x000000988fd00000,0x000000988fe00000) (1024K)]
  0x000001d5e12b7880 JavaThread "Incoming local TCP Connector on port 64023"        [_thread_in_native, id=284, stack(0x000000988fe00000,0x000000988ff00000) (1024K)]
  0x000001d5e1859b40 JavaThread "Daemon periodic checks"            [_thread_blocked, id=14092, stack(0x000000988ff00000,0x0000009890000000) (1024K)]
  0x000001d5e15015a0 JavaThread "Daemon"                            [_thread_blocked, id=3144, stack(0x0000009890000000,0x0000009890100000) (1024K)]
  0x000001d5e1e734d0 JavaThread "Handler for socket connection from /127.0.0.1:64023 to /127.0.0.1:64024"        [_thread_in_native, id=17496, stack(0x0000009890100000,0x0000009890200000) (1024K)]
  0x000001d5e003f520 JavaThread "Cancel handler"                    [_thread_blocked, id=12228, stack(0x0000009890800000,0x0000009890900000) (1024K)]
  0x000001d5e07928c0 JavaThread "Daemon worker"                     [_thread_blocked, id=6288, stack(0x0000009890900000,0x0000009890a00000) (1024K)]
  0x000001d5e139ba00 JavaThread "Asynchronous log dispatcher for DefaultDaemonConnection: socket connection from /127.0.0.1:64023 to /127.0.0.1:64024"        [_thread_blocked, id=4176, stack(0x0000009890a00000,0x0000009890b00000) (1024K)]
  0x000001d5e2deb590 JavaThread "Stdin handler"                     [_thread_blocked, id=5356, stack(0x0000009890b00000,0x0000009890c00000) (1024K)]
  0x000001d5e2dea1e0 JavaThread "Daemon client event forwarder"        [_thread_blocked, id=724, stack(0x0000009890c00000,0x0000009890d00000) (1024K)]
  0x000001d5e2dea870 JavaThread "Cache worker for journal cache (C:\Users\Administrator\.gradle\caches\journal-1)"        [_thread_blocked, id=2108, stack(0x0000009890d00000,0x0000009890e00000) (1024K)]
  0x000001d5e2de8e30 JavaThread "File lock request listener"        [_thread_in_native, id=6684, stack(0x0000009890e00000,0x0000009890f00000) (1024K)]
  0x000001d5e2de94c0 JavaThread "Cache worker for file hash cache (C:\Users\Administrator\.gradle\caches\9.4.1\fileHashes)"        [_thread_blocked, id=12268, stack(0x0000009890f00000,0x0000009891000000) (1024K)]
  0x000001d5e3902f40 JavaThread "Cache worker for file hash cache (D:\HomeSmartPractice\.gradle\9.4.1\fileHashes)"        [_thread_blocked, id=16568, stack(0x0000009891000000,0x0000009891100000) (1024K)]
  0x000001d5e3902220 JavaThread "Cache worker for Build Output Cleanup Cache (D:\HomeSmartPractice\.gradle\buildOutputCleanup)"        [_thread_blocked, id=19452, stack(0x0000009891100000,0x0000009891200000) (1024K)]
  0x000001d5e39035d0 JavaThread "File watcher server"        daemon [_thread_in_native, id=13504, stack(0x0000009891200000,0x0000009891300000) (1024K)]
  0x000001d5e39042f0 JavaThread "File watcher consumer"      daemon [_thread_blocked, id=12564, stack(0x0000009891300000,0x0000009891400000) (1024K)]
  0x000001d5e3905d30 JavaThread "jar transforms"                    [_thread_blocked, id=8920, stack(0x0000009891400000,0x0000009891500000) (1024K)]
  0x000001d5e3904980 JavaThread "jar transforms Thread 2"           [_thread_blocked, id=19160, stack(0x0000009891500000,0x0000009891600000) (1024K)]
  0x000001d5e3905010 JavaThread "jar transforms Thread 3"           [_thread_blocked, id=10288, stack(0x0000009891600000,0x0000009891700000) (1024K)]
  0x000001d5e39028b0 JavaThread "jar transforms Thread 4"           [_thread_blocked, id=8620, stack(0x0000009891700000,0x0000009891800000) (1024K)]
  0x000001d5e38ffac0 JavaThread "jar transforms Thread 5"           [_thread_blocked, id=15352, stack(0x0000009891800000,0x0000009891900000) (1024K)]
  0x000001d5e3900e70 JavaThread "jar transforms Thread 6"           [_thread_blocked, id=13264, stack(0x0000009891900000,0x0000009891a00000) (1024K)]
  0x000001d5e3903c60 JavaThread "jar transforms Thread 7"           [_thread_blocked, id=2636, stack(0x0000009891a00000,0x0000009891b00000) (1024K)]
  0x000001d5e39063c0 JavaThread "jar transforms Thread 8"           [_thread_blocked, id=3124, stack(0x0000009891b00000,0x0000009891c00000) (1024K)]
  0x000001d5e3906a50 JavaThread "jar transforms Thread 9"           [_thread_blocked, id=10848, stack(0x0000009891c00000,0x0000009891d00000) (1024K)]
  0x000001d5e39070e0 JavaThread "jar transforms Thread 10"          [_thread_blocked, id=6432, stack(0x0000009891d00000,0x0000009891e00000) (1024K)]
  0x000001d5e3900150 JavaThread "jar transforms Thread 11"          [_thread_blocked, id=6252, stack(0x0000009891e00000,0x0000009891f00000) (1024K)]
  0x000001d5e39007e0 JavaThread "jar transforms Thread 12"          [_thread_blocked, id=2688, stack(0x0000009891f00000,0x0000009892000000) (1024K)]
  0x000001d5e3901500 JavaThread "Cache worker for file content cache (C:\Users\Administrator\.gradle\caches\9.4.1\fileContent)"        [_thread_blocked, id=1644, stack(0x0000009892000000,0x0000009892100000) (1024K)]
  0x000001d5e3901b90 JavaThread "Cache worker for checksums cache (D:\HomeSmartPractice\.gradle\9.4.1\checksums)"        [_thread_blocked, id=11992, stack(0x0000009892100000,0x0000009892200000) (1024K)]
  0x000001d5e50a6580 JavaThread "Cache worker for cache directory md-supplier (C:\Users\Administrator\.gradle\caches\9.4.1\md-supplier)"        [_thread_blocked, id=13256, stack(0x0000009892200000,0x0000009892300000) (1024K)]
  0x000001d5e50a9a00 JavaThread "Cache worker for cache directory md-rule (C:\Users\Administrator\.gradle\caches\9.4.1\md-rule)"        [_thread_blocked, id=7620, stack(0x0000009892300000,0x0000009892400000) (1024K)]
  0x000001d5e50abad0 JavaThread "Build operations"                  [_thread_blocked, id=8876, stack(0x0000009892400000,0x0000009892500000) (1024K)]
  0x000001d5e50ac160 JavaThread "Build operations Thread 2"         [_thread_blocked, id=4140, stack(0x0000009892500000,0x0000009892600000) (1024K)]
  0x000001d5e50aadb0 JavaThread "Build operations Thread 3"         [_thread_blocked, id=16048, stack(0x0000009892600000,0x0000009892700000) (1024K)]
  0x000001d5e50ace80 JavaThread "Build operations Thread 4"         [_thread_blocked, id=15156, stack(0x0000009892700000,0x0000009892800000) (1024K)]
  0x000001d5e50ad510 JavaThread "Build operations Thread 5"         [_thread_blocked, id=4808, stack(0x0000009892800000,0x0000009892900000) (1024K)]
  0x000001d5e50a72a0 JavaThread "Build operations Thread 6"         [_thread_blocked, id=18632, stack(0x0000009892900000,0x0000009892a00000) (1024K)]
  0x000001d5e50a9370 JavaThread "Build operations Thread 7"         [_thread_blocked, id=3080, stack(0x0000009892a00000,0x0000009892b00000) (1024K)]
  0x000001d5e50a6c10 JavaThread "Build operations Thread 8"         [_thread_blocked, id=18596, stack(0x0000009892b00000,0x0000009892c00000) (1024K)]
  0x000001d5e50a7fc0 JavaThread "Build operations Thread 9"         [_thread_blocked, id=12512, stack(0x0000009892c00000,0x0000009892d00000) (1024K)]
  0x000001d5e50a8650 JavaThread "Build operations Thread 10"        [_thread_blocked, id=2904, stack(0x0000009892d00000,0x0000009892e00000) (1024K)]
  0x000001d5e50a8ce0 JavaThread "Build operations Thread 11"        [_thread_blocked, id=16356, stack(0x0000009892e00000,0x0000009892f00000) (1024K)]
  0x000001d5e2c45010 JavaThread "Build operations Thread 12"        [_thread_blocked, id=5460, stack(0x0000009892f00000,0x0000009893000000) (1024K)]
  0x000001d5e2c45d30 JavaThread "Memory manager"                    [_thread_blocked, id=7380, stack(0x0000009893000000,0x0000009893100000) (1024K)]
Total: 57

Other Threads:
=>0x000001d5df0548c0 VMThread "VM Thread"                           [id=14120, stack(0x000000988eb00000,0x000000988ec00000) (1024K)]
  0x000001d5dac96850 WatcherThread "VM Periodic Task Thread"        [id=12044, stack(0x000000988ea00000,0x000000988eb00000) (1024K)]
  0x000001d5c319add0 WorkerThread "GC Thread#0"                     [id=16844, stack(0x000000988e500000,0x000000988e600000) (1024K)]
  0x000001d5df7099a0 WorkerThread "GC Thread#1"                     [id=13148, stack(0x000000988f800000,0x000000988f900000) (1024K)]
  0x000001d5e0197230 WorkerThread "GC Thread#2"                     [id=11664, stack(0x000000988f900000,0x000000988fa00000) (1024K)]
  0x000001d5dfcdd880 WorkerThread "GC Thread#3"                     [id=12632, stack(0x000000988fa00000,0x000000988fb00000) (1024K)]
  0x000001d5dfcddc30 WorkerThread "GC Thread#4"                     [id=11764, stack(0x000000988fb00000,0x000000988fc00000) (1024K)]
  0x000001d5dfcdc760 WorkerThread "GC Thread#5"                     [id=7548, stack(0x000000988fc00000,0x000000988fd00000) (1024K)]
  0x000001d5e13964b0 WorkerThread "GC Thread#6"                     [id=16900, stack(0x0000009890200000,0x0000009890300000) (1024K)]
  0x000001d5e1395d50 WorkerThread "GC Thread#7"                     [id=17976, stack(0x0000009890300000,0x0000009890400000) (1024K)]
  0x000001d5e1396860 WorkerThread "GC Thread#8"                     [id=17080, stack(0x0000009890400000,0x0000009890500000) (1024K)]
  0x000001d5e1394e90 WorkerThread "GC Thread#9"                     [id=11228, stack(0x0000009890500000,0x0000009890600000) (1024K)]
  0x000001d5c31accf0 ConcurrentGCThread "G1 Main Marker"            [id=19060, stack(0x000000988e600000,0x000000988e700000) (1024K)]
  0x000001d5c31add50 WorkerThread "G1 Conc#0"                       [id=7792, stack(0x000000988e700000,0x000000988e800000) (1024K)]
  0x000001d5e1395240 WorkerThread "G1 Conc#1"                       [id=18252, stack(0x0000009890600000,0x0000009890700000) (1024K)]
  0x000001d5e13955f0 WorkerThread "G1 Conc#2"                       [id=16820, stack(0x0000009890700000,0x0000009890800000) (1024K)]
  0x000001d5dab692d0 ConcurrentGCThread "G1 Refine#0"               [id=13608, stack(0x000000988e800000,0x000000988e900000) (1024K)]
  0x000001d5dab69b00 ConcurrentGCThread "G1 Service"                [id=13304, stack(0x000000988e900000,0x000000988ea00000) (1024K)]
Total: 18

Threads with active compile tasks:
Total: 0

VM state: at safepoint (normal execution)

VM Mutex/Monitor currently owned by a thread:  ([mutex/lock_event])
[0x00007ffbccb886d0] Threads_lock - owner thread: 0x000001d5df0548c0
[0x00007ffbccb887d0] Heap_lock - owner thread: 0x000001d5e07928c0

Heap address: 0x0000000080000000, size: 2048 MB, Compressed Oops mode: 32-bit

CDS archive(s) not mapped
Compressed class space mapped at: 0x0000000100000000-0x0000000140000000, reserved size: 1073741824
Narrow klass base: 0x0000000000000000, Narrow klass shift: 3, Narrow klass range: 0x140000000

GC Precious Log:
 CardTable entry size: 512
 Card Set container configuration: InlinePtr #cards 5 size 8 Array Of Cards #cards 12 size 40 Howl #buckets 4 coarsen threshold 1843 Howl Bitmap #cards 512 size 80 coarsen threshold 460 Card regions per heap region 1 cards per card region 2048
 CPUs: 12 total, 12 available
 Memory: 16225M
 Large Page Support: Disabled
 NUMA Support: Disabled
 Compressed Oops: Enabled (32-bit)
 Heap Region Size: 1M
 Heap Min Capacity: 8M
 Heap Initial Capacity: 254M
 Heap Max Capacity: 2G
 Pre-touch: Disabled
 Parallel Workers: 10
 Concurrent Workers: 3
 Concurrent Refinement Workers: 10
 Periodic GC: Disabled

Heap:
 garbage-first heap   total 218112K, used 113982K [0x0000000080000000, 0x0000000100000000)
  region size 1024K, 7 young (7168K), 7 survivors (7168K)
 Metaspace       used 102949K, committed 105088K, reserved 1179648K
  class space    used 14795K, committed 15872K, reserved 1048576K

Heap Regions: E=young(eden), S=young(survivor), O=old, HS=humongous(starts), HC=humongous(continues), CS=collection set, F=free, TAMS=top-at-mark-start, PB=parsable bottom
|   0|0x0000000080000000, 0x0000000080100000, 0x0000000080100000|100%|HS|  |TAMS 0x0000000080000000| PB 0x0000000080000000| Complete 
|   1|0x0000000080100000, 0x0000000080200000, 0x0000000080200000|100%|HC|  |TAMS 0x0000000080100000| PB 0x0000000080100000| Complete 
|   2|0x0000000080200000, 0x0000000080300000, 0x0000000080300000|100%|HC|  |TAMS 0x0000000080200000| PB 0x0000000080200000| Complete 
|   3|0x0000000080300000, 0x0000000080400000, 0x0000000080400000|100%|HC|  |TAMS 0x0000000080300000| PB 0x0000000080300000| Complete 
|   4|0x0000000080400000, 0x0000000080500000, 0x0000000080500000|100%| O|  |TAMS 0x0000000080400000| PB 0x0000000080400000| Untracked 
|   5|0x0000000080500000, 0x0000000080600000, 0x0000000080600000|100%| O|  |TAMS 0x0000000080500000| PB 0x0000000080500000| Untracked 
|   6|0x0000000080600000, 0x0000000080700000, 0x0000000080700000|100%| O|  |TAMS 0x0000000080600000| PB 0x0000000080600000| Untracked 
|   7|0x0000000080700000, 0x0000000080800000, 0x0000000080800000|100%| O|  |TAMS 0x0000000080700000| PB 0x0000000080700000| Untracked 
|   8|0x0000000080800000, 0x0000000080900000, 0x0000000080900000|100%| O|  |TAMS 0x0000000080800000| PB 0x0000000080800000| Untracked 
|   9|0x0000000080900000, 0x0000000080a00000, 0x0000000080a00000|100%| O|  |TAMS 0x0000000080900000| PB 0x0000000080900000| Untracked 
|  10|0x0000000080a00000, 0x0000000080b00000, 0x0000000080b00000|100%| O|  |TAMS 0x0000000080a00000| PB 0x0000000080a00000| Untracked 
|  11|0x0000000080b00000, 0x0000000080c00000, 0x0000000080c00000|100%|HS|  |TAMS 0x0000000080b00000| PB 0x0000000080b00000| Complete 
|  12|0x0000000080c00000, 0x0000000080d00000, 0x0000000080d00000|100%| O|  |TAMS 0x0000000080c00000| PB 0x0000000080c00000| Untracked 
|  13|0x0000000080d00000, 0x0000000080e00000, 0x0000000080e00000|100%| O|  |TAMS 0x0000000080d00000| PB 0x0000000080d00000| Untracked 
|  14|0x0000000080e00000, 0x0000000080f00000, 0x0000000080f00000|100%| O|  |TAMS 0x0000000080e00000| PB 0x0000000080e00000| Untracked 
|  15|0x0000000080f00000, 0x0000000081000000, 0x0000000081000000|100%| O|  |TAMS 0x0000000080f00000| PB 0x0000000080f00000| Untracked 
|  16|0x0000000081000000, 0x0000000081100000, 0x0000000081100000|100%| O|  |TAMS 0x0000000081000000| PB 0x0000000081000000| Untracked 
|  17|0x0000000081100000, 0x0000000081200000, 0x0000000081200000|100%| O|  |TAMS 0x0000000081100000| PB 0x0000000081100000| Untracked 
|  18|0x0000000081200000, 0x0000000081300000, 0x0000000081300000|100%| O|  |TAMS 0x0000000081200000| PB 0x0000000081200000| Untracked 
|  19|0x0000000081300000, 0x0000000081400000, 0x0000000081400000|100%| O|  |TAMS 0x0000000081300000| PB 0x0000000081300000| Untracked 
|  20|0x0000000081400000, 0x0000000081500000, 0x0000000081500000|100%| O|  |TAMS 0x0000000081400000| PB 0x0000000081400000| Untracked 
|  21|0x0000000081500000, 0x0000000081600000, 0x0000000081600000|100%| O|  |TAMS 0x0000000081500000| PB 0x0000000081500000| Untracked 
|  22|0x0000000081600000, 0x0000000081700000, 0x0000000081700000|100%| O|  |TAMS 0x0000000081600000| PB 0x0000000081600000| Untracked 
|  23|0x0000000081700000, 0x0000000081800000, 0x0000000081800000|100%|HS|  |TAMS 0x0000000081700000| PB 0x0000000081700000| Complete 
|  24|0x0000000081800000, 0x0000000081900000, 0x0000000081900000|100%|HC|  |TAMS 0x0000000081800000| PB 0x0000000081800000| Complete 
|  25|0x0000000081900000, 0x0000000081a00000, 0x0000000081a00000|100%|HC|  |TAMS 0x0000000081900000| PB 0x0000000081900000| Complete 
|  26|0x0000000081a00000, 0x0000000081b00000, 0x0000000081b00000|100%|HC|  |TAMS 0x0000000081a00000| PB 0x0000000081a00000| Complete 
|  27|0x0000000081b00000, 0x0000000081c00000, 0x0000000081c00000|100%|HC|  |TAMS 0x0000000081b00000| PB 0x0000000081b00000| Complete 
|  28|0x0000000081c00000, 0x0000000081d00000, 0x0000000081d00000|100%|HC|  |TAMS 0x0000000081c00000| PB 0x0000000081c00000| Complete 
|  29|0x0000000081d00000, 0x0000000081e00000, 0x0000000081e00000|100%|HS|  |TAMS 0x0000000081d00000| PB 0x0000000081d00000| Complete 
|  30|0x0000000081e00000, 0x0000000081f00000, 0x0000000081f00000|100%|HC|  |TAMS 0x0000000081e00000| PB 0x0000000081e00000| Complete 
|  31|0x0000000081f00000, 0x0000000082000000, 0x0000000082000000|100%|HS|  |TAMS 0x0000000081f00000| PB 0x0000000081f00000| Complete 
|  32|0x0000000082000000, 0x0000000082100000, 0x0000000082100000|100%|HS|  |TAMS 0x0000000082000000| PB 0x0000000082000000| Complete 
|  33|0x0000000082100000, 0x0000000082200000, 0x0000000082200000|100%|HC|  |TAMS 0x0000000082100000| PB 0x0000000082100000| Complete 
|  34|0x0000000082200000, 0x0000000082300000, 0x0000000082300000|100%|HC|  |TAMS 0x0000000082200000| PB 0x0000000082200000| Complete 
|  35|0x0000000082300000, 0x0000000082400000, 0x0000000082400000|100%|HC|  |TAMS 0x0000000082300000| PB 0x0000000082300000| Complete 
|  36|0x0000000082400000, 0x0000000082500000, 0x0000000082500000|100%|HC|  |TAMS 0x0000000082400000| PB 0x0000000082400000| Complete 
|  37|0x0000000082500000, 0x0000000082600000, 0x0000000082600000|100%|HC|  |TAMS 0x0000000082500000| PB 0x0000000082500000| Complete 
|  38|0x0000000082600000, 0x0000000082700000, 0x0000000082700000|100%|HS|  |TAMS 0x0000000082600000| PB 0x0000000082600000| Complete 
|  39|0x0000000082700000, 0x0000000082800000, 0x0000000082800000|100%|HC|  |TAMS 0x0000000082700000| PB 0x0000000082700000| Complete 
|  40|0x0000000082800000, 0x0000000082900000, 0x0000000082900000|100%|HS|  |TAMS 0x0000000082800000| PB 0x0000000082800000| Complete 
|  41|0x0000000082900000, 0x0000000082a00000, 0x0000000082a00000|100%| O|  |TAMS 0x0000000082900000| PB 0x0000000082900000| Untracked 
|  42|0x0000000082a00000, 0x0000000082b00000, 0x0000000082b00000|100%| O|  |TAMS 0x0000000082a00000| PB 0x0000000082a00000| Untracked 
|  43|0x0000000082b00000, 0x0000000082c00000, 0x0000000082c00000|100%|HS|  |TAMS 0x0000000082b00000| PB 0x0000000082b00000| Complete 
|  44|0x0000000082c00000, 0x0000000082d00000, 0x0000000082d00000|100%|HC|  |TAMS 0x0000000082c00000| PB 0x0000000082c00000| Complete 
|  45|0x0000000082d00000, 0x0000000082e00000, 0x0000000082e00000|100%| O|  |TAMS 0x0000000082d00000| PB 0x0000000082d00000| Untracked 
|  46|0x0000000082e00000, 0x0000000082f00000, 0x0000000082f00000|100%| O|  |TAMS 0x0000000082e00000| PB 0x0000000082e00000| Untracked 
|  47|0x0000000082f00000, 0x0000000083000000, 0x0000000083000000|100%| O|  |TAMS 0x0000000082f00000| PB 0x0000000082f00000| Untracked 
|  48|0x0000000083000000, 0x0000000083100000, 0x0000000083100000|100%| O|  |TAMS 0x0000000083000000| PB 0x0000000083000000| Untracked 
|  49|0x0000000083100000, 0x0000000083200000, 0x0000000083200000|100%| O|  |TAMS 0x0000000083100000| PB 0x0000000083100000| Untracked 
|  50|0x0000000083200000, 0x0000000083300000, 0x0000000083300000|100%| O|  |TAMS 0x0000000083200000| PB 0x0000000083200000| Untracked 
|  51|0x0000000083300000, 0x0000000083400000, 0x0000000083400000|100%| O|  |TAMS 0x0000000083300000| PB 0x0000000083300000| Untracked 
|  52|0x0000000083400000, 0x0000000083500000, 0x0000000083500000|100%| O|  |TAMS 0x0000000083400000| PB 0x0000000083400000| Untracked 
|  53|0x0000000083500000, 0x0000000083600000, 0x0000000083600000|100%| O|  |TAMS 0x0000000083500000| PB 0x0000000083500000| Untracked 
|  54|0x0000000083600000, 0x0000000083700000, 0x0000000083700000|100%| O|  |TAMS 0x0000000083600000| PB 0x0000000083600000| Untracked 
|  55|0x0000000083700000, 0x0000000083800000, 0x0000000083800000|100%| O|  |TAMS 0x0000000083700000| PB 0x0000000083700000| Untracked 
|  56|0x0000000083800000, 0x0000000083900000, 0x0000000083900000|100%| O|  |TAMS 0x0000000083800000| PB 0x0000000083800000| Untracked 
|  57|0x0000000083900000, 0x0000000083a00000, 0x0000000083a00000|100%|HS|  |TAMS 0x0000000083900000| PB 0x0000000083900000| Complete 
|  58|0x0000000083a00000, 0x0000000083b00000, 0x0000000083b00000|100%| O|  |TAMS 0x0000000083a00000| PB 0x0000000083a00000| Untracked 
|  59|0x0000000083b00000, 0x0000000083c00000, 0x0000000083c00000|100%| O|  |TAMS 0x0000000083b00000| PB 0x0000000083b00000| Untracked 
|  60|0x0000000083c00000, 0x0000000083d00000, 0x0000000083d00000|100%| O|  |TAMS 0x0000000083c00000| PB 0x0000000083c00000| Untracked 
|  61|0x0000000083d00000, 0x0000000083e00000, 0x0000000083e00000|100%| O|  |TAMS 0x0000000083d00000| PB 0x0000000083d00000| Untracked 
|  62|0x0000000083e00000, 0x0000000083f00000, 0x0000000083f00000|100%| O|  |TAMS 0x0000000083e00000| PB 0x0000000083e00000| Untracked 
|  63|0x0000000083f00000, 0x0000000084000000, 0x0000000084000000|100%| O|  |TAMS 0x0000000083f00000| PB 0x0000000083f00000| Untracked 
|  64|0x0000000084000000, 0x0000000084000000, 0x0000000084100000|  0%| F|  |TAMS 0x0000000084000000| PB 0x0000000084000000| Untracked 
|  65|0x0000000084100000, 0x0000000084200000, 0x0000000084200000|100%| O|  |TAMS 0x0000000084100000| PB 0x0000000084100000| Untracked 
|  66|0x0000000084200000, 0x0000000084300000, 0x0000000084300000|100%| O|  |TAMS 0x0000000084200000| PB 0x0000000084200000| Untracked 
|  67|0x0000000084300000, 0x0000000084400000, 0x0000000084400000|100%| O|  |TAMS 0x0000000084300000| PB 0x0000000084300000| Untracked 
|  68|0x0000000084400000, 0x0000000084500000, 0x0000000084500000|100%| O|  |TAMS 0x0000000084400000| PB 0x0000000084400000| Untracked 
|  69|0x0000000084500000, 0x0000000084600000, 0x0000000084600000|100%| O|  |TAMS 0x0000000084500000| PB 0x0000000084500000| Untracked 
|  70|0x0000000084600000, 0x0000000084700000, 0x0000000084700000|100%| O|  |TAMS 0x0000000084600000| PB 0x0000000084600000| Untracked 
|  71|0x0000000084700000, 0x0000000084800000, 0x0000000084800000|100%|HS|  |TAMS 0x0000000084700000| PB 0x0000000084700000| Complete 
|  72|0x0000000084800000, 0x0000000084900000, 0x0000000084900000|100%|HS|  |TAMS 0x0000000084800000| PB 0x0000000084800000| Complete 
|  73|0x0000000084900000, 0x0000000084a00000, 0x0000000084a00000|100%|HS|  |TAMS 0x0000000084900000| PB 0x0000000084900000| Complete 
|  74|0x0000000084a00000, 0x0000000084b00000, 0x0000000084b00000|100%|HS|  |TAMS 0x0000000084a00000| PB 0x0000000084a00000| Complete 
|  75|0x0000000084b00000, 0x0000000084c00000, 0x0000000084c00000|100%|HC|  |TAMS 0x0000000084b00000| PB 0x0000000084b00000| Complete 
|  76|0x0000000084c00000, 0x0000000084d00000, 0x0000000084d00000|100%|HS|  |TAMS 0x0000000084c00000| PB 0x0000000084c00000| Complete 
|  77|0x0000000084d00000, 0x0000000084e00000, 0x0000000084e00000|100%|HS|  |TAMS 0x0000000084d00000| PB 0x0000000084d00000| Complete 
|  78|0x0000000084e00000, 0x0000000084f00000, 0x0000000084f00000|100%| O|  |TAMS 0x0000000084e00000| PB 0x0000000084e00000| Untracked 
|  79|0x0000000084f00000, 0x0000000085000000, 0x0000000085000000|100%|HS|  |TAMS 0x0000000084f00000| PB 0x0000000084f00000| Complete 
|  80|0x0000000085000000, 0x0000000085100000, 0x0000000085100000|100%| O|  |TAMS 0x0000000085000000| PB 0x0000000085000000| Untracked 
|  81|0x0000000085100000, 0x0000000085200000, 0x0000000085200000|100%| O|  |TAMS 0x0000000085100000| PB 0x0000000085100000| Untracked 
|  82|0x0000000085200000, 0x0000000085300000, 0x0000000085300000|100%| O|  |TAMS 0x0000000085200000| PB 0x0000000085200000| Untracked 
|  83|0x0000000085300000, 0x0000000085400000, 0x0000000085400000|100%| O|  |TAMS 0x0000000085300000| PB 0x0000000085300000| Untracked 
|  84|0x0000000085400000, 0x0000000085500000, 0x0000000085500000|100%| O|  |TAMS 0x0000000085400000| PB 0x0000000085400000| Untracked 
|  85|0x0000000085500000, 0x00000000855c60b8, 0x0000000085600000| 77%| O|  |TAMS 0x0000000085500000| PB 0x0000000085500000| Untracked 
|  86|0x0000000085600000, 0x0000000085600000, 0x0000000085700000|  0%| F|  |TAMS 0x0000000085600000| PB 0x0000000085600000| Untracked 
|  87|0x0000000085700000, 0x0000000085700000, 0x0000000085800000|  0%| F|  |TAMS 0x0000000085700000| PB 0x0000000085700000| Untracked 
|  88|0x0000000085800000, 0x0000000085900000, 0x0000000085900000|100%|HS|  |TAMS 0x0000000085800000| PB 0x0000000085800000| Complete 
|  89|0x0000000085900000, 0x0000000085a00000, 0x0000000085a00000|100%|HC|  |TAMS 0x0000000085900000| PB 0x0000000085900000| Complete 
|  90|0x0000000085a00000, 0x0000000085a00000, 0x0000000085b00000|  0%| F|  |TAMS 0x0000000085a00000| PB 0x0000000085a00000| Untracked 
|  91|0x0000000085b00000, 0x0000000085b00000, 0x0000000085c00000|  0%| F|  |TAMS 0x0000000085b00000| PB 0x0000000085b00000| Untracked 
|  92|0x0000000085c00000, 0x0000000085c00000, 0x0000000085d00000|  0%| F|  |TAMS 0x0000000085c00000| PB 0x0000000085c00000| Untracked 
|  93|0x0000000085d00000, 0x0000000085e00000, 0x0000000085e00000|100%| O|  |TAMS 0x0000000085d00000| PB 0x0000000085d00000| Untracked 
|  94|0x0000000085e00000, 0x0000000085f00000, 0x0000000085f00000|100%| O|  |TAMS 0x0000000085e00000| PB 0x0000000085e00000| Untracked 
|  95|0x0000000085f00000, 0x0000000085f00000, 0x0000000086000000|  0%| F|  |TAMS 0x0000000085f00000| PB 0x0000000085f00000| Untracked 
|  96|0x0000000086000000, 0x0000000086100000, 0x0000000086100000|100%| O|  |TAMS 0x0000000086000000| PB 0x0000000086000000| Untracked 
|  97|0x0000000086100000, 0x0000000086200000, 0x0000000086200000|100%| O|  |TAMS 0x0000000086100000| PB 0x0000000086100000| Untracked 
|  98|0x0000000086200000, 0x0000000086300000, 0x0000000086300000|100%| O|  |TAMS 0x0000000086200000| PB 0x0000000086200000| Untracked 
|  99|0x0000000086300000, 0x0000000086400000, 0x0000000086400000|100%| O|  |TAMS 0x0000000086300000| PB 0x0000000086300000| Untracked 
| 100|0x0000000086400000, 0x0000000086500000, 0x0000000086500000|100%| O|  |TAMS 0x0000000086400000| PB 0x0000000086400000| Untracked 
| 101|0x0000000086500000, 0x0000000086500000, 0x0000000086600000|  0%| F|  |TAMS 0x0000000086500000| PB 0x0000000086500000| Untracked 
| 102|0x0000000086600000, 0x0000000086600000, 0x0000000086700000|  0%| F|  |TAMS 0x0000000086600000| PB 0x0000000086600000| Untracked 
| 103|0x0000000086700000, 0x0000000086700000, 0x0000000086800000|  0%| F|  |TAMS 0x0000000086700000| PB 0x0000000086700000| Untracked 
| 104|0x0000000086800000, 0x0000000086800000, 0x0000000086900000|  0%| F|  |TAMS 0x0000000086800000| PB 0x0000000086800000| Untracked 
| 105|0x0000000086900000, 0x0000000086900000, 0x0000000086a00000|  0%| F|  |TAMS 0x0000000086900000| PB 0x0000000086900000| Untracked 
| 106|0x0000000086a00000, 0x0000000086a897c0, 0x0000000086b00000| 53%| S|CS|TAMS 0x0000000086a00000| PB 0x0000000086a00000| Complete 
| 107|0x0000000086b00000, 0x0000000086c00000, 0x0000000086c00000|100%| S|CS|TAMS 0x0000000086b00000| PB 0x0000000086b00000| Complete 
| 108|0x0000000086c00000, 0x0000000086d00000, 0x0000000086d00000|100%| S|CS|TAMS 0x0000000086c00000| PB 0x0000000086c00000| Complete 
| 109|0x0000000086d00000, 0x0000000086e00000, 0x0000000086e00000|100%| S|CS|TAMS 0x0000000086d00000| PB 0x0000000086d00000| Complete 
| 110|0x0000000086e00000, 0x0000000086f00000, 0x0000000086f00000|100%| S|CS|TAMS 0x0000000086e00000| PB 0x0000000086e00000| Complete 
| 111|0x0000000086f00000, 0x0000000087000000, 0x0000000087000000|100%| S|CS|TAMS 0x0000000086f00000| PB 0x0000000086f00000| Complete 
| 112|0x0000000087000000, 0x0000000087100000, 0x0000000087100000|100%| S|CS|TAMS 0x0000000087000000| PB 0x0000000087000000| Complete 
| 113|0x0000000087100000, 0x0000000087100000, 0x0000000087200000|  0%| F|  |TAMS 0x0000000087100000| PB 0x0000000087100000| Untracked 
| 114|0x0000000087200000, 0x0000000087200000, 0x0000000087300000|  0%| F|  |TAMS 0x0000000087200000| PB 0x0000000087200000| Untracked 
| 115|0x0000000087300000, 0x0000000087300000, 0x0000000087400000|  0%| F|  |TAMS 0x0000000087300000| PB 0x0000000087300000| Untracked 
| 116|0x0000000087400000, 0x0000000087400000, 0x0000000087500000|  0%| F|  |TAMS 0x0000000087400000| PB 0x0000000087400000| Untracked 
| 117|0x0000000087500000, 0x0000000087500000, 0x0000000087600000|  0%| F|  |TAMS 0x0000000087500000| PB 0x0000000087500000| Untracked 
| 118|0x0000000087600000, 0x0000000087600000, 0x0000000087700000|  0%| F|  |TAMS 0x0000000087600000| PB 0x0000000087600000| Untracked 
| 119|0x0000000087700000, 0x0000000087700000, 0x0000000087800000|  0%| F|  |TAMS 0x0000000087700000| PB 0x0000000087700000| Untracked 
| 120|0x0000000087800000, 0x0000000087800000, 0x0000000087900000|  0%| F|  |TAMS 0x0000000087800000| PB 0x0000000087800000| Untracked 
| 121|0x0000000087900000, 0x0000000087900000, 0x0000000087a00000|  0%| F|  |TAMS 0x0000000087900000| PB 0x0000000087900000| Untracked 
| 122|0x0000000087a00000, 0x0000000087a00000, 0x0000000087b00000|  0%| F|  |TAMS 0x0000000087a00000| PB 0x0000000087a00000| Untracked 
| 123|0x0000000087b00000, 0x0000000087b00000, 0x0000000087c00000|  0%| F|  |TAMS 0x0000000087b00000| PB 0x0000000087b00000| Untracked 
| 124|0x0000000087c00000, 0x0000000087c00000, 0x0000000087d00000|  0%| F|  |TAMS 0x0000000087c00000| PB 0x0000000087c00000| Untracked 
| 125|0x0000000087d00000, 0x0000000087d00000, 0x0000000087e00000|  0%| F|  |TAMS 0x0000000087d00000| PB 0x0000000087d00000| Untracked 
| 126|0x0000000087e00000, 0x0000000087e00000, 0x0000000087f00000|  0%| F|  |TAMS 0x0000000087e00000| PB 0x0000000087e00000| Untracked 
| 127|0x0000000087f00000, 0x0000000087f00000, 0x0000000088000000|  0%| F|  |TAMS 0x0000000087f00000| PB 0x0000000087f00000| Untracked 
| 128|0x0000000088000000, 0x0000000088000000, 0x0000000088100000|  0%| F|  |TAMS 0x0000000088000000| PB 0x0000000088000000| Untracked 
| 129|0x0000000088100000, 0x0000000088100000, 0x0000000088200000|  0%| F|  |TAMS 0x0000000088100000| PB 0x0000000088100000| Untracked 
| 130|0x0000000088200000, 0x0000000088200000, 0x0000000088300000|  0%| F|  |TAMS 0x0000000088200000| PB 0x0000000088200000| Untracked 
| 131|0x0000000088300000, 0x0000000088300000, 0x0000000088400000|  0%| F|  |TAMS 0x0000000088300000| PB 0x0000000088300000| Untracked 
| 132|0x0000000088400000, 0x0000000088400000, 0x0000000088500000|  0%| F|  |TAMS 0x0000000088400000| PB 0x0000000088400000| Untracked 
| 133|0x0000000088500000, 0x0000000088500000, 0x0000000088600000|  0%| F|  |TAMS 0x0000000088500000| PB 0x0000000088500000| Untracked 
| 134|0x0000000088600000, 0x0000000088600000, 0x0000000088700000|  0%| F|  |TAMS 0x0000000088600000| PB 0x0000000088600000| Untracked 
| 135|0x0000000088700000, 0x0000000088700000, 0x0000000088800000|  0%| F|  |TAMS 0x0000000088700000| PB 0x0000000088700000| Untracked 
| 136|0x0000000088800000, 0x0000000088800000, 0x0000000088900000|  0%| F|  |TAMS 0x0000000088800000| PB 0x0000000088800000| Untracked 
| 137|0x0000000088900000, 0x0000000088900000, 0x0000000088a00000|  0%| F|  |TAMS 0x0000000088900000| PB 0x0000000088900000| Untracked 
| 138|0x0000000088a00000, 0x0000000088a00000, 0x0000000088b00000|  0%| F|  |TAMS 0x0000000088a00000| PB 0x0000000088a00000| Untracked 
| 139|0x0000000088b00000, 0x0000000088b00000, 0x0000000088c00000|  0%| F|  |TAMS 0x0000000088b00000| PB 0x0000000088b00000| Untracked 
| 140|0x0000000088c00000, 0x0000000088c00000, 0x0000000088d00000|  0%| F|  |TAMS 0x0000000088c00000| PB 0x0000000088c00000| Untracked 
| 141|0x0000000088d00000, 0x0000000088d00000, 0x0000000088e00000|  0%| F|  |TAMS 0x0000000088d00000| PB 0x0000000088d00000| Untracked 
| 142|0x0000000088e00000, 0x0000000088e00000, 0x0000000088f00000|  0%| F|  |TAMS 0x0000000088e00000| PB 0x0000000088e00000| Untracked 
| 143|0x0000000088f00000, 0x0000000088f00000, 0x0000000089000000|  0%| F|  |TAMS 0x0000000088f00000| PB 0x0000000088f00000| Untracked 
| 144|0x0000000089000000, 0x0000000089000000, 0x0000000089100000|  0%| F|  |TAMS 0x0000000089000000| PB 0x0000000089000000| Untracked 
| 145|0x0000000089100000, 0x0000000089100000, 0x0000000089200000|  0%| F|  |TAMS 0x0000000089100000| PB 0x0000000089100000| Untracked 
| 146|0x0000000089200000, 0x0000000089200000, 0x0000000089300000|  0%| F|  |TAMS 0x0000000089200000| PB 0x0000000089200000| Untracked 
| 147|0x0000000089300000, 0x0000000089300000, 0x0000000089400000|  0%| F|  |TAMS 0x0000000089300000| PB 0x0000000089300000| Untracked 
| 148|0x0000000089400000, 0x0000000089400000, 0x0000000089500000|  0%| F|  |TAMS 0x0000000089400000| PB 0x0000000089400000| Untracked 
| 149|0x0000000089500000, 0x0000000089500000, 0x0000000089600000|  0%| F|  |TAMS 0x0000000089500000| PB 0x0000000089500000| Untracked 
| 150|0x0000000089600000, 0x0000000089600000, 0x0000000089700000|  0%| F|  |TAMS 0x0000000089600000| PB 0x0000000089600000| Untracked 
| 151|0x0000000089700000, 0x0000000089700000, 0x0000000089800000|  0%| F|  |TAMS 0x0000000089700000| PB 0x0000000089700000| Untracked 
| 152|0x0000000089800000, 0x0000000089800000, 0x0000000089900000|  0%| F|  |TAMS 0x0000000089800000| PB 0x0000000089800000| Untracked 
| 153|0x0000000089900000, 0x0000000089900000, 0x0000000089a00000|  0%| F|  |TAMS 0x0000000089900000| PB 0x0000000089900000| Untracked 
| 154|0x0000000089a00000, 0x0000000089a00000, 0x0000000089b00000|  0%| F|  |TAMS 0x0000000089a00000| PB 0x0000000089a00000| Untracked 
| 155|0x0000000089b00000, 0x0000000089b00000, 0x0000000089c00000|  0%| F|  |TAMS 0x0000000089b00000| PB 0x0000000089b00000| Untracked 
| 156|0x0000000089c00000, 0x0000000089c00000, 0x0000000089d00000|  0%| F|  |TAMS 0x0000000089c00000| PB 0x0000000089c00000| Untracked 
| 157|0x0000000089d00000, 0x0000000089d00000, 0x0000000089e00000|  0%| F|  |TAMS 0x0000000089d00000| PB 0x0000000089d00000| Untracked 
| 158|0x0000000089e00000, 0x0000000089e00000, 0x0000000089f00000|  0%| F|  |TAMS 0x0000000089e00000| PB 0x0000000089e00000| Untracked 
| 159|0x0000000089f00000, 0x0000000089f00000, 0x000000008a000000|  0%| F|  |TAMS 0x0000000089f00000| PB 0x0000000089f00000| Untracked 
| 160|0x000000008a000000, 0x000000008a000000, 0x000000008a100000|  0%| F|  |TAMS 0x000000008a000000| PB 0x000000008a000000| Untracked 
| 161|0x000000008a100000, 0x000000008a100000, 0x000000008a200000|  0%| F|  |TAMS 0x000000008a100000| PB 0x000000008a100000| Untracked 
| 162|0x000000008a200000, 0x000000008a200000, 0x000000008a300000|  0%| F|  |TAMS 0x000000008a200000| PB 0x000000008a200000| Untracked 
| 163|0x000000008a300000, 0x000000008a300000, 0x000000008a400000|  0%| F|  |TAMS 0x000000008a300000| PB 0x000000008a300000| Untracked 
| 164|0x000000008a400000, 0x000000008a400000, 0x000000008a500000|  0%| F|  |TAMS 0x000000008a400000| PB 0x000000008a400000| Untracked 
| 165|0x000000008a500000, 0x000000008a500000, 0x000000008a600000|  0%| F|  |TAMS 0x000000008a500000| PB 0x000000008a500000| Untracked 
| 166|0x000000008a600000, 0x000000008a600000, 0x000000008a700000|  0%| F|  |TAMS 0x000000008a600000| PB 0x000000008a600000| Untracked 
| 167|0x000000008a700000, 0x000000008a700000, 0x000000008a800000|  0%| F|  |TAMS 0x000000008a700000| PB 0x000000008a700000| Untracked 
| 168|0x000000008a800000, 0x000000008a800000, 0x000000008a900000|  0%| F|  |TAMS 0x000000008a800000| PB 0x000000008a800000| Untracked 
| 169|0x000000008a900000, 0x000000008a900000, 0x000000008aa00000|  0%| F|  |TAMS 0x000000008a900000| PB 0x000000008a900000| Untracked 
| 170|0x000000008aa00000, 0x000000008aa00000, 0x000000008ab00000|  0%| F|  |TAMS 0x000000008aa00000| PB 0x000000008aa00000| Untracked 
| 171|0x000000008ab00000, 0x000000008ab00000, 0x000000008ac00000|  0%| F|  |TAMS 0x000000008ab00000| PB 0x000000008ab00000| Untracked 
| 172|0x000000008ac00000, 0x000000008ac00000, 0x000000008ad00000|  0%| F|  |TAMS 0x000000008ac00000| PB 0x000000008ac00000| Untracked 
| 173|0x000000008ad00000, 0x000000008ad00000, 0x000000008ae00000|  0%| F|  |TAMS 0x000000008ad00000| PB 0x000000008ad00000| Untracked 
| 174|0x000000008ae00000, 0x000000008ae00000, 0x000000008af00000|  0%| F|  |TAMS 0x000000008ae00000| PB 0x000000008ae00000| Untracked 
| 175|0x000000008af00000, 0x000000008af00000, 0x000000008b000000|  0%| F|  |TAMS 0x000000008af00000| PB 0x000000008af00000| Untracked 
| 176|0x000000008b000000, 0x000000008b000000, 0x000000008b100000|  0%| F|  |TAMS 0x000000008b000000| PB 0x000000008b000000| Untracked 
| 177|0x000000008b100000, 0x000000008b100000, 0x000000008b200000|  0%| F|  |TAMS 0x000000008b100000| PB 0x000000008b100000| Untracked 
| 178|0x000000008b200000, 0x000000008b200000, 0x000000008b300000|  0%| F|  |TAMS 0x000000008b200000| PB 0x000000008b200000| Untracked 
| 179|0x000000008b300000, 0x000000008b300000, 0x000000008b400000|  0%| F|  |TAMS 0x000000008b300000| PB 0x000000008b300000| Untracked 
| 180|0x000000008b400000, 0x000000008b400000, 0x000000008b500000|  0%| F|  |TAMS 0x000000008b400000| PB 0x000000008b400000| Untracked 
| 181|0x000000008b500000, 0x000000008b500000, 0x000000008b600000|  0%| F|  |TAMS 0x000000008b500000| PB 0x000000008b500000| Untracked 
| 182|0x000000008b600000, 0x000000008b600000, 0x000000008b700000|  0%| F|  |TAMS 0x000000008b600000| PB 0x000000008b600000| Untracked 
| 183|0x000000008b700000, 0x000000008b700000, 0x000000008b800000|  0%| F|  |TAMS 0x000000008b700000| PB 0x000000008b700000| Untracked 
| 184|0x000000008b800000, 0x000000008b800000, 0x000000008b900000|  0%| F|  |TAMS 0x000000008b800000| PB 0x000000008b800000| Untracked 
| 185|0x000000008b900000, 0x000000008b900000, 0x000000008ba00000|  0%| F|  |TAMS 0x000000008b900000| PB 0x000000008b900000| Untracked 
| 186|0x000000008ba00000, 0x000000008ba00000, 0x000000008bb00000|  0%| F|  |TAMS 0x000000008ba00000| PB 0x000000008ba00000| Untracked 
| 187|0x000000008bb00000, 0x000000008bb00000, 0x000000008bc00000|  0%| F|  |TAMS 0x000000008bb00000| PB 0x000000008bb00000| Untracked 
| 188|0x000000008bc00000, 0x000000008bc00000, 0x000000008bd00000|  0%| F|  |TAMS 0x000000008bc00000| PB 0x000000008bc00000| Untracked 
| 189|0x000000008bd00000, 0x000000008bd00000, 0x000000008be00000|  0%| F|  |TAMS 0x000000008bd00000| PB 0x000000008bd00000| Untracked 
| 190|0x000000008be00000, 0x000000008be00000, 0x000000008bf00000|  0%| F|  |TAMS 0x000000008be00000| PB 0x000000008be00000| Untracked 
| 191|0x000000008bf00000, 0x000000008bf00000, 0x000000008c000000|  0%| F|  |TAMS 0x000000008bf00000| PB 0x000000008bf00000| Untracked 
| 192|0x000000008c000000, 0x000000008c000000, 0x000000008c100000|  0%| F|  |TAMS 0x000000008c000000| PB 0x000000008c000000| Untracked 
| 193|0x000000008c100000, 0x000000008c100000, 0x000000008c200000|  0%| F|  |TAMS 0x000000008c100000| PB 0x000000008c100000| Untracked 
| 194|0x000000008c200000, 0x000000008c200000, 0x000000008c300000|  0%| F|  |TAMS 0x000000008c200000| PB 0x000000008c200000| Untracked 
| 195|0x000000008c300000, 0x000000008c300000, 0x000000008c400000|  0%| F|  |TAMS 0x000000008c300000| PB 0x000000008c300000| Untracked 
| 196|0x000000008c400000, 0x000000008c400000, 0x000000008c500000|  0%| F|  |TAMS 0x000000008c400000| PB 0x000000008c400000| Untracked 
| 197|0x000000008c500000, 0x000000008c500000, 0x000000008c600000|  0%| F|  |TAMS 0x000000008c500000| PB 0x000000008c500000| Untracked 
| 198|0x000000008c600000, 0x000000008c600000, 0x000000008c700000|  0%| F|  |TAMS 0x000000008c600000| PB 0x000000008c600000| Untracked 
| 199|0x000000008c700000, 0x000000008c700000, 0x000000008c800000|  0%| F|  |TAMS 0x000000008c700000| PB 0x000000008c700000| Untracked 
| 253|0x000000008fd00000, 0x000000008fd00000, 0x000000008fe00000|  0%| F|  |TAMS 0x000000008fd00000| PB 0x000000008fd00000| Untracked 
|2036|0x00000000ff400000, 0x00000000ff500000, 0x00000000ff500000|100%| O|  |TAMS 0x00000000ff400000| PB 0x00000000ff400000| Untracked 
|2037|0x00000000ff500000, 0x00000000ff600000, 0x00000000ff600000|100%| O|  |TAMS 0x00000000ff500000| PB 0x00000000ff500000| Untracked 
|2038|0x00000000ff600000, 0x00000000ff700000, 0x00000000ff700000|100%| O|  |TAMS 0x00000000ff600000| PB 0x00000000ff600000| Untracked 
|2039|0x00000000ff700000, 0x00000000ff800000, 0x00000000ff800000|100%| O|  |TAMS 0x00000000ff700000| PB 0x00000000ff700000| Untracked 
|2040|0x00000000ff800000, 0x00000000ff900000, 0x00000000ff900000|100%| O|  |TAMS 0x00000000ff800000| PB 0x00000000ff800000| Untracked 
|2041|0x00000000ff900000, 0x00000000ffa00000, 0x00000000ffa00000|100%| O|  |TAMS 0x00000000ff900000| PB 0x00000000ff900000| Untracked 
|2042|0x00000000ffa00000, 0x00000000ffb00000, 0x00000000ffb00000|100%| O|  |TAMS 0x00000000ffa00000| PB 0x00000000ffa00000| Untracked 
|2043|0x00000000ffb00000, 0x00000000ffc00000, 0x00000000ffc00000|100%| O|  |TAMS 0x00000000ffb00000| PB 0x00000000ffb00000| Untracked 
|2044|0x00000000ffc00000, 0x00000000ffd00000, 0x00000000ffd00000|100%| O|  |TAMS 0x00000000ffc00000| PB 0x00000000ffc00000| Untracked 
|2045|0x00000000ffd00000, 0x00000000ffd00000, 0x00000000ffe00000|  0%| F|  |TAMS 0x00000000ffd00000| PB 0x00000000ffd00000| Untracked 
|2046|0x00000000ffe00000, 0x00000000fff00000, 0x00000000fff00000|100%| O|  |TAMS 0x00000000ffe00000| PB 0x00000000ffe00000| Untracked 
|2047|0x00000000fff00000, 0x0000000100000000, 0x0000000100000000|100%| O|  |TAMS 0x00000000fff00000| PB 0x00000000fff00000| Untracked 

Card table byte_map: [0x000001d5d5c00000,0x000001d5d6000000] _byte_map_base: 0x000001d5d5800000

Marking Bits: (CMBitMap*) 0x000001d5c319c2a0
 Bits: [0x000001d5d6000000, 0x000001d5d8000000)

Polling page: 0x000001d5c1030000

Metaspace:

Usage:
  Non-class:     86.09 MB used.
      Class:     14.45 MB used.
       Both:    100.54 MB used.

Virtual space:
  Non-class space:      128.00 MB reserved,      87.12 MB ( 68%) committed,  2 nodes.
      Class space:        1.00 GB reserved,      15.50 MB (  2%) committed,  1 nodes.
             Both:        1.12 GB reserved,     102.62 MB (  9%) committed. 

Chunk freelists:
   Non-Class:  8.69 MB
       Class:  481.00 KB
        Both:  9.16 MB

MaxMetaspaceSize: unlimited
CompressedClassSpaceSize: 1.00 GB
Initial GC threshold: 21.00 MB
Current GC threshold: 144.31 MB
CDS: off
 - commit_granule_bytes: 65536.
 - commit_granule_words: 8192.
 - virtual_space_node_default_size: 8388608.
 - enlarge_chunks_in_place: 1.
 - use_allocation_guard: 0.


Internal statistics:

num_allocs_failed_limit: 12.
num_arena_births: 4160.
num_arena_deaths: 0.
num_vsnodes_births: 3.
num_vsnodes_deaths: 0.
num_space_committed: 1642.
num_space_uncommitted: 0.
num_chunks_returned_to_freelist: 12.
num_chunks_taken_from_freelist: 8525.
num_chunk_merges: 9.
num_chunk_splits: 5635.
num_chunks_enlarged: 3585.
num_inconsistent_stats: 0.

CodeHeap 'non-profiled nmethods': size=120000Kb used=5395Kb max_used=5395Kb free=114604Kb
 bounds [0x000001d5cdd80000, 0x000001d5ce2d0000, 0x000001d5d52b0000]
CodeHeap 'profiled nmethods': size=120000Kb used=15062Kb max_used=15222Kb free=104937Kb
 bounds [0x000001d5c62b0000, 0x000001d5c7190000, 0x000001d5cd7e0000]
CodeHeap 'non-nmethods': size=5760Kb used=1978Kb max_used=2000Kb free=3781Kb
 bounds [0x000001d5cd7e0000, 0x000001d5cda50000, 0x000001d5cdd80000]
CodeCache: size=245760Kb, used=22435Kb, max_used=22617Kb, free=223322Kb
 total_blobs=9220, nmethods=8359, adapters=765, full_count=0
Compilation: enabled, stopped_count=0, restarted_count=0

Compilation events (20 events):
Event: 5.937 Thread 0x000001d5df111af0 9768       1       org.jetbrains.kotlin.com.fasterxml.aalto.in.PName::getLocalName (5 bytes)
Event: 5.937 Thread 0x000001d5df111af0 nmethod 9768 0x000001d5ce2be910 code [0x000001d5ce2beaa0, 0x000001d5ce2beb68]
Event: 5.975 Thread 0x000001d5df103020 9769   !   4       java.util.concurrent.ConcurrentHashMap::computeIfAbsent (576 bytes)
Event: 5.990 Thread 0x000001d5df103020 nmethod 9769 0x000001d5ce2bec10 code [0x000001d5ce2bee80, 0x000001d5ce2c04c8]
Event: 6.035 Thread 0x000001d5df103020 9770       4       java.util.jar.JarFile::maybeInstantiateVerifier (42 bytes)
Event: 6.037 Thread 0x000001d5df103020 nmethod 9770 0x000001d5ce2c0f10 code [0x000001d5ce2c10e0, 0x000001d5ce2c1620]
Event: 6.064 Thread 0x000001d5df111af0 9771       1       org.jetbrains.kotlin.com.intellij.util.SmartList::size (5 bytes)
Event: 6.064 Thread 0x000001d5df111af0 nmethod 9771 0x000001d5ce2c1990 code [0x000001d5ce2c1b20, 0x000001d5ce2c1be8]
Event: 6.087 Thread 0x000001d5df103020 9772       4       java.lang.invoke.MethodType::dropParameterTypes (162 bytes)
Event: 6.087 Thread 0x000001d5df111af0 9773   !   3       java.lang.invoke.MemberName$Factory::resolve (159 bytes)
Event: 6.088 Thread 0x000001d5df111af0 nmethod 9773 0x000001d5c6693e10 code [0x000001d5c6694040, 0x000001d5c6694718]
Event: 6.095 Thread 0x000001d5df103020 nmethod 9772 0x000001d5ce2c1c90 code [0x000001d5ce2c1f00, 0x000001d5ce2c2c70]
Event: 6.095 Thread 0x000001d5df103020 9774       4       java.lang.invoke.MemberName::changeReferenceKind (46 bytes)
Event: 6.096 Thread 0x000001d5df103020 nmethod 9774 0x000001d5ce2c3290 code [0x000001d5ce2c3420, 0x000001d5ce2c34b8]
Event: 6.105 Thread 0x000001d5df111af0 9775       3       org.jetbrains.kotlin.com.intellij.openapi.util.ObjectNode::getObject (14 bytes)
Event: 6.105 Thread 0x000001d5df111af0 nmethod 9775 0x000001d5c6693a10 code [0x000001d5c6693bc0, 0x000001d5c6693d40]
Event: 6.111 Thread 0x000001d5df103020 9776       4       sun.invoke.util.VerifyAccess::isMemberAccessible (338 bytes)
Event: 6.114 Thread 0x000001d5df103020 nmethod 9776 0x000001d5ce2c3590 code [0x000001d5ce2c37a0, 0x000001d5ce2c3d48]
Event: 6.126 Thread 0x000001d5df103020 9777       4       java.lang.invoke.MemberName::<init> (50 bytes)
Event: 6.129 Thread 0x000001d5df103020 nmethod 9777 0x000001d5ce2c4610 code [0x000001d5ce2c47a0, 0x000001d5ce2c4cd8]

GC Heap History (20 events):
Event: 1.830 GC heap after
{Heap after GC invocations=9 (full 0):
 garbage-first heap   total 188416K, used 50236K [0x0000000080000000, 0x0000000100000000)
  region size 1024K, 6 young (6144K), 6 survivors (6144K)
 Metaspace       used 39752K, committed 40704K, reserved 1114112K
  class space    used 5435K, committed 5888K, reserved 1048576K
}
Event: 2.563 GC heap before
{Heap before GC invocations=9 (full 0):
 garbage-first heap   total 188416K, used 153660K [0x0000000080000000, 0x0000000100000000)
  region size 1024K, 107 young (109568K), 6 survivors (6144K)
 Metaspace       used 53610K, committed 55104K, reserved 1114112K
  class space    used 7514K, committed 8256K, reserved 1048576K
}
Event: 2.568 GC heap after
{Heap after GC invocations=10 (full 0):
 garbage-first heap   total 188416K, used 60805K [0x0000000080000000, 0x0000000100000000)
  region size 1024K, 14 young (14336K), 14 survivors (14336K)
 Metaspace       used 53610K, committed 55104K, reserved 1114112K
  class space    used 7514K, committed 8256K, reserved 1048576K
}
Event: 2.942 GC heap before
{Heap before GC invocations=10 (full 0):
 garbage-first heap   total 188416K, used 127365K [0x0000000080000000, 0x0000000100000000)
  region size 1024K, 79 young (80896K), 14 survivors (14336K)
 Metaspace       used 58923K, committed 60608K, reserved 1114112K
  class space    used 8346K, committed 9216K, reserved 1048576K
}
Event: 2.947 GC heap after
{Heap after GC invocations=11 (full 0):
 garbage-first heap   total 188416K, used 71029K [0x0000000080000000, 0x0000000100000000)
  region size 1024K, 8 young (8192K), 8 survivors (8192K)
 Metaspace       used 58923K, committed 60608K, reserved 1114112K
  class space    used 8346K, committed 9216K, reserved 1048576K
}
Event: 3.477 GC heap before
{Heap before GC invocations=12 (full 0):
 garbage-first heap   total 188416K, used 161141K [0x0000000080000000, 0x0000000100000000)
  region size 1024K, 96 young (98304K), 8 survivors (8192K)
 Metaspace       used 68711K, committed 70528K, reserved 1114112K
  class space    used 9818K, committed 10688K, reserved 1048576K
}
Event: 3.483 GC heap after
{Heap after GC invocations=13 (full 0):
 garbage-first heap   total 188416K, used 74881K [0x0000000080000000, 0x0000000100000000)
  region size 1024K, 4 young (4096K), 4 survivors (4096K)
 Metaspace       used 68711K, committed 70528K, reserved 1114112K
  class space    used 9818K, committed 10688K, reserved 1048576K
}
Event: 3.959 GC heap before
{Heap before GC invocations=13 (full 0):
 garbage-first heap   total 188416K, used 163969K [0x0000000080000000, 0x0000000100000000)
  region size 1024K, 92 young (94208K), 4 survivors (4096K)
 Metaspace       used 73847K, committed 75776K, reserved 1114112K
  class space    used 10570K, committed 11520K, reserved 1048576K
}
Event: 3.966 GC heap after
{Heap after GC invocations=14 (full 0):
 garbage-first heap   total 188416K, used 81540K [0x0000000080000000, 0x0000000100000000)
  region size 1024K, 10 young (10240K), 10 survivors (10240K)
 Metaspace       used 73847K, committed 75776K, reserved 1114112K
  class space    used 10570K, committed 11520K, reserved 1048576K
}
Event: 4.098 GC heap before
{Heap before GC invocations=14 (full 0):
 garbage-first heap   total 188416K, used 145028K [0x0000000080000000, 0x0000000100000000)
  region size 1024K, 74 young (75776K), 10 survivors (10240K)
 Metaspace       used 74190K, committed 76096K, reserved 1114112K
  class space    used 10586K, committed 11520K, reserved 1048576K
}
Event: 4.104 GC heap after
{Heap after GC invocations=15 (full 0):
 garbage-first heap   total 188416K, used 83929K [0x0000000080000000, 0x0000000100000000)
  region size 1024K, 9 young (9216K), 9 survivors (9216K)
 Metaspace       used 74190K, committed 76096K, reserved 1114112K
  class space    used 10586K, committed 11520K, reserved 1048576K
}
Event: 4.610 GC heap before
{Heap before GC invocations=16 (full 0):
 garbage-first heap   total 188416K, used 179161K [0x0000000080000000, 0x0000000100000000)
  region size 1024K, 93 young (95232K), 9 survivors (9216K)
 Metaspace       used 79849K, committed 81792K, reserved 1179648K
  class space    used 11263K, committed 12224K, reserved 1048576K
}
Event: 4.615 GC heap after
{Heap after GC invocations=17 (full 0):
 garbage-first heap   total 196608K, used 99690K [0x0000000080000000, 0x0000000100000000)
  region size 1024K, 10 young (10240K), 10 survivors (10240K)
 Metaspace       used 79849K, committed 81792K, reserved 1179648K
  class space    used 11263K, committed 12224K, reserved 1048576K
}
Event: 5.196 GC heap before
{Heap before GC invocations=17 (full 0):
 garbage-first heap   total 196608K, used 184682K [0x0000000080000000, 0x0000000100000000)
  region size 1024K, 87 young (89088K), 10 survivors (10240K)
 Metaspace       used 86459K, committed 88576K, reserved 1179648K
  class space    used 12223K, committed 13248K, reserved 1048576K
}
Event: 5.202 GC heap after
{Heap after GC invocations=18 (full 0):
 garbage-first heap   total 203776K, used 110607K [0x0000000080000000, 0x0000000100000000)
  region size 1024K, 7 young (7168K), 7 survivors (7168K)
 Metaspace       used 86459K, committed 88576K, reserved 1179648K
  class space    used 12223K, committed 13248K, reserved 1048576K
}
Event: 5.223 GC heap before
{Heap before GC invocations=18 (full 0):
 garbage-first heap   total 203776K, used 116751K [0x0000000080000000, 0x0000000100000000)
  region size 1024K, 14 young (14336K), 7 survivors (7168K)
 Metaspace       used 86463K, committed 88576K, reserved 1179648K
  class space    used 12223K, committed 13248K, reserved 1048576K
}
Event: 5.228 GC heap after
{Heap after GC invocations=19 (full 0):
 garbage-first heap   total 203776K, used 108166K [0x0000000080000000, 0x0000000100000000)
  region size 1024K, 7 young (7168K), 7 survivors (7168K)
 Metaspace       used 86463K, committed 88576K, reserved 1179648K
  class space    used 12223K, committed 13248K, reserved 1048576K
}
Event: 5.668 GC heap before
{Heap before GC invocations=20 (full 0):
 garbage-first heap   total 203776K, used 189062K [0x0000000080000000, 0x0000000100000000)
  region size 1024K, 85 young (87040K), 7 survivors (7168K)
 Metaspace       used 91417K, committed 93440K, reserved 1179648K
  class space    used 12890K, committed 13888K, reserved 1048576K
}
Event: 5.675 GC heap after
{Heap after GC invocations=21 (full 0):
 garbage-first heap   total 203776K, used 112672K [0x0000000080000000, 0x0000000100000000)
  region size 1024K, 5 young (5120K), 5 survivors (5120K)
 Metaspace       used 91417K, committed 93440K, reserved 1179648K
  class space    used 12890K, committed 13888K, reserved 1048576K
}
Event: 6.137 GC heap before
{Heap before GC invocations=21 (full 0):
 garbage-first heap   total 203776K, used 189472K [0x0000000080000000, 0x0000000100000000)
  region size 1024K, 80 young (81920K), 5 survivors (5120K)
 Metaspace       used 102949K, committed 105088K, reserved 1179648K
  class space    used 14795K, committed 15872K, reserved 1048576K
}

Dll operation events (3 events):
Event: 0.003 Loaded shared library D:\androidstudio\jbr\bin\java.dll
Event: 0.006 Loaded shared library D:\androidstudio\jbr\bin\zip.dll
Event: 0.295 Loaded shared library D:\androidstudio\jbr\bin\verify.dll

Deoptimization events (20 events):
Event: 5.898 Thread 0x000001d5e07928c0 Uncommon trap: trap_request=0xffffffc6 fr.pc=0x000001d5cde96f74 relative=0x0000000000000574
Event: 5.898 Thread 0x000001d5e07928c0 Uncommon trap: reason=bimorphic_or_optimized_type_check action=maybe_recompile pc=0x000001d5cde96f74 method=java.util.Collections$SetFromMap.remove(Ljava/lang/Object;)Z @ 5 c2
Event: 5.898 Thread 0x000001d5e07928c0 DEOPT PACKING pc=0x000001d5cde96f74 sp=0x00000098909f3e10
Event: 5.898 Thread 0x000001d5e07928c0 DEOPT UNPACKING pc=0x000001d5cd8343a2 sp=0x00000098909f3e08 mode 2
Event: 5.903 Thread 0x000001d5e07928c0 Uncommon trap: trap_request=0xffffff45 fr.pc=0x000001d5ce15df90 relative=0x0000000000001010
Event: 5.903 Thread 0x000001d5e07928c0 Uncommon trap: reason=unstable_if action=reinterpret pc=0x000001d5ce15df90 method=sun.nio.fs.WindowsPathParser.isSlash(C)Z @ 9 c2
Event: 5.903 Thread 0x000001d5e07928c0 DEOPT PACKING pc=0x000001d5ce15df90 sp=0x00000098909f43c0
Event: 5.903 Thread 0x000001d5e07928c0 DEOPT UNPACKING pc=0x000001d5cd8343a2 sp=0x00000098909f4308 mode 2
Event: 5.904 Thread 0x000001d5e07928c0 Uncommon trap: trap_request=0xffffff45 fr.pc=0x000001d5cde664d4 relative=0x0000000000000ab4
Event: 5.904 Thread 0x000001d5e07928c0 Uncommon trap: reason=unstable_if action=reinterpret pc=0x000001d5cde664d4 method=java.util.zip.ZipFile.getZipEntry(Ljava/lang/String;I)Ljava/util/zip/ZipEntry; @ 127 c2
Event: 5.904 Thread 0x000001d5e07928c0 DEOPT PACKING pc=0x000001d5cde664d4 sp=0x00000098909f4500
Event: 5.904 Thread 0x000001d5e07928c0 DEOPT UNPACKING pc=0x000001d5cd8343a2 sp=0x00000098909f44c0 mode 2
Event: 5.945 Thread 0x000001d5e07928c0 Uncommon trap: trap_request=0xffffff45 fr.pc=0x000001d5ce095b30 relative=0x0000000000000350
Event: 5.945 Thread 0x000001d5e07928c0 Uncommon trap: reason=unstable_if action=reinterpret pc=0x000001d5ce095b30 method=sun.invoke.util.VerifyAccess.isTypeVisible(Ljava/lang/Class;Ljava/lang/Class;)Z @ 77 c2
Event: 5.945 Thread 0x000001d5e07928c0 DEOPT PACKING pc=0x000001d5ce095b30 sp=0x00000098909f2710
Event: 5.945 Thread 0x000001d5e07928c0 DEOPT UNPACKING pc=0x000001d5cd8343a2 sp=0x00000098909f2550 mode 2
Event: 6.125 Thread 0x000001d5e07928c0 Uncommon trap: trap_request=0xffffff54 fr.pc=0x000001d5ce03451c relative=0x000000000000093c
Event: 6.125 Thread 0x000001d5e07928c0 Uncommon trap: reason=speculate_null_assert action=make_not_entrant pc=0x000001d5ce03451c method=jdk.internal.reflect.Reflection.filter([Ljava/lang/reflect/Member;Ljava/util/Set;)[Ljava/lang/reflect/Member; @ 1 c2
Event: 6.125 Thread 0x000001d5e07928c0 DEOPT PACKING pc=0x000001d5ce03451c sp=0x00000098909f43c0
Event: 6.125 Thread 0x000001d5e07928c0 DEOPT UNPACKING pc=0x000001d5cd8343a2 sp=0x00000098909f4280 mode 2

Classes loaded (20 events):
Event: 5.909 Loading class java/util/concurrent/atomic/AtomicIntegerFieldUpdater$AtomicIntegerFieldUpdaterImpl
Event: 5.909 Loading class java/util/concurrent/atomic/AtomicIntegerFieldUpdater$AtomicIntegerFieldUpdaterImpl done
Event: 5.909 Loading class java/util/concurrent/atomic/AtomicIntegerFieldUpdater$AtomicIntegerFieldUpdaterImpl$1
Event: 5.909 Loading class java/util/concurrent/atomic/AtomicIntegerFieldUpdater$AtomicIntegerFieldUpdaterImpl$1 done
Event: 5.913 Loading class java/util/concurrent/RejectedExecutionException
Event: 5.913 Loading class java/util/concurrent/RejectedExecutionException done
Event: 5.927 Loading class javax/xml/stream/Location
Event: 5.927 Loading class javax/xml/stream/Location done
Event: 5.927 Loading class java/io/CharConversionException
Event: 5.927 Loading class java/io/CharConversionException done
Event: 5.928 Loading class javax/xml/namespace/NamespaceContext
Event: 5.928 Loading class javax/xml/namespace/NamespaceContext done
Event: 5.928 Loading class javax/xml/stream/XMLStreamConstants
Event: 5.928 Loading class javax/xml/stream/XMLStreamConstants done
Event: 5.930 Loading class javax/xml/stream/XMLStreamReader
Event: 5.930 Loading class javax/xml/stream/XMLStreamReader done
Event: 5.945 Loading class javax/swing/Icon
Event: 5.945 Loading class javax/swing/Icon done
Event: 6.130 Loading class java/nio/file/DirectoryNotEmptyException
Event: 6.130 Loading class java/nio/file/DirectoryNotEmptyException done

Classes unloaded (0 events):
No events

Classes redefined (0 events):
No events

Internal exceptions (20 events):
Event: 5.709 Thread 0x000001d5e07928c0 Exception <a 'sun/nio/fs/WindowsException'{0x000000008c4bfb50}> (0x000000008c4bfb50) 
thrown [s\src\hotspot\share\prims\jni.cpp, line 537]
Event: 5.709 Thread 0x000001d5e07928c0 Exception <a 'sun/nio/fs/WindowsException'{0x000000008c4c1e80}> (0x000000008c4c1e80) 
thrown [s\src\hotspot\share\prims\jni.cpp, line 537]
Event: 5.709 Thread 0x000001d5e07928c0 Exception <a 'sun/nio/fs/WindowsException'{0x000000008c4c4e20}> (0x000000008c4c4e20) 
thrown [s\src\hotspot\share\prims\jni.cpp, line 537]
Event: 5.709 Thread 0x000001d5e07928c0 Exception <a 'sun/nio/fs/WindowsException'{0x000000008c4c6c68}> (0x000000008c4c6c68) 
thrown [s\src\hotspot\share\prims\jni.cpp, line 537]
Event: 5.711 Thread 0x000001d5e07928c0 Exception <a 'sun/nio/fs/WindowsException'{0x000000008c4e3b50}> (0x000000008c4e3b50) 
thrown [s\src\hotspot\share\prims\jni.cpp, line 537]
Event: 5.712 Thread 0x000001d5e07928c0 Exception <a 'sun/nio/fs/WindowsException'{0x000000008c4ef030}> (0x000000008c4ef030) 
thrown [s\src\hotspot\share\prims\jni.cpp, line 537]
Event: 5.713 Thread 0x000001d5e07928c0 Exception <a 'sun/nio/fs/WindowsException'{0x000000008c4fa158}> (0x000000008c4fa158) 
thrown [s\src\hotspot\share\prims\jni.cpp, line 537]
Event: 5.767 Thread 0x000001d5e07928c0 Exception <a 'sun/nio/fs/WindowsException'{0x000000008ad33fc8}> (0x000000008ad33fc8) 
thrown [s\src\hotspot\share\prims\jni.cpp, line 537]
Event: 5.768 Thread 0x000001d5e07928c0 Exception <a 'sun/nio/fs/WindowsException'{0x000000008ad36058}> (0x000000008ad36058) 
thrown [s\src\hotspot\share\prims\jni.cpp, line 537]
Event: 5.799 Thread 0x000001d5e07928c0 Exception <a 'sun/nio/fs/WindowsException'{0x000000008a7afac8}> (0x000000008a7afac8) 
thrown [s\src\hotspot\share\prims\jni.cpp, line 537]
Event: 5.823 Thread 0x000001d5e07928c0 Exception <a 'java/lang/NoSuchMethodError'{0x000000008a256ea0}: 'long java.lang.invoke.DirectMethodHandle$Holder.invokeStatic(java.lang.Object)'> (0x000000008a256ea0) 
thrown [s\src\hotspot\share\interpreter\linkResolver.cpp, line 784]
Event: 5.823 Thread 0x000001d5e07928c0 Exception <a 'java/lang/NoSuchMethodError'{0x000000008a25b9f8}: 'long java.lang.invoke.DirectMethodHandle$Holder.invokeStaticInit(java.lang.Object)'> (0x000000008a25b9f8) 
thrown [s\src\hotspot\share\interpreter\linkResolver.cpp, line 784]
Event: 5.849 Thread 0x000001d5e07928c0 Exception <a 'java/lang/NoSuchMethodError'{0x0000000089d308c0}: 'void java.lang.invoke.DirectMethodHandle$Holder.invokeStaticInit(java.lang.Object)'> (0x0000000089d308c0) 
thrown [s\src\hotspot\share\interpreter\linkResolver.cpp, line 784]
Event: 5.853 Thread 0x000001d5e07928c0 Exception <a 'java/lang/NoSuchMethodError'{0x0000000089c12c30}: 'void java.lang.invoke.DelegatingMethodHandle$Holder.reinvoke_L(java.lang.Object, java.lang.Object, java.lang.Object, long, java.lang.Object)'> (0x0000000089c12c30) 
thrown [s\src\hotspot\share\interpreter\linkResolver.cpp, line 784]
Event: 5.854 Thread 0x000001d5e07928c0 Exception <a 'java/lang/NoSuchMethodError'{0x0000000089c1b040}: 'java.lang.Object java.lang.invoke.DirectMethodHandle$Holder.invokeSpecial(java.lang.Object, java.lang.Object, java.lang.Object, java.lang.Object, long)'> (0x0000000089c1b040) 
thrown [s\src\hotspot\share\interpreter\linkResolver.cpp, line 784]
Event: 5.854 Thread 0x000001d5e07928c0 Exception <a 'java/lang/NoSuchMethodError'{0x0000000089c2b0a0}: 'int java.lang.invoke.DelegatingMethodHandle$Holder.reinvoke_L(java.lang.Object, java.lang.Object, java.lang.Object, long, java.lang.Object, java.lang.Object)'> (0x0000000089c2b0a0) 
thrown [s\src\hotspot\share\interpreter\linkResolver.cpp, line 784]
Event: 5.854 Thread 0x000001d5e07928c0 Exception <a 'java/lang/NoSuchMethodError'{0x0000000089c3a760}: 'int java.lang.invoke.DelegatingMethodHandle$Holder.reinvoke_L(java.lang.Object, java.lang.Object, java.lang.Object, long, int, int)'> (0x0000000089c3a760) 
thrown [s\src\hotspot\share\interpreter\linkResolver.cpp, line 784]
Event: 5.854 Thread 0x000001d5e07928c0 Exception <a 'java/lang/NoSuchMethodError'{0x0000000089c49bd0}: 'int java.lang.invoke.DelegatingMethodHandle$Holder.reinvoke_L(java.lang.Object, java.lang.Object, java.lang.Object, long, long, long)'> (0x0000000089c49bd0) 
thrown [s\src\hotspot\share\interpreter\linkResolver.cpp, line 784]
Event: 5.854 Thread 0x000001d5e07928c0 Exception <a 'java/lang/NoSuchMethodError'{0x0000000089c58d08}: 'int java.lang.invoke.DelegatingMethodHandle$Holder.reinvoke_L(java.lang.Object, java.lang.Object, java.lang.Object, long, int)'> (0x0000000089c58d08) 
thrown [s\src\hotspot\share\interpreter\linkResolver.cpp, line 784]
Event: 5.855 Thread 0x000001d5e07928c0 Exception <a 'java/lang/NoSuchMethodError'{0x0000000089c6be38}: 'void java.lang.invoke.DelegatingMethodHandle$Holder.reinvoke_L(java.lang.Object, java.lang.Object, java.lang.Object, long, java.lang.Object, long, long)'> (0x0000000089c6be38) 
thrown [s\src\hotspot\share\interpreter\linkResolver.cpp, line 784]

ZGC Phase Switch (0 events):
No events

VM Operations (20 events):
Event: 5.697 Executing non-safepoint VM operation: HandshakeAllThreads (Deoptimize) done
Event: 5.699 Executing non-safepoint VM operation: HandshakeAllThreads (Deoptimize)
Event: 5.699 Executing non-safepoint VM operation: HandshakeAllThreads (Deoptimize) done
Event: 5.705 Executing non-safepoint VM operation: HandshakeAllThreads (Deoptimize)
Event: 5.705 Executing non-safepoint VM operation: HandshakeAllThreads (Deoptimize) done
Event: 5.708 Executing non-safepoint VM operation: HandshakeAllThreads (Deoptimize)
Event: 5.708 Executing non-safepoint VM operation: HandshakeAllThreads (Deoptimize) done
Event: 5.730 Executing non-safepoint VM operation: HandshakeAllThreads (Deoptimize)
Event: 5.731 Executing non-safepoint VM operation: HandshakeAllThreads (Deoptimize) done
Event: 5.746 Executing non-safepoint VM operation: HandshakeAllThreads (Deoptimize)
Event: 5.746 Executing non-safepoint VM operation: HandshakeAllThreads (Deoptimize) done
Event: 5.771 Executing non-safepoint VM operation: HandshakeAllThreads (Deoptimize)
Event: 5.771 Executing non-safepoint VM operation: HandshakeAllThreads (Deoptimize) done
Event: 5.827 Executing non-safepoint VM operation: HandshakeAllThreads (Deoptimize)
Event: 5.827 Executing non-safepoint VM operation: HandshakeAllThreads (Deoptimize) done
Event: 5.878 Executing non-safepoint VM operation: HandshakeAllThreads (Deoptimize)
Event: 5.878 Executing non-safepoint VM operation: HandshakeAllThreads (Deoptimize) done
Event: 5.879 Executing non-safepoint VM operation: HandshakeAllThreads (Deoptimize)
Event: 5.879 Executing non-safepoint VM operation: HandshakeAllThreads (Deoptimize) done
Event: 6.137 Executing safepoint VM operation: G1CollectForAllocation (G1 Evacuation Pause)

Memory protections (0 events):
No events

Nmethod flushes (20 events):
Event: 5.251 Thread 0x000001d5df0548c0 flushing  nmethod 0x000001d5c6b84390
Event: 5.251 Thread 0x000001d5df0548c0 flushing  nmethod 0x000001d5c6b84810
Event: 5.251 Thread 0x000001d5df0548c0 flushing  nmethod 0x000001d5c6b89690
Event: 5.251 Thread 0x000001d5df0548c0 flushing  nmethod 0x000001d5c6b8a790
Event: 5.251 Thread 0x000001d5df0548c0 flushing  nmethod 0x000001d5c6beb190
Event: 5.251 Thread 0x000001d5df0548c0 flushing  nmethod 0x000001d5c6bebe10
Event: 5.251 Thread 0x000001d5df0548c0 flushing  nmethod 0x000001d5c6bf1690
Event: 5.251 Thread 0x000001d5df0548c0 flushing  nmethod 0x000001d5c6bf3f10
Event: 5.251 Thread 0x000001d5df0548c0 flushing  nmethod 0x000001d5c6bf4890
Event: 5.251 Thread 0x000001d5df0548c0 flushing  nmethod 0x000001d5c6bf6610
Event: 5.251 Thread 0x000001d5df0548c0 flushing  nmethod 0x000001d5c6c7dd90
Event: 5.251 Thread 0x000001d5df0548c0 flushing  nmethod 0x000001d5c6d14290
Event: 5.251 Thread 0x000001d5df0548c0 flushing  nmethod 0x000001d5c6d1dd10
Event: 5.251 Thread 0x000001d5df0548c0 flushing  nmethod 0x000001d5c6dddb90
Event: 5.251 Thread 0x000001d5df0548c0 flushing  nmethod 0x000001d5c6dde890
Event: 5.251 Thread 0x000001d5df0548c0 flushing  nmethod 0x000001d5c6dded10
Event: 5.251 Thread 0x000001d5df0548c0 flushing  nmethod 0x000001d5c6ddf810
Event: 5.251 Thread 0x000001d5df0548c0 flushing  nmethod 0x000001d5c6de3f90
Event: 5.251 Thread 0x000001d5df0548c0 flushing  nmethod 0x000001d5c6e99e90
Event: 5.251 Thread 0x000001d5df0548c0 flushing  nmethod 0x000001d5c705a210

Events (20 events):
Event: 1.960 Thread 0x000001d5e07928c0 Thread added: 0x000001d5e3901b90
Event: 2.091 Thread 0x000001d5e07928c0 Thread added: 0x000001d5e50a6580
Event: 2.118 Thread 0x000001d5e07928c0 Thread added: 0x000001d5e50a9a00
Event: 2.733 Thread 0x000001d5e07928c0 Thread added: 0x000001d5e50abad0
Event: 2.734 Thread 0x000001d5e07928c0 Thread added: 0x000001d5e50ac160
Event: 2.750 Thread 0x000001d5e07928c0 Thread added: 0x000001d5e50aadb0
Event: 2.750 Thread 0x000001d5e07928c0 Thread added: 0x000001d5e50ace80
Event: 2.816 Thread 0x000001d5e07928c0 Thread added: 0x000001d5e50ad510
Event: 2.816 Thread 0x000001d5e07928c0 Thread added: 0x000001d5e50a72a0
Event: 2.816 Thread 0x000001d5e07928c0 Thread added: 0x000001d5e50a9370
Event: 2.817 Thread 0x000001d5e07928c0 Thread added: 0x000001d5e50a6c10
Event: 2.818 Thread 0x000001d5e07928c0 Thread added: 0x000001d5e50a7fc0
Event: 2.818 Thread 0x000001d5e07928c0 Thread added: 0x000001d5e50a8650
Event: 2.818 Thread 0x000001d5e07928c0 Thread added: 0x000001d5e50a8ce0
Event: 2.818 Thread 0x000001d5e07928c0 Thread added: 0x000001d5e2c45010
Event: 3.632 Thread 0x000001d5df83b610 Thread exited: 0x000001d5df83b610
Event: 3.939 Thread 0x000001d5df111af0 Thread added: 0x000001d5e46aa3e0
Event: 4.759 Thread 0x000001d5e07928c0 Thread added: 0x000001d5e2c45d30
Event: 5.883 Thread 0x000001d5e46aa3e0 Thread exited: 0x000001d5e46aa3e0
Event: 5.883 Thread 0x000001d5df5469c0 Thread exited: 0x000001d5df5469c0


Dynamic libraries:
0x00007ff6e80f0000 - 0x00007ff6e80fa000 	D:\androidstudio\jbr\bin\java.exe
0x00007ffc697f0000 - 0x00007ffc699e8000 	C:\Windows\SYSTEM32\ntdll.dll
0x00007ffc679c0000 - 0x00007ffc67a82000 	C:\Windows\System32\KERNEL32.DLL
0x00007ffc67230000 - 0x00007ffc67526000 	C:\Windows\System32\KERNELBASE.dll
0x00007ffc67090000 - 0x00007ffc67190000 	C:\Windows\System32\ucrtbase.dll
0x00007ffc410e0000 - 0x00007ffc410f8000 	D:\androidstudio\jbr\bin\jli.dll
0x00007ffc48b80000 - 0x00007ffc48b9b000 	D:\androidstudio\jbr\bin\VCRUNTIME140.dll
0x00007ffc69500000 - 0x00007ffc696a1000 	C:\Windows\System32\USER32.dll
0x00007ffc66e50000 - 0x00007ffc66e72000 	C:\Windows\System32\win32u.dll
0x00007ffc519f0000 - 0x00007ffc51c8b000 	C:\Windows\WinSxS\amd64_microsoft.windows.common-controls_6595b64144ccf1df_6.0.19041.6456_none_60b8a6cb71f64256\COMCTL32.dll
0x00007ffc687f0000 - 0x00007ffc6881b000 	C:\Windows\System32\GDI32.dll
0x00007ffc67a90000 - 0x00007ffc67b2e000 	C:\Windows\System32\msvcrt.dll
0x00007ffc67530000 - 0x00007ffc67649000 	C:\Windows\System32\gdi32full.dll
0x00007ffc67190000 - 0x00007ffc6722d000 	C:\Windows\System32\msvcp_win.dll
0x00007ffc677e0000 - 0x00007ffc6780f000 	C:\Windows\System32\IMM32.DLL
0x00007ffc61190000 - 0x00007ffc6119c000 	D:\androidstudio\jbr\bin\vcruntime140_1.dll
0x00007ffc2d790000 - 0x00007ffc2d81d000 	D:\androidstudio\jbr\bin\msvcp140.dll
0x00007ffbcbfd0000 - 0x00007ffbccc66000 	D:\androidstudio\jbr\bin\server\jvm.dll
0x00007ffc689b0000 - 0x00007ffc68a61000 	C:\Windows\System32\ADVAPI32.dll
0x00007ffc67b30000 - 0x00007ffc67bcf000 	C:\Windows\System32\sechost.dll
0x00007ffc68650000 - 0x00007ffc68770000 	C:\Windows\System32\RPCRT4.dll
0x00007ffc677b0000 - 0x00007ffc677d7000 	C:\Windows\System32\bcrypt.dll
0x00007ffc69250000 - 0x00007ffc692bb000 	C:\Windows\System32\WS2_32.dll
0x00007ffc66d30000 - 0x00007ffc66d7b000 	C:\Windows\SYSTEM32\POWRPROF.dll
0x00007ffc5fe70000 - 0x00007ffc5fe7a000 	C:\Windows\SYSTEM32\VERSION.dll
0x00007ffc5b510000 - 0x00007ffc5b537000 	C:\Windows\SYSTEM32\WINMM.dll
0x00007ffc66d10000 - 0x00007ffc66d22000 	C:\Windows\SYSTEM32\UMPDC.dll
0x00007ffc656b0000 - 0x00007ffc656c2000 	C:\Windows\SYSTEM32\kernel.appcore.dll
0x00007ffc48b50000 - 0x00007ffc48b5a000 	D:\androidstudio\jbr\bin\jimage.dll
0x00007ffc64b20000 - 0x00007ffc64d21000 	C:\Windows\SYSTEM32\DBGHELP.DLL
0x00007ffc439f0000 - 0x00007ffc43a24000 	C:\Windows\SYSTEM32\dbgcore.DLL
0x00007ffc66fb0000 - 0x00007ffc67032000 	C:\Windows\System32\bcryptPrimitives.dll
0x00007ffc639f0000 - 0x00007ffc639fe000 	D:\androidstudio\jbr\bin\instrument.dll
0x00007ffc46450000 - 0x00007ffc46470000 	D:\androidstudio\jbr\bin\java.dll
0x00007ffc46430000 - 0x00007ffc46448000 	D:\androidstudio\jbr\bin\zip.dll
0x00007ffc68ae0000 - 0x00007ffc69250000 	C:\Windows\System32\SHELL32.dll
0x00007ffc64d70000 - 0x00007ffc65515000 	C:\Windows\SYSTEM32\windows.storage.dll
0x00007ffc67c30000 - 0x00007ffc67f84000 	C:\Windows\System32\combase.dll
0x00007ffc667a0000 - 0x00007ffc667cb000 	C:\Windows\SYSTEM32\Wldp.dll
0x00007ffc696b0000 - 0x00007ffc6977d000 	C:\Windows\System32\OLEAUT32.dll
0x00007ffc69450000 - 0x00007ffc694fd000 	C:\Windows\System32\SHCORE.dll
0x00007ffc68950000 - 0x00007ffc689ab000 	C:\Windows\System32\shlwapi.dll
0x00007ffc66d80000 - 0x00007ffc66da4000 	C:\Windows\SYSTEM32\profapi.dll
0x00007ffc48b40000 - 0x00007ffc48b50000 	D:\androidstudio\jbr\bin\net.dll
0x00007ffc5f7d0000 - 0x00007ffc5f8da000 	C:\Windows\SYSTEM32\WINHTTP.dll
0x00007ffc66500000 - 0x00007ffc6656a000 	C:\Windows\system32\mswsock.dll
0x00007ffc46040000 - 0x00007ffc46056000 	D:\androidstudio\jbr\bin\nio.dll
0x00007ffc63e10000 - 0x00007ffc63e20000 	D:\androidstudio\jbr\bin\verify.dll
0x00007ffbfed00000 - 0x00007ffbfed27000 	C:\Users\Administrator\.gradle\native\660c5614fbf4a5f2a75b1949f50a0caf5cd603558e7d8a26e50b933a0cfb79d1\windows-amd64\native-platform.dll
0x00007ffc2d710000 - 0x00007ffc2d787000 	C:\Users\Administrator\.gradle\native\0.2.8\x86_64-windows-gnu\gradle-fileevents.dll
0x00007ffc46030000 - 0x00007ffc46039000 	D:\androidstudio\jbr\bin\management.dll
0x00007ffc446d0000 - 0x00007ffc446db000 	D:\androidstudio\jbr\bin\management_ext.dll
0x00007ffc68050000 - 0x00007ffc68058000 	C:\Windows\System32\PSAPI.DLL
0x00007ffc661e0000 - 0x00007ffc6621b000 	C:\Windows\SYSTEM32\IPHLPAPI.DLL
0x00007ffc68ad0000 - 0x00007ffc68ad8000 	C:\Windows\System32\NSI.dll
0x00007ffc46420000 - 0x00007ffc46429000 	D:\androidstudio\jbr\bin\extnet.dll
0x00007ffc66700000 - 0x00007ffc66718000 	C:\Windows\SYSTEM32\CRYPTSP.dll
0x00007ffc65e20000 - 0x00007ffc65e58000 	C:\Windows\system32\rsaenh.dll
0x00007ffc66c90000 - 0x00007ffc66cbe000 	C:\Windows\SYSTEM32\USERENV.dll
0x00007ffc666f0000 - 0x00007ffc666fc000 	C:\Windows\SYSTEM32\CRYPTBASE.dll
0x00007ffc464e0000 - 0x00007ffc464e7000 	C:\Windows\system32\wshunix.dll

JVMTI agents:
C:\Users\Administrator\.gradle\wrapper\dists\gradle-9.4.1-bin\arn2x92ynaizyzdaamcbpbhtj\gradle-9.4.1\lib\agents\gradle-instrumentation-agent-9.4.1.jar path:D:\androidstudio\jbr\bin\instrument.dll, loaded, initialized, instrumentlib options:none

dbghelp: loaded successfully - version: 4.0.5 - missing functions: none
symbol engine: initialized successfully - sym options: 0x614 - pdb path: .;D:\androidstudio\jbr\bin;C:\Windows\SYSTEM32;C:\Windows\WinSxS\amd64_microsoft.windows.common-controls_6595b64144ccf1df_6.0.19041.6456_none_60b8a6cb71f64256;D:\androidstudio\jbr\bin\server;C:\Users\Administrator\.gradle\native\660c5614fbf4a5f2a75b1949f50a0caf5cd603558e7d8a26e50b933a0cfb79d1\windows-amd64;C:\Users\Administrator\.gradle\native\0.2.8\x86_64-windows-gnu

VM Arguments:
jvm_args: --add-opens=java.base/java.lang=ALL-UNNAMED --add-opens=java.base/java.lang.invoke=ALL-UNNAMED --add-opens=java.base/java.util=ALL-UNNAMED --add-opens=java.prefs/java.util.prefs=ALL-UNNAMED --add-exports=jdk.compiler/com.sun.tools.javac.api=ALL-UNNAMED --add-exports=jdk.compiler/com.sun.tools.javac.util=ALL-UNNAMED --add-opens=java.base/java.util=ALL-UNNAMED --add-opens=java.prefs/java.util.prefs=ALL-UNNAMED --add-opens=java.base/java.nio.charset=ALL-UNNAMED --add-opens=java.base/java.net=ALL-UNNAMED --add-opens=java.base/java.util.concurrent=ALL-UNNAMED --add-opens=java.base/java.util.concurrent.atomic=ALL-UNNAMED --add-opens=java.xml/javax.xml.namespace=ALL-UNNAMED --add-opens=java.base/java.time=ALL-UNNAMED -Xmx2048m -Dfile.encoding=UTF-8 -Duser.country=RU -Duser.language=ru -Duser.variant -javaagent:C:\Users\Administrator\.gradle\wrapper\dists\gradle-9.4.1-bin\arn2x92ynaizyzdaamcbpbhtj\gradle-9.4.1\lib\agents\gradle-instrumentation-agent-9.4.1.jar 
java_command: org.gradle.launcher.daemon.bootstrap.GradleDaemon 9.4.1
java_class_path (initial): C:\Users\Administrator\.gradle\wrapper\dists\gradle-9.4.1-bin\arn2x92ynaizyzdaamcbpbhtj\gradle-9.4.1\lib\gradle-daemon-main-9.4.1.jar
Launcher Type: SUN_STANDARD

[Global flags]
     intx CICompilerCount                          = 4                                         {product} {ergonomic}
     uint ConcGCThreads                            = 3                                         {product} {ergonomic}
     uint G1ConcRefinementThreads                  = 10                                        {product} {ergonomic}
   size_t G1HeapRegionSize                         = 1048576                                   {product} {ergonomic}
    uintx GCDrainStackTargetSize                   = 64                                        {product} {ergonomic}
   size_t InitialHeapSize                          = 266338304                                 {product} {ergonomic}
   size_t MarkStackSize                            = 4194304                                   {product} {ergonomic}
   size_t MaxHeapSize                              = 2147483648                                {product} {command line}
   size_t MaxNewSize                               = 1287651328                                {product} {ergonomic}
   size_t MinHeapDeltaBytes                        = 1048576                                   {product} {ergonomic}
   size_t MinHeapSize                              = 8388608                                   {product} {ergonomic}
    uintx NonNMethodCodeHeapSize                   = 5839372                                {pd product} {ergonomic}
    uintx NonProfiledCodeHeapSize                  = 122909434                              {pd product} {ergonomic}
    uintx ProfiledCodeHeapSize                     = 122909434                              {pd product} {ergonomic}
    uintx ReservedCodeCacheSize                    = 251658240                              {pd product} {ergonomic}
     bool SegmentedCodeCache                       = true                                      {product} {ergonomic}
   size_t SoftMaxHeapSize                          = 2147483648                             {manageable} {ergonomic}
     bool UseCompressedOops                        = true                           {product lp64_product} {ergonomic}
     bool UseG1GC                                  = true                                      {product} {ergonomic}
     bool UseLargePagesIndividualAllocation        = false                                  {pd product} {ergonomic}

Logging:
Log output configuration:
 #0: stdout all=warning uptime,level,tags foldmultilines=false
 #1: stderr all=off uptime,level,tags foldmultilines=false

Release file:
JAVA_VERSION="21.0.10" 
MODULES="java.base java.compiler java.datatransfer java.xml java.prefs java.desktop java.instrument java.logging java.management java.security.sasl java.naming java.rmi java.management.rmi java.net.http java.scripting java.security.jgss java.transaction.xa java.sql java.sql.rowset java.xml.crypto java.se java.smartcardio jdk.accessibility jdk.internal.jvmstat jdk.attach jdk.charsets jdk.internal.opt jdk.zipfs jdk.compiler jdk.crypto.ec jdk.crypto.cryptoki jdk.dynalink jdk.hotspot.agent jdk.httpserver jdk.internal.ed jdk.internal.le jdk.internal.vm.ci jdk.jartool jdk.javadoc jdk.jcmd jdk.jdeps jdk.jdwp.agent jdk.jdi jdk.jfr jdk.jlink jdk.jsobject jdk.localedata jdk.management jdk.management.agent jdk.management.jfr jdk.naming.dns jdk.naming.rmi jdk.net jdk.sctp jdk.security.auth jdk.security.jgss jdk.unsupported jdk.unsupported.desktop jdk.xml.dom" 
IMPLEMENTOR="JetBrains s.r.o." 
JAVA_RUNTIME_VERSION="21.0.10+-14961533-b1163.108" 
LIBC="default" 
OS_ARCH="x86_64" 
OS_NAME="Windows" 
SOURCE=".:git:1351622c2ff2" 

Environment Variables:
PATH=C:\Program Files\Microsoft MPI\Bin\;C:\Program Files (x86)\Common Files\Oracle\Java\java8path;C:\Program Files (x86)\Common Files\Oracle\Java\javapath;C:\ProgramData\Oracle\Java\javapath;C:\Windows\system32;C:\Windows;C:\Windows\System32\Wbem;C:\Windows\System32\WindowsPowerShell\v1.0\;C:\Windows\System32\OpenSSH\;C:\Program Files (x86)\NVIDIA Corporation\PhysX\Common;C:\Program Files\dotnet\;C:\Program Files\NVIDIA Corporation\NVIDIA app\NvDLISR;C:\Program Files\Microsoft SQL Server\150\Tools\Binn\;C:\Program Files\Microsoft SQL Server\Client SDK\ODBC\170\Tools\Binn\;C:\Program Files (x86)\Microsoft SQL Server\160\Tools\Binn\;C:\Program Files\Microsoft SQL Server\160\Tools\Binn\;C:\Program Files\Microsoft SQL Server\160\DTS\Binn\;C:\Program Files (x86)\Microsoft SQL Server\160\DTS\Binn\;C:\Program Files\Git\cmd;C:\Program Files\Microsoft SQL Server\170\Tools\Binn\;D:\osp\OSPanel\bin;C:\Users\Administrator\AppData\Local\Programs\Python\Python312\Scripts\;C:\Users\Administrator\AppData\Local\Programs\Python\Python312\;C:\Users\Administrator\AppData\Local\Programs\Python\Launcher\;C:\Users\Administrator\AppData\Local\Microsoft\WindowsApps;C:\msys64\ucrt64\bin;C:\Program Files\JetBrains\PyCharm Community Edition 2023.3.2\bin;;C:\Users\Administrator\AppData\Local\Programs\Microsoft VS Code\bin;C:\Users\Administrator\.dotnet\tools
USERNAME=Administrator
OS=Windows_NT
PROCESSOR_IDENTIFIER=Intel64 Family 6 Model 151 Stepping 5, GenuineIntel
TMP=C:\Users\ADMINI~1\AppData\Local\Temp
TEMP=C:\Users\ADMINI~1\AppData\Local\Temp




Periodic native trim disabled

JNI global refs:
JNI global refs: 28, weak refs: 0

JNI global refs memory usage: 835, weak refs: 833

Process memory usage:
Resident Set Size: 479776K (2% of 16614648K total physical memory with 1056916K free physical memory)

OOME stack traces (most recent first):
Classloader memory used:
Loader org.gradle.internal.classloader.VisitableURLClassLoader                         : 51503K
Loader bootstrap                                                                       : 25131K
Loader org.gradle.internal.classloader.VisitableURLClassLoader$InstrumentingVisitableURLClassLoader: 12599K
Loader org.gradle.initialization.MixInLegacyTypesClassLoader                           : 11859K
Loader org.gradle.internal.classloader.VisitableURLClassLoader                         : 1051K
Loader jdk.internal.reflect.DelegatingClassLoader                                      : 354K
Loader jdk.internal.loader.ClassLoaders$AppClassLoader                                 : 189K
Loader jdk.internal.loader.ClassLoaders$PlatformClassLoader                            : 169K
Loader org.gradle.groovy.scripts.internal.DefaultScriptCompilationHandler$ScriptClassLoader: 92640B

Classes loaded by more than one classloader:
Class Program                                                                         : loaded 4 times (x 74B)
Class com.google.common.collect.PeekingIterator                                       : loaded 3 times (x 70B)
Class com.google.common.base.Preconditions                                            : loaded 3 times (x 71B)
Class org.gradle.internal.IoActions                                                   : loaded 3 times (x 71B)
Class org.gradle.api.GradleException                                                  : loaded 3 times (x 82B)
Class org.gradle.api.Action                                                           : loaded 3 times (x 70B)
Class org.gradle.internal.Cast                                                        : loaded 3 times (x 71B)
Class com.google.common.collect.ImmutableList                                         : loaded 3 times (x 206B)
Class com.google.common.collect.Iterators$9                                           : loaded 3 times (x 81B)
Class com.google.common.collect.Lists                                                 : loaded 3 times (x 71B)
Class com.google.common.collect.ImmutableCollection                                   : loaded 3 times (x 125B)
Class com.google.common.collect.Iterators$5                                           : loaded 3 times (x 82B)
Class com.google.common.collect.Iterators$4                                           : loaded 3 times (x 82B)
Class com.google.common.collect.Iterators$1                                           : loaded 3 times (x 81B)
Class com.google.common.collect.UnmodifiableListIterator                              : loaded 3 times (x 95B)
Class com.google.common.collect.Iterators$MergingIterator                             : loaded 3 times (x 81B)
Class com.google.common.collect.AbstractIndexedListIterator                           : loaded 3 times (x 96B)
Class com.google.common.collect.AbstractIterator                                      : loaded 3 times (x 82B)
Class com.google.common.collect.Lists$StringAsImmutableList                           : loaded 3 times (x 207B)
Class com.google.common.collect.Iterators                                             : loaded 3 times (x 71B)
Class com.google.common.collect.Iterators$SingletonIterator                           : loaded 3 times (x 81B)
Class com.google.common.collect.UnmodifiableIterator                                  : loaded 3 times (x 80B)
Class com.google.common.collect.Iterators$ArrayItr                                    : loaded 3 times (x 97B)
Class com.google.common.collect.ImmutableEnumMap                                      : loaded 2 times (x 126B)
Class org.gradle.tooling.internal.gradle.DefaultProjectIdentifier                     : loaded 2 times (x 86B)
Class com.google.common.collect.Sets$1                                                : loaded 2 times (x 139B)
Class org.objectweb.asm.AnnotationVisitor                                             : loaded 2 times (x 78B)
Class org.gradle.api.internal.DefaultClassPathProvider                                : loaded 2 times (x 76B)
Class com.google.common.collect.Sets$2                                                : loaded 2 times (x 139B)
Class [Lorg.gradle.api.internal.ClassPathProvider;                                    : loaded 2 times (x 69B)
Class org.gradle.api.internal.ClassPathProvider                                       : loaded 2 times (x 70B)
Class com.google.common.collect.Sets$3                                                : loaded 2 times (x 139B)
Class com.google.common.cache.LocalCache$LocalLoadingCache                            : loaded 2 times (x 134B)
Class org.gradle.internal.service.UnknownServiceException                             : loaded 2 times (x 83B)
Class com.google.common.collect.Sets$4                                                : loaded 2 times (x 139B)
Class org.objectweb.asm.ModuleVisitor                                                 : loaded 2 times (x 81B)
Class com.google.common.cache.LocalCache$Strength$1                                   : loaded 2 times (x 81B)
Class com.google.common.util.concurrent.SettableFuture                                : loaded 2 times (x 114B)
Class com.google.common.cache.LocalCache$Strength$2                                   : loaded 2 times (x 81B)
Class com.google.common.cache.LocalCache$Strength$3                                   : loaded 2 times (x 81B)
Class com.google.common.collect.MapDifference                                         : loaded 2 times (x 70B)
Class org.objectweb.asm.FieldWriter                                                   : loaded 2 times (x 78B)
Class com.google.common.cache.CacheBuilder$NullListener                               : loaded 2 times (x 82B)
Class org.gradle.internal.classpath.TransformedClassPath                              : loaded 2 times (x 96B)
Class org.gradle.internal.classloader.InstrumentingClassLoader                        : loaded 2 times (x 70B)
Class com.google.common.cache.CacheLoader$FunctionToCacheLoader                       : loaded 2 times (x 75B)
Class com.google.common.collect.ListMultimap                                          : loaded 2 times (x 70B)
Class com.google.common.collect.ImmutableCollection$Builder                           : loaded 2 times (x 76B)
Class kotlin.enums.EnumEntriesList                                                    : loaded 2 times (x 223B)
Class com.google.common.base.MoreObjects                                              : loaded 2 times (x 71B)
Class com.google.common.collect.Platform                                              : loaded 2 times (x 71B)
Class [Lorg.objectweb.asm.Type;                                                       : loaded 2 times (x 69B)
Class [Lcom.google.common.collect.ImmutableMapEntry;                                  : loaded 2 times (x 69B)
Class org.gradle.internal.service.ServiceLocator                                      : loaded 2 times (x 70B)
Class com.google.common.base.Ascii                                                    : loaded 2 times (x 71B)
Class com.google.common.collect.SingletonImmutableBiMap                               : loaded 2 times (x 143B)
Class com.google.common.cache.LocalCache$1                                            : loaded 2 times (x 89B)
Class kotlin.collections.AbstractList$Companion                                       : loaded 2 times (x 71B)
Class com.google.common.collect.AbstractMapEntry                                      : loaded 2 times (x 81B)
Class com.intellij.gradle.toolingExtension.util.GradleVersionUtil                     : loaded 2 times (x 71B)
Class org.gradle.tooling.model.UnsupportedMethodException                             : loaded 2 times (x 82B)
Class com.google.common.collect.AbstractMultimap                                      : loaded 2 times (x 123B)
Class com.google.common.cache.LocalCache$2                                            : loaded 2 times (x 142B)
Class ijInit1_6l9dy5qe78zimjk27bm4z090c                                               : loaded 2 times (x 171B)
Class com.google.common.collect.RegularImmutableAsList                                : loaded 2 times (x 217B)
Class com.google.common.util.concurrent.AbstractFuture$Trusted                        : loaded 2 times (x 70B)
Class org.gradle.internal.classloader.DefaultClassLoaderFactory                       : loaded 2 times (x 82B)
Class com.google.common.base.Suppliers                                                : loaded 2 times (x 71B)
Class com.google.common.util.concurrent.UncheckedExecutionException                   : loaded 2 times (x 82B)
Class org.gradle.kotlin.dsl.VersionCatalogAccessorsKt                                 : loaded 2 times (x 71B)
Class org.objectweb.asm.ClassWriter                                                   : loaded 2 times (x 106B)
Class com.google.common.cache.CacheLoader$UnsupportedLoadingOperationException        : loaded 2 times (x 82B)
Class com.google.common.base.CharMatcher$And                                          : loaded 2 times (x 112B)
Class org.gradle.internal.time.DefaultTimer                                           : loaded 2 times (x 80B)
Class org.objectweb.asm.FieldVisitor                                                  : loaded 2 times (x 77B)
Class com.google.common.collect.IndexedImmutableSet                                   : loaded 2 times (x 152B)
Class com.google.common.collect.ImmutableMap$1                                        : loaded 2 times (x 81B)
Class com.google.common.collect.BiMap                                                 : loaded 2 times (x 70B)
Class org.gradle.api.internal.classpath.DefaultModuleRegistry$DefaultModule           : loaded 2 times (x 82B)
Class com.google.common.primitives.Ints                                               : loaded 2 times (x 71B)
Class [Lcom.google.common.cache.CacheBuilder$OneWeigher;                              : loaded 2 times (x 69B)
Class com.google.common.math.MathPreconditions                                        : loaded 2 times (x 71B)
Class com.google.common.collect.Multiset                                              : loaded 2 times (x 70B)
Class com.google.common.collect.ArrayListMultimapGwtSerializationDependencies         : loaded 2 times (x 172B)
Class org.objectweb.asm.MethodTooLargeException                                       : loaded 2 times (x 83B)
Class org.gradle.internal.time.DefaultCountdownTimer                                  : loaded 2 times (x 88B)
Class com.google.common.collect.ImmutableMapEntrySet                                  : loaded 2 times (x 152B)
Class org.gradle.tooling.internal.gradle.DefaultBuildIdentifier                       : loaded 2 times (x 79B)
Class org.gradle.api.internal.classpath.Module                                        : loaded 2 times (x 70B)
Class com.google.common.cache.Weigher                                                 : loaded 2 times (x 70B)
Class org.gradle.api.internal.classpath.UnknownModuleException                        : loaded 2 times (x 82B)
Class com.google.common.base.Stopwatch                                                : loaded 2 times (x 72B)
Class com.google.common.cache.LocalCache$Strength                                     : loaded 2 times (x 81B)
Class com.google.common.cache.Cache                                                   : loaded 2 times (x 70B)
Class com.google.common.util.concurrent.AbstractFuture$Cancellation                   : loaded 2 times (x 72B)
Class com.google.common.collect.ImmutableMap$Builder                                  : loaded 2 times (x 82B)
Class com.google.common.cache.RemovalListener                                         : loaded 2 times (x 70B)
Class org.gradle.tooling.internal.gradle.GradleProjectIdentity                        : loaded 2 times (x 70B)
Class org.gradle.api.internal.DefaultClassPathRegistry                                : loaded 2 times (x 76B)
Class com.google.common.primitives.IntsMethodsForWeb                                  : loaded 2 times (x 71B)
Class com.google.common.collect.Multimap                                              : loaded 2 times (x 70B)
Class org.gradle.internal.classpath.DefaultClassPath$ImmutableUniqueList              : loaded 2 times (x 199B)
Class org.gradle.api.internal.ClassPathRegistry                                       : loaded 2 times (x 70B)
Class com.google.common.cache.CacheBuilder                                            : loaded 2 times (x 72B)
Class com.google.common.collect.SingletonImmutableList                                : loaded 2 times (x 207B)
Class org.gradle.internal.operations.MultipleBuildOperationFailures                   : loaded 2 times (x 95B)
Class Settings_gradle$1                                                               : loaded 2 times (x 74B)
Class org.gradle.internal.classpath.ClassPath                                         : loaded 2 times (x 70B)
Class com.google.common.collect.ImmutableList$ReverseImmutableList                    : loaded 2 times (x 209B)
Class org.objectweb.asm.SymbolTable$Entry                                             : loaded 2 times (x 74B)
Class org.gradle.api.internal.classpath.DefaultModuleRegistry$DefaultModuleAlias      : loaded 2 times (x 80B)
Class org.objectweb.asm.Edge                                                          : loaded 2 times (x 72B)
Class com.google.common.base.Suppliers$SupplierOfInstance                             : loaded 2 times (x 79B)
Class org.objectweb.asm.ClassVisitor                                                  : loaded 2 times (x 88B)
Class org.gradle.tooling.model.Model                                                  : loaded 2 times (x 70B)
Class com.google.common.cache.LocalCache$ComputingValueReference                      : loaded 2 times (x 96B)
Class com.google.common.collect.SingletonImmutableSet                                 : loaded 2 times (x 146B)
Class com.google.common.collect.ImmutableMap$IteratorBasedImmutableMap                : loaded 2 times (x 126B)
Class kotlin.UninitializedPropertyAccessException                                     : loaded 2 times (x 82B)
Class com.google.common.cache.LocalCache$Segment                                      : loaded 2 times (x 154B)
Class sync_studio_tooling9_qxqkwugxmd47zc4azndjs6er                                   : loaded 2 times (x 171B)
Class com.google.common.collect.AbstractListMultimap                                  : loaded 2 times (x 172B)
Class [Lorg.objectweb.asm.SymbolTable$Entry;                                          : loaded 2 times (x 69B)
Class com.google.common.cache.CacheLoader                                             : loaded 2 times (x 74B)
Class [Lorg.objectweb.asm.Symbol;                                                     : loaded 2 times (x 69B)
Class com.google.common.collect.ImmutableBiMap                                        : loaded 2 times (x 143B)
Class org.gradle.api.internal.classpath.ModuleRegistry                                : loaded 2 times (x 70B)
Class org.gradle.internal.installation.GradleInstallation$1                           : loaded 2 times (x 75B)
Class com.google.common.collect.ImmutableSet$JdkBackedSetBuilderImpl                  : loaded 2 times (x 76B)
Class com.google.common.util.concurrent.internal.InternalFutureFailureAccess          : loaded 2 times (x 72B)
Class com.google.common.collect.ImmutableMap$MapViewOfValuesAsSingletonSets           : loaded 2 times (x 126B)
Class com.google.common.cache.LocalCache$LocalManualCache$1                           : loaded 2 times (x 75B)
Class com.google.common.base.CharMatcher$ForPredicate                                 : loaded 2 times (x 112B)
Class com.google.common.base.CharMatcher$AnyOf                                        : loaded 2 times (x 112B)
Class com.google.common.collect.RegularImmutableMap                                   : loaded 2 times (x 121B)
Class org.gradle.api.internal.classpath.DefaultModuleRegistry                         : loaded 2 times (x 84B)
Class com.google.common.collect.ImmutableList$1                                       : loaded 2 times (x 97B)
Class com.google.common.util.concurrent.ListenableFuture                              : loaded 2 times (x 70B)
Class com.google.common.cache.ReferenceEntry                                          : loaded 2 times (x 70B)
Class com.google.common.base.Converter                                                : loaded 2 times (x 90B)
Class com.google.common.collect.ImmutableSet$CachingAsList                            : loaded 2 times (x 148B)
Class com.google.common.collect.AbstractMapBasedMultimap                              : loaded 2 times (x 139B)
Class com.google.common.util.concurrent.AbstractFuture                                : loaded 2 times (x 106B)
Class com.google.common.base.FunctionalEquivalence                                    : loaded 2 times (x 83B)
Class com.google.common.util.concurrent.ExecutionError                                : loaded 2 times (x 82B)
Class com.google.common.collect.ImmutableAsList                                       : loaded 2 times (x 209B)
Class org.objectweb.asm.RecordComponentVisitor                                        : loaded 2 times (x 77B)
Class com.google.common.collect.ImmutableEnumSet                                      : loaded 2 times (x 146B)
Class ijInit1_6l9dy5qe78zimjk27bm4z090c$_run_closure1                                 : loaded 2 times (x 140B)
Class org.gradle.internal.time.MonotonicClock                                         : loaded 2 times (x 77B)
Class org.gradle.internal.service.ServiceLookupException                              : loaded 2 times (x 82B)
Class [Lcom.google.common.cache.LocalCache$EntryFactory;                              : loaded 2 times (x 69B)
Class org.gradle.internal.classloader.ClassLoaderFactory                              : loaded 2 times (x 70B)
Class com.google.common.cache.LocalCache$LocalManualCache                             : loaded 2 times (x 99B)
Class com.google.common.base.CharMatcher$IsNot                                        : loaded 2 times (x 111B)
Class org.gradle.internal.service.CachingServiceLocator                               : loaded 2 times (x 82B)
Class com.google.common.math.IntMath                                                  : loaded 2 times (x 71B)
Class com.google.common.collect.ImmutableMapEntry                                     : loaded 2 times (x 85B)
Class org.gradle.internal.time.TimeSource                                             : loaded 2 times (x 70B)
Class com.google.common.base.Equivalence                                              : loaded 2 times (x 82B)
Class com.google.common.base.Function                                                 : loaded 2 times (x 70B)
Class com.google.common.collect.ImmutableMapEntry$NonTerminalImmutableMapEntry        : loaded 2 times (x 85B)
Class org.gradle.tooling.internal.gradle.GradleBuildIdentity                          : loaded 2 times (x 70B)
Class kotlin.enums.EnumEntries                                                        : loaded 2 times (x 70B)
Class com.google.common.cache.CacheBuilder$OneWeigher                                 : loaded 2 times (x 82B)
Class com.google.common.collect.RegularImmutableList                                  : loaded 2 times (x 213B)
Class org.gradle.internal.exceptions.ResolutionProvider                               : loaded 2 times (x 70B)
Class org.gradle.tooling.model.ProjectIdentifier                                      : loaded 2 times (x 70B)
Class org.gradle.internal.classloader.ClasspathUtil                                   : loaded 2 times (x 71B)
Class com.google.common.util.concurrent.Uninterruptibles                              : loaded 2 times (x 71B)
Class org.jetbrains.kotlin.tooling.core.HasExtras                                     : loaded 2 times (x 70B)
Class com.google.common.util.concurrent.LazyLogger                                    : loaded 2 times (x 72B)
Class com.google.common.collect.Maps                                                  : loaded 2 times (x 71B)
Class org.gradle.internal.time.TimeSource$1                                           : loaded 2 times (x 77B)
Class kotlin.jvm.internal.DefaultConstructorMarker                                    : loaded 2 times (x 71B)
Class org.gradle.api.specs.Spec                                                       : loaded 2 times (x 70B)
Class [Lcom.google.common.collect.ImmutableEntry;                                     : loaded 2 times (x 69B)
Class com.google.common.cache.LocalCache$LoadingValueReference                        : loaded 2 times (x 96B)
Class com.intellij.gradle.toolingExtension.impl.model.utilDummyModel.DummyModel       : loaded 2 times (x 70B)
Class org.gradle.internal.time.Clock                                                  : loaded 2 times (x 70B)
Class com.google.common.collect.Maps$8                                                : loaded 2 times (x 82B)
Class sync_studio_tooling9_qxqkwugxmd47zc4azndjs6er$_run_closure1                     : loaded 2 times (x 139B)
Class kotlin.collections.AbstractList                                                 : loaded 2 times (x 197B)
Class kotlin.collections.AbstractCollection                                           : loaded 2 times (x 117B)
Class com.google.common.collect.Sets$SetView                                          : loaded 2 times (x 138B)
Class com.google.common.cache.LocalCache$StrongValueReference                         : loaded 2 times (x 90B)
Class org.jetbrains.kotlin.tooling.core.Extras                                        : loaded 2 times (x 70B)
Class org.objectweb.asm.Type                                                          : loaded 2 times (x 72B)
Class org.gradle.internal.classloader.VisitableURLClassLoader$InstrumentingVisitableURLClassLoader: loaded 2 times (x 123B)
Class com.google.common.math.IntMath$1                                                : loaded 2 times (x 71B)
Class org.objectweb.asm.ByteVector                                                    : loaded 2 times (x 79B)
Class [Lcom.google.common.cache.CacheBuilder$NullListener;                            : loaded 2 times (x 69B)
Class org.gradle.internal.classloader.VisitableURLClassLoader$Spec                    : loaded 2 times (x 74B)
Class org.gradle.internal.classpath.DefaultClassPath                                  : loaded 2 times (x 90B)
Class org.objectweb.asm.Symbol                                                        : loaded 2 times (x 73B)
Class org.gradle.util.internal.DefaultGradleVersion                                   : loaded 2 times (x 82B)
Class com.google.common.base.CharMatcher$BitSetMatcher                                : loaded 2 times (x 112B)
Class com.google.common.collect.RegularImmutableMap$Values                            : loaded 2 times (x 207B)
Class com.google.common.collect.ImmutableSet                                          : loaded 2 times (x 145B)
Class org.gradle.internal.classloader.ClassLoaderSpec                                 : loaded 2 times (x 71B)
Class org.objectweb.asm.AnnotationWriter                                              : loaded 2 times (x 79B)
Class com.google.common.cache.CacheStats                                              : loaded 2 times (x 71B)
Class org.objectweb.asm.RecordComponentWriter                                         : loaded 2 times (x 78B)
Class com.google.common.util.concurrent.AbstractFuture$Listener                       : loaded 2 times (x 72B)
Class com.google.common.base.CharMatcher$Or                                           : loaded 2 times (x 112B)
Class Settings_gradle$1$1                                                             : loaded 2 times (x 74B)
Class org.gradle.api.internal.classpath.Module$ModuleAlias                            : loaded 2 times (x 70B)
Class org.objectweb.asm.Attribute                                                     : loaded 2 times (x 77B)
Class com.google.common.base.Supplier                                                 : loaded 2 times (x 70B)
Class org.gradle.internal.classloader.VisitableURLClassLoader                         : loaded 2 times (x 117B)
Class Settings_gradle                                                                 : loaded 2 times (x 124B)
Class org.gradle.internal.classloader.ClassLoaderHierarchy                            : loaded 2 times (x 70B)
Class com.google.common.base.CharMatcher$IsEither                                     : loaded 2 times (x 111B)
Class com.google.common.collect.Sets                                                  : loaded 2 times (x 71B)
Class org.objectweb.asm.Handler                                                       : loaded 2 times (x 72B)
Class com.google.common.base.Ticker                                                   : loaded 2 times (x 72B)
Class com.google.common.base.CharMatcher$FastMatcher                                  : loaded 2 times (x 111B)
Class [Lcom.google.common.cache.LocalCache$Segment;                                   : loaded 2 times (x 69B)
Class [Lcom.google.common.cache.LocalCache$Strength;                                  : loaded 2 times (x 69B)
Class com.google.common.cache.CacheBuilder$1                                          : loaded 2 times (x 85B)
Class com.google.common.base.Predicate                                                : loaded 2 times (x 70B)
Class com.google.common.collect.ImmutableMap                                          : loaded 2 times (x 120B)
Class org.gradle.internal.classpath.DefaultClassPath$ImmutableUniqueList$Builder      : loaded 2 times (x 75B)
Class com.google.common.cache.LocalCache                                              : loaded 2 times (x 187B)
Class com.google.common.cache.CacheBuilder$2                                          : loaded 2 times (x 79B)
Class com.google.common.base.CharMatcher$NegatedFastMatcher                           : loaded 2 times (x 113B)
Class com.google.common.collect.ArrayListMultimap                                     : loaded 2 times (x 172B)
Class com.google.common.cache.CacheBuilder$3                                          : loaded 2 times (x 72B)
Class [Lcom.google.common.collect.AbstractMapEntry;                                   : loaded 2 times (x 69B)
Class com.google.common.collect.ImmutableEntry                                        : loaded 2 times (x 82B)
Class org.gradle.internal.classloader.FilteringClassLoader                            : loaded 2 times (x 105B)
Class org.gradle.internal.exceptions.NonGradleCauseExceptionsHolder                   : loaded 2 times (x 70B)
Class com.google.common.collect.CollectPreconditions                                  : loaded 2 times (x 71B)
Class com.google.common.collect.SortedMapDifference                                   : loaded 2 times (x 70B)
Class com.google.common.cache.LocalCache$EntryFactory                                 : loaded 2 times (x 83B)
Class com.google.common.cache.LocalCache$AbstractReferenceEntry                       : loaded 2 times (x 107B)
Class org.jetbrains.kotlin.tooling.core.HasMutableExtras                              : loaded 2 times (x 70B)
Class kotlin.NotImplementedError                                                      : loaded 2 times (x 82B)
Class kotlin.enums.EnumEntriesKt                                                      : loaded 2 times (x 71B)
Class org.objectweb.asm.SymbolTable                                                   : loaded 2 times (x 72B)
Class com.google.common.cache.CacheLoader$InvalidCacheLoadException                   : loaded 2 times (x 82B)
Class com.google.common.collect.ImmutableSet$RegularSetBuilderImpl                    : loaded 2 times (x 77B)
Class com.google.common.cache.LocalCache$StrongEntry                                  : loaded 2 times (x 108B)
Class com.google.common.util.concurrent.AbstractFuture$TrustedFuture                  : loaded 2 times (x 114B)
Class com.google.common.cache.LoadingCache                                            : loaded 2 times (x 70B)
Class org.gradle.internal.exceptions.MultiCauseException                              : loaded 2 times (x 70B)
Class org.gradle.internal.time.CountdownTimer                                         : loaded 2 times (x 70B)
Class kotlin.jvm.internal.Intrinsics                                                  : loaded 2 times (x 71B)
Class org.objectweb.asm.MethodWriter                                                  : loaded 2 times (x 106B)
Class [Lcom.google.common.cache.Weigher;                                              : loaded 2 times (x 69B)
Class com.google.common.collect.RegularImmutableMap$BucketOverflowException           : loaded 2 times (x 82B)
Class org.gradle.tooling.model.ProjectModel                                           : loaded 2 times (x 70B)
Class kotlin.KotlinNullPointerException                                               : loaded 2 times (x 83B)
Class com.google.common.collect.RegularImmutableBiMap                                 : loaded 2 times (x 149B)
Class com.google.common.cache.LocalCache$ValueReference                               : loaded 2 times (x 70B)
Class com.google.common.base.CharMatcher$Negated                                      : loaded 2 times (x 113B)
Class com.google.common.base.CharMatcher$Is                                           : loaded 2 times (x 111B)
Class org.gradle.internal.exceptions.DefaultMultiCauseException                       : loaded 2 times (x 95B)
Class com.google.common.util.concurrent.AbstractFuture$Failure                        : loaded 2 times (x 72B)
Class com.google.common.base.Equivalence$Equals                                       : loaded 2 times (x 82B)
Class com.google.common.collect.Hashing                                               : loaded 2 times (x 71B)
Class com.google.common.collect.RegularImmutableMap$KeySet                            : loaded 2 times (x 152B)
Class org.objectweb.asm.Label                                                         : loaded 2 times (x 73B)
Class org.objectweb.asm.CurrentFrame                                                  : loaded 2 times (x 73B)
Class org.objectweb.asm.ClassTooLargeException                                        : loaded 2 times (x 83B)
Class com.google.common.base.CharMatcher                                              : loaded 2 times (x 111B)
Class com.google.common.base.Equivalence$Identity                                     : loaded 2 times (x 82B)
Class org.gradle.internal.time.Time                                                   : loaded 2 times (x 71B)
Class org.objectweb.asm.Frame                                                         : loaded 2 times (x 73B)
Class org.objectweb.asm.MethodVisitor                                                 : loaded 2 times (x 105B)
Class com.google.common.cache.LocalCache$EntryFactory$1                               : loaded 2 times (x 83B)
Class [Lcom.google.common.cache.RemovalListener;                                      : loaded 2 times (x 69B)
Class com.google.common.base.CharMatcher$NamedFastMatcher                             : loaded 2 times (x 112B)
Class com.google.common.base.CharMatcher$1                                            : loaded 2 times (x 113B)
Class com.google.common.cache.LocalCache$EntryFactory$2                               : loaded 2 times (x 83B)
Class org.objectweb.asm.ModuleWriter                                                  : loaded 2 times (x 82B)
Class com.google.common.cache.LocalCache$EntryFactory$3                               : loaded 2 times (x 83B)
Class com.google.common.base.Ticker$1                                                 : loaded 2 times (x 72B)
Class com.google.common.collect.Maps$BiMapConverter                                   : loaded 2 times (x 90B)
Class com.google.common.collect.ImmutableMapEntrySet$RegularEntrySet                  : loaded 2 times (x 152B)
Class org.gradle.tooling.model.BuildIdentifier                                        : loaded 2 times (x 70B)
Class kotlin.NoWhenBranchMatchedException                                             : loaded 2 times (x 82B)
Class com.google.common.collect.ImmutableSet$Builder                                  : loaded 2 times (x 85B)
Class com.google.common.cache.LocalCache$EntryFactory$4                               : loaded 2 times (x 83B)
Class com.google.common.base.CharMatcher$InRange                                      : loaded 2 times (x 111B)
Class com.google.common.cache.LocalCache$EntryFactory$5                               : loaded 2 times (x 83B)
Class com.google.common.cache.LocalCache$EntryFactory$6                               : loaded 2 times (x 83B)
Class Build_gradle                                                                    : loaded 2 times (x 72B)
Class org.gradle.internal.time.Timer                                                  : loaded 2 times (x 70B)
Class kotlin.jvm.internal.markers.KMappedMarker                                       : loaded 2 times (x 70B)
Class org.gradle.internal.installation.CurrentGradleInstallationLocator               : loaded 2 times (x 71B)
Class com.google.common.collect.ImmutableSet$EmptySetBuilderImpl                      : loaded 2 times (x 76B)
Class com.google.common.cache.LocalCache$EntryFactory$7                               : loaded 2 times (x 83B)
Class com.google.common.cache.CacheLoader$SupplierToCacheLoader                       : loaded 2 times (x 75B)
Class org.gradle.internal.service.DefaultServiceLocator                               : loaded 2 times (x 83B)
Class com.google.common.cache.LocalCache$EntryFactory$8                               : loaded 2 times (x 83B)
Class com.google.common.collect.ImmutableSet$SetBuilderImpl                           : loaded 2 times (x 76B)
Class org.gradle.util.GradleVersion                                                   : loaded 2 times (x 81B)
Class org.gradle.internal.installation.CurrentGradleInstallation                      : loaded 2 times (x 73B)
Class com.google.common.cache.CacheLoader$1                                           : loaded 2 times (x 75B)
Class com.google.common.collect.ImmutableList$SubList                                 : loaded 2 times (x 209B)
Class org.gradle.util.internal.GUtil                                                  : loaded 2 times (x 71B)
Class com.google.common.cache.AbstractCache$StatsCounter                              : loaded 2 times (x 70B)
Class com.google.common.base.PairwiseEquivalence                                      : loaded 2 times (x 83B)
Class com.google.common.collect.RegularImmutableSet                                   : loaded 2 times (x 149B)
Class org.gradle.internal.installation.GradleInstallation                             : loaded 2 times (x 75B)

---------------  S Y S T E M  ---------------

OS:
 Windows 10 , 64 bit Build 19041 (10.0.19041.5915)
OS uptime: 0 days 9:44 hours

CPU: total 12 (initial active 12) (6 cores per cpu, 2 threads per core) family 6 model 151 stepping 5 microcode 0x26, cx8, cmov, fxsr, ht, mmx, 3dnowpref, sse, sse2, sse3, ssse3, sse4.1, sse4.2, popcnt, lzcnt, tsc, tscinvbit, avx, avx2, aes, erms, clmul, bmi1, bmi2, adx, sha, fma, vzeroupper, clflush, clflushopt, clwb, serialize, rdtscp, rdpid, fsrm, f16c, pku, cet_ibt, cet_ss
Processor Information for the first 12 processors :
  Max Mhz: 2500, Current Mhz: 2500, Mhz Limit: 2500

Memory: 4k page, system-wide physical 16225M (1032M free)
TotalPageFile size 24225M (AvailPageFile size 22M)
current process WorkingSet (physical memory assigned to process): 468M, peak: 469M
current process commit charge ("private bytes"): 526M, peak: 579M

vm_info: OpenJDK 64-Bit Server VM (21.0.10+-14961533-b1163.108) for windows-amd64 JRE (21.0.10+-14961533-b1163.108), built on 2026-03-02T19:58:50Z by "builder" with MS VC++ 16.10 / 16.11 (VS2019)

END.
